x_raw,y_calibrated
0.1794125103,0.6000000000
0.1961844707,0.6000000000
0.2039141521,0.6000000000
0.2045878712,0.6000000000
0.2186291071,0.6000000000
0.2187562192,0.6000000000
0.2189455858,0.6000000000
0.2195155865,0.6000000000
0.2258306212,0.6000000000
0.2269401948,0.6000000000
0.2271030873,0.7000000000
0.2283656752,0.7000000000
0.2331504500,0.7000000000
0.2335505480,0.7000000000
0.2342004423,0.7000000000
0.2366030821,0.7000000000
0.2382234681,0.7000000000
0.2388236517,0.7000000000
0.2403627015,0.7000000000
0.2404350712,0.7000000000
0.2409492821,0.7000000000
0.2412656362,0.7000000000
0.2417901158,0.7000000000
0.2419403865,0.7000000000
0.2433603325,0.7000000000
0.2450622136,0.7000000000
0.2451162183,0.7000000000
0.2451305703,0.7000000000
0.2456265907,0.7000000000
0.2458291943,0.7000000000
0.2462353355,0.7000000000
0.2506932714,0.7000000000
0.2507012809,0.7000000000
0.2513686650,0.7000000000
0.2527948297,0.7000000000
0.2535159495,0.7000000000
0.2536175025,0.7000000000
0.2537033008,0.7000000000
0.2556380319,0.7000000000
0.2575315869,0.7000000000
0.2576048520,0.7083333333
0.2579931512,0.7083333333
0.2587006500,0.7083333333
0.2623554434,0.7083333333
0.2626344609,0.7083333333
0.2629840470,0.7083333333
0.2637061657,0.7083333333
0.2644838709,0.7083333333
0.2653030882,0.7083333333
0.2655527932,0.7083333333
0.2659890561,0.7083333333
0.2673493520,0.7083333333
0.2680559532,0.7083333333
0.2684199640,0.7083333333
0.2686779287,0.7083333333
0.2688530564,0.7083333333
0.2695895439,0.7083333333
0.2697520219,0.7083333333
0.2698698101,0.7083333333
0.2701036817,0.7083333333
0.2702235628,0.7083333333
0.2704599814,0.7083333333
0.2706641140,0.7083333333
0.2709149555,0.7083333333
0.2713380813,0.7260869565
0.2716381285,0.7260869565
0.2730742138,0.7260869565
0.2733642867,0.7260869565
0.2738749568,0.7260869565
0.2738777034,0.7260869565
0.2739095135,0.7260869565
0.2739102758,0.7260869565
0.2747832266,0.7260869565
0.2751720666,0.7260869565
0.2752718635,0.7260869565
0.2753820843,0.7260869565
0.2758169240,0.7260869565
0.2762124032,0.7260869565
0.2765275291,0.7260869565
0.2773805112,0.7260869565
0.2777721657,0.7260869565
0.2786274074,0.7260869565
0.2787081132,0.7260869565
0.2789680551,0.7260869565
0.2792813506,0.7260869565
0.2792968736,0.7260869565
0.2794622545,0.7260869565
0.2801294233,0.7260869565
0.2809685844,0.7260869565
0.2813173837,0.7260869565
0.2813281532,0.7260869565
0.2815591149,0.7260869565
0.2817152111,0.7260869565
0.2819809972,0.7260869565
0.2821070989,0.7260869565
0.2821660281,0.7260869565
0.2827034873,0.7260869565
0.2828542517,0.7260869565
0.2830144697,0.7260869565
0.2830390153,0.7260869565
0.2832342417,0.7260869565
0.2834631035,0.7260869565
0.2836532792,0.7260869565
0.2837332233,0.7260869565
0.2847300888,0.7260869565
0.2849178157,0.7260869565
0.2850192948,0.7260869565
0.2858501544,0.7260869565
0.2859127504,0.7260869565
0.2859266779,0.7260869565
0.2860639363,0.7260869565
0.2864750257,0.7260869565
0.2865077551,0.7260869565
0.2866080707,0.7260869565
0.2867896541,0.7260869565
0.2869735812,0.7260869565
0.2884941038,0.7260869565
0.2888395722,0.7260869565
0.2889794647,0.7260869565
0.2895994228,0.7260869565
0.2897911531,0.7260869565
0.2900590272,0.7260869565
0.2903305132,0.7260869565
0.2908574996,0.7260869565
0.2909204432,0.7260869565
0.2914971357,0.7260869565
0.2920719777,0.7260869565
0.2922542627,0.7260869565
0.2937648466,0.7260869565
0.2938214944,0.7260869565
0.2941522923,0.7260869565
0.2941830313,0.7260869565
0.2942170390,0.7260869565
0.2942592359,0.7260869565
0.2947120955,0.7260869565
0.2947135088,0.7260869565
0.2949450015,0.7260869565
0.2950711684,0.7260869565
0.2950993027,0.7260869565
0.2954358497,0.7260869565
0.2955707123,0.7260869565
0.2958138143,0.7260869565
0.2960323136,0.7260869565
0.2963128633,0.7260869565
0.2965271560,0.7260869565
0.2965482555,0.7260869565
0.2965490692,0.7260869565
0.2973722883,0.7260869565
0.2973930324,0.7260869565
0.2974406891,0.7260869565
0.2975596226,0.7260869565
0.2977348183,0.7260869565
0.2983760240,0.7260869565
0.2985313964,0.7260869565
0.2985330405,0.7260869565
0.2986246825,0.7260869565
0.2986705681,0.7260869565
0.2986719659,0.7260869565
0.2990681756,0.7260869565
0.2991122947,0.7260869565
0.2991617863,0.7260869565
0.2992032227,0.7260869565
0.2994989232,0.7260869565
0.2998611212,0.7260869565
0.3005978909,0.7260869565
0.3008046198,0.7260869565
0.3009990293,0.7260869565
0.3010099280,0.7260869565
0.3010512763,0.7260869565
0.3012071194,0.7260869565
0.3013514995,0.7260869565
0.3014048066,0.7260869565
0.3015405431,0.7260869565
0.3015502572,0.7260869565
0.3016948957,0.7260869565
0.3017451992,0.7260869565
0.3019873627,0.7260869565
0.3022051605,0.7260869565
0.3024300139,0.7260869565
0.3031707895,0.7260869565
0.3033399899,0.7260869565
0.3034399724,0.7260869565
0.3038395610,0.7260869565
0.3038488024,0.7260869565
0.3040570611,0.7260869565
0.3041827367,0.7260869565
0.3042331504,0.7260869565
0.3042738108,0.7260869565
0.3046169930,0.7260869565
0.3046795375,0.7260869565
0.3047235829,0.7260869565
0.3053945730,0.7260869565
0.3055993154,0.7260869565
0.3057919181,0.7260869565
0.3058083633,0.7260869565
0.3060228755,0.7260869565
0.3060484331,0.7260869565
0.3067806158,0.7260869565
0.3069573255,0.7260869565
0.3070003328,0.7260869565
0.3075656910,0.7260869565
0.3077205128,0.7260869565
0.3077498349,0.7260869565
0.3077635706,0.7260869565
0.3081298251,0.7260869565
0.3083848257,0.7260869565
0.3088168914,0.7260869565
0.3088264605,0.7260869565
0.3090252590,0.7260869565
0.3090867359,0.7260869565
0.3093048633,0.7260869565
0.3093969111,0.7260869565
0.3094064680,0.7260869565
0.3094724776,0.7260869565
0.3095114318,0.7260869565
0.3097046958,0.7260869565
0.3097173163,0.7260869565
0.3102771093,0.7260869565
0.3104172609,0.7260869565
0.3105051434,0.7260869565
0.3107675557,0.7260869565
0.3108750869,0.7260869565
0.3108816471,0.7260869565
0.3109745963,0.7260869565
0.3117491582,0.7260869565
0.3117548583,0.7260869565
0.3119753341,0.7260869565
0.3125344984,0.7260869565
0.3126589079,0.7260869565
0.3126974760,0.7260869565
0.3131710316,0.7260869565
0.3134011081,0.7260869565
0.3139063879,0.7260869565
0.3141634033,0.7260869565
0.3141844454,0.7260869565
0.3142221824,0.7260869565
0.3142254194,0.7260869565
0.3144075802,0.7260869565
0.3144898055,0.7260869565
0.3145424476,0.7260869565
0.3153452697,0.7260869565
0.3162012127,0.7260869565
0.3162547797,0.7260869565
0.3162772810,0.7260869565
0.3164185462,0.7260869565
0.3164682374,0.7260869565
0.3165202508,0.7260869565
0.3166485769,0.7260869565
0.3168223702,0.7260869565
0.3168676991,0.7260869565
0.3171021996,0.7260869565
0.3172239446,0.7260869565
0.3172772986,0.7260869565
0.3175916173,0.7260869565
0.3177016154,0.7260869565
0.3178154722,0.7260869565
0.3180437984,0.7260869565
0.3180998534,0.7260869565
0.3181487859,0.7260869565
0.3181545917,0.7260869565
0.3184137763,0.7260869565
0.3184542782,0.7260869565
0.3184552075,0.7260869565
0.3184650045,0.7260869565
0.3188044370,0.7260869565
0.3188291247,0.7260869565
0.3188800372,0.7260869565
0.3191238928,0.7260869565
0.3191298614,0.7260869565
0.3196721320,0.7260869565
0.3196746959,0.7260869565
0.3198871789,0.7260869565
0.3199374812,0.7260869565
0.3201530830,0.7260869565
0.3201555231,0.7260869565
0.3201714214,0.7260869565
0.3202163272,0.7260869565
0.3202957849,0.7260869565
0.3205535965,0.7260869565
0.3209328825,0.7260869565
0.3210062910,0.7260869565
0.3210114421,0.7260869565
0.3210926884,0.7260869565
0.3211047391,0.7260869565
0.3211416190,0.7260869565
0.3213548539,0.7260869565
0.3214767399,0.7260869565
0.3214780838,0.7260869565
0.3220164424,0.7260869565
0.3221660687,0.7260869565
0.3221677646,0.7260869565
0.3222373416,0.7260869565
0.3223885596,0.7260869565
0.3224878736,0.7260869565
0.3226010944,0.7260869565
0.3226587440,0.7260869565
0.3227158914,0.7260869565
0.3229485151,0.7260869565
0.3230924504,0.7260869565
0.3231096464,0.7260869565
0.3232411691,0.7260869565
0.3235046851,0.7260869565
0.3238281104,0.7260869565
0.3238491017,0.7260869565
0.3240240320,0.7260869565
0.3240881105,0.7260869565
0.3242829198,0.7260869565
0.3242973175,0.7260869565
0.3243292106,0.7260869565
0.3244354531,0.7260869565
0.3246079047,0.7260869565
0.3246243534,0.7260869565
0.3250500889,0.7260869565
0.3250555947,0.7260869565
0.3251133479,0.7260869565
0.3251145228,0.7260869565
0.3252513848,0.7260869565
0.3253162945,0.7260869565
0.3255130528,0.7260869565
0.3261108543,0.7260869565
0.3261561059,0.7260869565
0.3262487618,0.7260869565
0.3266117622,0.7260869565
0.3266967921,0.7260869565
0.3269083878,0.7260869565
0.3269678546,0.7260869565
0.3273301824,0.7260869565
0.3273494259,0.7260869565
0.3273524711,0.7260869565
0.3275032921,0.7260869565
0.3275286972,0.7260869565
0.3277015090,0.7260869565
0.3277594292,0.7260869565
0.3281213527,0.7260869565
0.3281830871,0.7260869565
0.3286895644,0.7260869565
0.3287806237,0.7260869565
0.3289332470,0.7260869565
0.3289929567,0.7260869565
0.3290694301,0.7260869565
0.3292325760,0.7260869565
0.3293950109,0.7260869565
0.3294862963,0.7260869565
0.3297222587,0.7260869565
0.3298942814,0.7260869565
0.3299005638,0.7260869565
0.3300338164,0.7260869565
0.3304509542,0.7260869565
0.3306003671,0.7260869565
0.3306891029,0.7260869565
0.3307151829,0.7260869565
0.3308192615,0.7260869565
0.3311846964,0.7260869565
0.3312194912,0.7260869565
0.3312519535,0.7260869565
0.3315473127,0.7260869565
0.3316599494,0.7260869565
0.3317334457,0.7260869565
0.3317756912,0.7260869565
0.3317944973,0.7260869565
0.3320010140,0.7260869565
0.3321790524,0.7260869565
0.3323042834,0.7260869565
0.3324439703,0.7260869565
0.3324621690,0.7260869565
0.3325121843,0.7260869565
0.3326461566,0.7260869565
0.3326935218,0.7260869565
0.3328173936,0.7260869565
0.3330253053,0.7260869565
0.3331578096,0.7260869565
0.3333007802,0.7260869565
0.3333610559,0.7260869565
0.3334058734,0.7260869565
0.3336623194,0.7260869565
0.3338383317,0.7260869565
0.3338760091,0.7260869565
0.3339452980,0.7260869565
0.3340199015,0.7260869565
0.3341171086,0.7260869565
0.3341678063,0.7260869565
0.3346961950,0.7260869565
0.3347573344,0.7260869565
0.3348132765,0.7260869565
0.3348579731,0.7260869565
0.3352736724,0.7260869565
0.3354915082,0.7260869565
0.3357117841,0.7260869565
0.3357404863,0.7260869565
0.3358176880,0.7260869565
0.3358430038,0.7260869565
0.3359394145,0.7260869565
0.3359499015,0.7260869565
0.3360918805,0.7260869565
0.3362553603,0.7260869565
0.3365490612,0.7260869565
0.3365653485,0.7260869565
0.3365834665,0.7260869565
0.3366089706,0.7260869565
0.3366243082,0.7260869565
0.3366435763,0.7260869565
0.3367364375,0.7260869565
0.3368348221,0.7260869565
0.3369200709,0.7260869565
0.3369208987,0.7260869565
0.3370434915,0.7260869565
0.3370622018,0.7260869565
0.3371732908,0.7260869565
0.3373221790,0.7260869565
0.3375610502,0.7260869565
0.3377141632,0.7260869565
0.3377704476,0.7260869565
0.3380607260,0.7260869565
0.3380889799,0.7260869565
0.3381103369,0.7260869565
0.3381880592,0.7260869565
0.3382501163,0.7260869565
0.3383801553,0.7260869565
0.3385425780,0.7260869565
0.3385626403,0.7260869565
0.3387363341,0.7260869565
0.3388536273,0.7260869565
0.3389119848,0.7260869565
0.3389342941,0.7260869565
0.3389493347,0.7260869565
0.3390599111,0.7260869565
0.3394035552,0.7260869565
0.3394939944,0.7260869565
0.3396397871,0.7260869565
0.3396703791,0.7260869565
0.3398234383,0.7260869565
0.3398967938,0.7260869565
0.3402586412,0.7260869565
0.3402587713,0.7260869565
0.3403148243,0.7260869565
0.3406250706,0.7260869565
0.3409233785,0.7260869565
0.3409822375,0.7260869565
0.3411101994,0.7260869565
0.3412631659,0.7260869565
0.3413389446,0.7260869565
0.3414314561,0.7260869565
0.3415843105,0.7260869565
0.3416226998,0.7260869565
0.3416320133,0.7260869565
0.3416635917,0.7260869565
0.3416796256,0.7260869565
0.3419862448,0.7260869565
0.3420311368,0.7260869565
0.3421632321,0.7260869565
0.3423113916,0.7260869565
0.3423131946,0.7260869565
0.3425768843,0.7260869565
0.3429220660,0.7260869565
0.3429751075,0.7260869565
0.3431311669,0.7260869565
0.3432363008,0.7260869565
0.3434211030,0.7260869565
0.3437141137,0.7260869565
0.3438386657,0.7260869565
0.3440909912,0.7260869565
0.3440948422,0.7260869565
0.3441110621,0.7260869565
0.3442642056,0.7260869565
0.3443596236,0.7260869565
0.3444362995,0.7260869565
0.3444487253,0.7260869565
0.3444989671,0.7260869565
0.3446172840,0.7260869565
0.3446476734,0.7260869565
0.3448029677,0.7260869565
0.3448459405,0.7260869565
0.3449041199,0.7260869565
0.3449748621,0.7260869565
0.3450193074,0.7260869565
0.3451735446,0.7260869565
0.3452474294,0.7260869565
0.3453679805,0.7260869565
0.3454795806,0.7260869565
0.3456248952,0.7260869565
0.3456835136,0.7260869565
0.3457070508,0.7260869565
0.3457416122,0.7260869565
0.3458482378,0.7260869565
0.3459743940,0.7260869565
0.3460064951,0.7260869565
0.3463123308,0.7260869565
0.3465414067,0.7260869565
0.3467233910,0.7260869565
0.3467727814,0.7260869565
0.3467914546,0.7260869565
0.3468622033,0.7260869565
0.3469970325,0.7260869565
0.3470047379,0.7260869565
0.3470059940,0.7260869565
0.3472998859,0.7260869565
0.3474922201,0.7260869565
0.3475000621,0.7260869565
0.3476930017,0.7260869565
0.3477294327,0.7260869565
0.3478447003,0.7260869565
0.3478850164,0.7260869565
0.3479248707,0.7260869565
0.3479747929,0.7260869565
0.3481263253,0.7260869565
0.3482507162,0.7260869565
0.3482791164,0.7260869565
0.3482802939,0.7260869565
0.3483245230,0.7260869565
0.3483369086,0.7260869565
0.3485058032,0.7260869565
0.3486377371,0.7260869565
0.3488586490,0.7260869565
0.3488721504,0.7260869565
0.3488849955,0.7260869565
0.3488961997,0.7260869565
0.3489256003,0.7260869565
0.3489887092,0.7260869565
0.3490079002,0.7260869565
0.3491570864,0.7260869565
0.3492025150,0.7260869565
0.3492838485,0.7260869565
0.3493697715,0.7260869565
0.3495710294,0.7260869565
0.3498412033,0.7260869565
0.3498831836,0.7260869565
0.3499311906,0.7260869565
0.3500079882,0.7260869565
0.3500195579,0.7260869565
0.3500912381,0.7260869565
0.3502362281,0.7260869565
0.3502645766,0.7260869565
0.3504287014,0.7260869565
0.3505723029,0.7260869565
0.3505913723,0.7260869565
0.3506421634,0.7260869565
0.3507381164,0.7260869565
0.3511093697,0.7260869565
0.3512274654,0.7260869565
0.3512398209,0.7260869565
0.3513298484,0.7260869565
0.3515769302,0.7260869565
0.3516417149,0.7260869565
0.3516775955,0.7260869565
0.3517204378,0.7260869565
0.3517625917,0.7260869565
0.3517688642,0.7260869565
0.3518786110,0.7260869565
0.3519033260,0.7260869565
0.3521448965,0.7260869565
0.3521627200,0.7260869565
0.3522124886,0.7260869565
0.3523177189,0.7260869565
0.3524620661,0.7260869565
0.3525760422,0.7260869565
0.3525826559,0.7260869565
0.3527848180,0.7260869565
0.3527938184,0.7260869565
0.3530903838,0.7260869565
0.3531077528,0.7260869565
0.3532522818,0.7260869565
0.3532795451,0.7260869565
0.3536428707,0.7260869565
0.3537833219,0.7260869565
0.3538078936,0.7260869565
0.3539862077,0.7260869565
0.3540054664,0.7260869565
0.3540831744,0.7260869565
0.3540998893,0.7260869565
0.3541230377,0.7260869565
0.3541729433,0.7260869565
0.3541813160,0.7260869565
0.3544161124,0.7260869565
0.3544388745,0.7260869565
0.3544674310,0.7260869565
0.3545344738,0.7260869565
0.3547191064,0.7260869565
0.3549679010,0.7260869565
0.3550336419,0.7260869565
0.3552150478,0.7260869565
0.3553542554,0.7260869565
0.3554184931,0.7260869565
0.3554658091,0.7260869565
0.3556467261,0.7260869565
0.3556517686,0.7260869565
0.3556879435,0.7260869565
0.3557362931,0.7260869565
0.3557876288,0.7260869565
0.3558137021,0.7260869565
0.3559000674,0.7260869565
0.3560594171,0.7260869565
0.3561653612,0.7260869565
0.3561804950,0.7260869565
0.3563140216,0.7260869565
0.3565879777,0.7260869565
0.3566111209,0.7260869565
0.3567511670,0.7260869565
0.3567847554,0.7260869565
0.3569382525,0.7260869565
0.3572219014,0.7260869565
0.3573644588,0.7260869565
0.3574232403,0.7260869565
0.3574438920,0.7260869565
0.3574694684,0.7260869565
0.3574727424,0.7260869565
0.3574876829,0.7260869565
0.3574892692,0.7260869565
0.3578008088,0.7260869565
0.3579044555,0.7260869565
0.3579776409,0.7260869565
0.3579832657,0.7260869565
0.3580413727,0.7260869565
0.3581120935,0.7260869565
0.3581174491,0.7260869565
0.3581602247,0.7260869565
0.3583069038,0.7260869565
0.3584540707,0.7260869565
0.3584743440,0.7260869565
0.3586605321,0.7260869565
0.3587982947,0.7260869565
0.3588354227,0.7260869565
0.3590697713,0.7260869565
0.3591355285,0.7260869565
0.3593030919,0.7260869565
0.3595615407,0.7260869565
0.3599540220,0.7260869565
0.3599724652,0.7260869565
0.3600827528,0.7260869565
0.3604559590,0.7260869565
0.3604618066,0.7260869565
0.3605328939,0.7260869565
0.3607043287,0.7260869565
0.3609915052,0.7260869565
0.3610307695,0.7260869565
0.3612420175,0.7260869565
0.3612773084,0.7260869565
0.3613022951,0.7260869565
0.3614697121,0.7260869565
0.3615322822,0.7260869565
0.3615485331,0.7260869565
0.3615696337,0.7260869565
0.3618273544,0.7260869565
0.3618562105,0.7260869565
0.3619363783,0.7260869565
0.3619394061,0.7260869565
0.3619550627,0.7260869565
0.3623120451,0.7260869565
0.3623189991,0.7260869565
0.3626353649,0.7260869565
0.3627388373,0.7260869565
0.3629224645,0.7260869565
0.3629272130,0.7260869565
0.3633034413,0.7260869565
0.3635052727,0.7260869565
0.3638540995,0.7260869565
0.3639304027,0.7260869565
0.3639403254,0.7260869565
0.3640211307,0.7260869565
0.3642933776,0.7260869565
0.3643846185,0.7260869565
0.3643848177,0.7260869565
0.3644175124,0.7260869565
0.3645283407,0.7260869565
0.3646277756,0.7260869565
0.3646463532,0.7260869565
0.3646484339,0.7260869565
0.3647181833,0.7260869565
0.3650223758,0.7260869565
0.3652429296,0.7260869565
0.3653409249,0.7260869565
0.3655061083,0.7260869565
0.3658157286,0.7260869565
0.3659333494,0.7260869565
0.3659638513,0.7260869565
0.3660322279,0.7260869565
0.3660560223,0.7260869565
0.3660595625,0.7260869565
0.3661983389,0.7260869565
0.3662029138,0.7260869565
0.3665336993,0.7260869565
0.3667081807,0.7260869565
0.3667679255,0.7260869565
0.3669710265,0.7260869565
0.3671051890,0.7260869565
0.3671282429,0.7260869565
0.3671829644,0.7260869565
0.3677984961,0.7260869565
0.3678240085,0.7260869565
0.3679219775,0.7260869565
0.3679665069,0.7260869565
0.3680039428,0.7260869565
0.3680752933,0.7260869565
0.3682235295,0.7260869565
0.3682434120,0.7260869565
0.3683254892,0.7260869565
0.3685776667,0.7260869565
0.3685847560,0.7260869565
0.3687611034,0.7260869565
0.3688975697,0.7260869565
0.3689164185,0.7260869565
0.3692187518,0.7260869565
0.3692602341,0.7260869565
0.3692673558,0.7260869565
0.3692755453,0.7260869565
0.3694595605,0.7260869565
0.3694706600,0.7260869565
0.3694763221,0.7260869565
0.3697634753,0.7260869565
0.3697772062,0.7260869565
0.3698283288,0.7260869565
0.3698559214,0.7260869565
0.3702060470,0.7260869565
0.3702116352,0.7260869565
0.3702591145,0.7260869565
0.3702607731,0.7260869565
0.3703002776,0.7260869565
0.3704194778,0.7260869565
0.3704826613,0.7260869565
0.3705359580,0.7260869565
0.3706531678,0.7260869565
0.3707512393,0.7260869565
0.3707877692,0.7260869565
0.3708311251,0.7260869565
0.3708986738,0.7260869565
0.3710491660,0.7260869565
0.3712996720,0.7260869565
0.3713099899,0.7260869565
0.3715612096,0.7260869565
0.3716252211,0.7260869565
0.3716353617,0.7260869565
0.3716601921,0.7260869565
0.3716785738,0.7260869565
0.3718097383,0.7260869565
0.3720046377,0.7260869565
0.3721143859,0.7260869565
0.3721204041,0.7260869565
0.3721245395,0.7260869565
0.3722130400,0.7260869565
0.3723050449,0.7260869565
0.3723451821,0.7260869565
0.3725199109,0.7260869565
0.3726775314,0.7260869565
0.3727417239,0.7260869565
0.3727587964,0.7260869565
0.3728411052,0.7260869565
0.3729115110,0.7260869565
0.3729403714,0.7260869565
0.3730579368,0.7260869565
0.3731943729,0.7260869565
0.3732028362,0.7260869565
0.3733000966,0.7260869565
0.3733300424,0.7260869565
0.3734181211,0.7260869565
0.3734357758,0.7260869565
0.3735861898,0.7260869565
0.3737295171,0.7260869565
0.3737876231,0.7260869565
0.3738616916,0.7260869565
0.3738835796,0.7260869565
0.3738939250,0.7260869565
0.3739102314,0.7260869565
0.3740099116,0.7260869565
0.3740661263,0.7260869565
0.3740690931,0.7260869565
0.3741962817,0.7260869565
0.3744130481,0.7260869565
0.3744420361,0.7260869565
0.3745179638,0.7260869565
0.3745298448,0.7260869565
0.3745535272,0.7260869565
0.3746069048,0.7260869565
0.3747554202,0.7260869565
0.3748564967,0.7260869565
0.3749280153,0.7260869565
0.3750709221,0.7260869565
0.3751019574,0.7260869565
0.3753848610,0.7260869565
0.3755029815,0.7260869565
0.3755181467,0.7260869565
0.3755379724,0.7260869565
0.3756490128,0.7260869565
0.3757120119,0.7260869565
0.3758696881,0.7260869565
0.3759177300,0.7260869565
0.3763565782,0.7260869565
0.3764040418,0.7260869565
0.3764653318,0.7260869565
0.3766129762,0.7260869565
0.3766541788,0.7260869565
0.3767821868,0.7260869565
0.3768433668,0.7260869565
0.3769043031,0.7260869565
0.3770847858,0.7260869565
0.3771472790,0.7260869565
0.3771897368,0.7260869565
0.3772946093,0.7260869565
0.3773517159,0.7260869565
0.3776143945,0.7260869565
0.3776334791,0.7260869565
0.3777652522,0.7260869565
0.3777754403,0.7260869565
0.3777867742,0.7260869565
0.3778126728,0.7260869565
0.3778182509,0.7260869565
0.3778407012,0.7260869565
0.3778706528,0.7260869565
0.3779770725,0.7260869565
0.3780190624,0.7260869565
0.3782199971,0.7260869565
0.3782207626,0.7260869565
0.3782230901,0.7260869565
0.3782282890,0.7260869565
0.3785701260,0.7260869565
0.3786141828,0.7260869565
0.3786282793,0.7260869565
0.3786401318,0.7260869565
0.3786994085,0.7260869565
0.3787121683,0.7260869565
0.3787384652,0.7260869565
0.3788775118,0.7260869565
0.3788865534,0.7260869565
0.3789265795,0.7260869565
0.3789664349,0.7260869565
0.3790598490,0.7260869565
0.3791503401,0.7260869565
0.3791627946,0.7260869565
0.3791993525,0.7260869565
0.3792738300,0.7260869565
0.3793018166,0.7260869565
0.3793226810,0.7260869565
0.3793346671,0.7260869565
0.3793653051,0.7260869565
0.3793848449,0.7260869565
0.3793984948,0.7260869565
0.3795501519,0.7260869565
0.3795927628,0.7260869565
0.3798173019,0.7260869565
0.3799718743,0.7260869565
0.3802066163,0.7260869565
0.3802077004,0.7260869565
0.3802559828,0.7260869565
0.3802929901,0.7260869565
0.3804063357,0.7260869565
0.3804412691,0.7260869565
0.3805764167,0.7260869565
0.3806302416,0.7260869565
0.3806358715,0.7260869565
0.3807004557,0.7260869565
0.3807801557,0.7260869565
0.3808090010,0.7260869565
0.3812334492,0.7260869565
0.3812517181,0.7260869565
0.3815166076,0.7260869565
0.3816113518,0.7260869565
0.3816720435,0.7260869565
0.3817327978,0.7260869565
0.3817731381,0.7260869565
0.3818057816,0.7260869565
0.3818550630,0.7260869565
0.3819280418,0.7260869565
0.3819286961,0.7260869565
0.3819800153,0.7260869565
0.3821251870,0.7260869565
0.3821371864,0.7260869565
0.3822503847,0.7260869565
0.3824663422,0.7260869565
0.3826345255,0.7260869565
0.3826933345,0.7260869565
0.3828549875,0.7260869565
0.3828976646,0.7260869565
0.3830355179,0.7260869565
0.3830970602,0.7260869565
0.3831057756,0.7260869565
0.3833322498,0.7260869565
0.3834006386,0.7260869565
0.3834416987,0.7260869565
0.3835034071,0.7260869565
0.3835611720,0.7260869565
0.3839141075,0.7260869565
0.3840857485,0.7260869565
0.3841802949,0.7260869565
0.3842669096,0.7260869565
0.3842882941,0.7260869565
0.3844459387,0.7260869565
0.3844962742,0.7260869565
0.3845370370,0.7260869565
0.3845873986,0.7260869565
0.3846796002,0.7260869565
0.3847674882,0.7260869565
0.3848166616,0.7260869565
0.3848424175,0.7260869565
0.3849871896,0.7260869565
0.3850320480,0.7260869565
0.3850627404,0.7260869565
0.3851147526,0.7260869565
0.3855420072,0.7260869565
0.3857317799,0.7260869565
0.3857379485,0.7260869565
0.3858832137,0.7260869565
0.3860074485,0.7260869565
0.3860459108,0.7260869565
0.3860759636,0.7260869565
0.3860877212,0.7260869565
0.3861496918,0.7260869565
0.3862181339,0.7260869565
0.3862466120,0.7260869565
0.3862678595,0.7260869565
0.3864399025,0.7260869565
0.3865441276,0.7260869565
0.3865691577,0.7260869565
0.3867408217,0.7260869565
0.3868268561,0.7260869565
0.3868688622,0.7260869565
0.3868727110,0.7260869565
0.3869434287,0.7260869565
0.3869903567,0.7260869565
0.3870426491,0.7260869565
0.3870479840,0.7260869565
0.3870991965,0.7260869565
0.3871843656,0.7260869565
0.3872059344,0.7260869565
0.3872798308,0.7260869565
0.3873050669,0.7260869565
0.3875068669,0.7260869565
0.3875301829,0.7260869565
0.3875734318,0.7260869565
0.3876165851,0.7260869565
0.3876435233,0.7260869565
0.3876568076,0.7260869565
0.3877233555,0.7260869565
0.3877409053,0.7260869565
0.3879491445,0.7260869565
0.3882009421,0.7260869565
0.3882603050,0.7260869565
0.3883712926,0.7260869565
0.3883897936,0.7260869565
0.3887779142,0.7260869565
0.3888434185,0.7260869565
0.3889220326,0.7260869565
0.3891520824,0.7260869565
0.3891602996,0.7260869565
0.3891854980,0.7260869565
0.3892762764,0.7260869565
0.3893077364,0.7260869565
0.3893536874,0.7260869565
0.3893814162,0.7260869565
0.3894005367,0.7260869565
0.3895048001,0.7260869565
0.3895539265,0.7260869565
0.3896221010,0.7260869565
0.3897167362,0.7260869565
0.3897475890,0.7260869565
0.3897753790,0.7260869565
0.3898522567,0.7260869565
0.3898897098,0.7260869565
0.3899170352,0.7260869565
0.3900881282,0.7260869565
0.3901619492,0.7260869565
0.3902442364,0.7260869565
0.3902749951,0.7260869565
0.3902974080,0.7260869565
0.3903251558,0.7260869565
0.3903992240,0.7260869565
0.3904060998,0.7260869565
0.3905456620,0.7260869565
0.3906107949,0.7260869565
0.3906159816,0.7260869565
0.3906216628,0.7260869565
0.3906754490,0.7260869565
0.3907456753,0.7260869565
0.3907695201,0.7260869565
0.3910397013,0.7260869565
0.3911169137,0.7260869565
0.3911255512,0.7260869565
0.3911398004,0.7260869565
0.3911642220,0.7260869565
0.3913156108,0.7260869565
0.3913440478,0.7260869565
0.3913565143,0.7260869565
0.3914013047,0.7260869565
0.3914299631,0.7260869565
0.3916088059,0.7260869565
0.3916656625,0.7260869565
0.3917067364,0.7260869565
0.3917392358,0.7260869565
0.3918068761,0.7260869565
0.3920052158,0.7260869565
0.3921151894,0.7260869565
0.3922022412,0.7260869565
0.3924269548,0.7260869565
0.3926160234,0.7260869565
0.3926167131,0.7260869565
0.3927398105,0.7260869565
0.3928727654,0.7260869565
0.3928993504,0.7260869565
0.3929307123,0.7260869565
0.3929399691,0.7260869565
0.3929544222,0.7260869565
0.3929547337,0.7260869565
0.3929616156,0.7260869565
0.3930348690,0.7260869565
0.3931009768,0.7260869565
0.3931403813,0.7260869565
0.3931675709,0.7260869565
0.3931733760,0.7260869565
0.3931946049,0.7260869565
0.3932400439,0.7260869565
0.3933115057,0.7260869565
0.3933930049,0.7260869565
0.3934707433,0.7260869565
0.3936200920,0.7260869565
0.3936255249,0.7260869565
0.3936471871,0.7260869565
0.3937368915,0.7260869565
0.3937523799,0.7260869565
0.3937886022,0.7260869565
0.3938887143,0.7260869565
0.3939009584,0.7260869565
0.3939966256,0.7260869565
0.3940401662,0.7260869565
0.3940874268,0.7260869565
0.3941664821,0.7260869565
0.3941676181,0.7260869565
0.3943578427,0.7260869565
0.3944622271,0.7260869565
0.3945205985,0.7260869565
0.3946096188,0.7260869565
0.3949875791,0.7260869565
0.3951382986,0.7260869565
0.3953706895,0.7260869565
0.3954849683,0.7260869565
0.3956440085,0.7260869565
0.3956497006,0.7260869565
0.3957998199,0.7260869565
0.3958694682,0.7260869565
0.3958940205,0.7260869565
0.3959513173,0.7260869565
0.3961788978,0.7260869565
0.3962729622,0.7260869565
0.3963715031,0.7260869565
0.3963769782,0.7260869565
0.3963895632,0.7260869565
0.3964669480,0.7260869565
0.3967692298,0.7260869565
0.3967880239,0.7260869565
0.3967884643,0.7260869565
0.3968432503,0.7260869565
0.3968551259,0.7260869565
0.3969033521,0.7260869565
0.3969451569,0.7260869565
0.3971324220,0.7260869565
0.3972329193,0.7260869565
0.3975386967,0.7260869565
0.3977155105,0.7260869565
0.3977183309,0.7260869565
0.3978056007,0.7260869565
0.3978225905,0.7260869565
0.3979761572,0.7260869565
0.3980577699,0.7260869565
0.3985924616,0.7260869565
0.3986881077,0.7260869565
0.3987360486,0.7260869565
0.3987491813,0.7260869565
0.3989162423,0.7260869565
0.3989997548,0.7260869565
0.3990662534,0.7260869565
0.3991503712,0.7260869565
0.3992116799,0.7260869565
0.3992663473,0.7260869565
0.3993442994,0.7260869565
0.3994315541,0.7260869565
0.3995203241,0.7260869565
0.3995455090,0.7260869565
0.3996006990,0.7260869565
0.3997557636,0.7260869565
0.3998054300,0.7260869565
0.3998543184,0.7260869565
0.3998685541,0.7260869565
0.3998776948,0.7260869565
0.3998852579,0.7260869565
0.3999103488,0.7260869565
0.3999200776,0.7260869565
0.4000464926,0.7260869565
0.4003693731,0.7260869565
0.4004141461,0.7260869565
0.4004257932,0.7260869565
0.4007106057,0.7260869565
0.4007466899,0.7260869565
0.4007497243,0.7260869565
0.4008608626,0.7260869565
0.4009030531,0.7260869565
0.4012548838,0.7260869565
0.4012977501,0.7260869565
0.4013326758,0.7260869565
0.4013462554,0.7260869565
0.4014180084,0.7260869565
0.4014597017,0.7260869565
0.4015305471,0.7260869565
0.4017755609,0.7260869565
0.4017852681,0.7260869565
0.4019602454,0.7260869565
0.4021436876,0.7260869565
0.4021836007,0.7260869565
0.4022810931,0.7260869565
0.4024627414,0.7260869565
0.4024935260,0.7260869565
0.4025105291,0.7260869565
0.4027052489,0.7260869565
0.4027725014,0.7260869565
0.4027792457,0.7260869565
0.4028510379,0.7260869565
0.4029525583,0.7260869565
0.4030237107,0.7260869565
0.4030349326,0.7260869565
0.4030769228,0.7260869565
0.4031124701,0.7260869565
0.4031582424,0.7260869565
0.4032231378,0.7260869565
0.4032798277,0.7260869565
0.4033884610,0.7260869565
0.4035446270,0.7260869565
0.4036326850,0.7260869565
0.4036931822,0.7260869565
0.4037052409,0.7260869565
0.4037359768,0.7260869565
0.4039614854,0.7260869565
0.4039932367,0.7260869565
0.4039976000,0.7260869565
0.4040229892,0.7260869565
0.4040752512,0.7260869565
0.4040889987,0.7260869565
0.4042793235,0.7260869565
0.4043720965,0.7260869565
0.4043964358,0.7260869565
0.4047277979,0.7260869565
0.4047320582,0.7260869565
0.4047685821,0.7260869565
0.4048353049,0.7260869565
0.4048361618,0.7260869565
0.4048791349,0.7260869565
0.4049176717,0.7260869565
0.4050331671,0.7260869565
0.4053883252,0.7260869565
0.4054203002,0.7260869565
0.4054323969,0.7260869565
0.4054885941,0.7260869565
0.4055745263,0.7260869565
0.4057399181,0.7260869565
0.4058332389,0.7260869565
0.4058571395,0.7260869565
0.4059183194,0.7260869565
0.4059335513,0.7260869565
0.4059588725,0.7260869565
0.4059829677,0.7260869565
0.4060136909,0.7260869565
0.4062686314,0.7260869565
0.4063289683,0.7260869565
0.4065211163,0.7260869565
0.4065472050,0.7260869565
0.4065709186,0.7260869565
0.4067410835,0.7260869565
0.4068409678,0.7260869565
0.4068445762,0.7260869565
0.4069336512,0.7260869565
0.4069404789,0.7260869565
0.4069871012,0.7260869565
0.4070084356,0.7260869565
0.4074295515,0.7260869565
0.4074532331,0.7260869565
0.4074684661,0.7260869565
0.4075188192,0.7260869565
0.4075409626,0.7260869565
0.4075634896,0.7260869565
0.4076113288,0.7260869565
0.4076197155,0.7260869565
0.4077275993,0.7260869565
0.4077359578,0.7260869565
0.4078018675,0.7260869565
0.4078420002,0.7260869565
0.4079541993,0.7260869565
0.4080949292,0.7260869565
0.4081648735,0.7260869565
0.4081954862,0.7260869565
0.4082612610,0.7260869565
0.4083459372,0.7260869565
0.4083651956,0.7260869565
0.4085015488,0.7260869565
0.4085179205,0.7260869565
0.4085593733,0.7260869565
0.4086014687,0.7260869565
0.4086490157,0.7260869565
0.4087066390,0.7260869565
0.4087346841,0.7260869565
0.4090335881,0.7260869565
0.4091190963,0.7260869565
0.4092531578,0.7260869565
0.4094146383,0.7260869565
0.4094230908,0.7260869565
0.4094433273,0.7260869565
0.4095237612,0.7260869565
0.4095381720,0.7260869565
0.4095727312,0.7260869565
0.4096615213,0.7260869565
0.4098588187,0.7260869565
0.4099064157,0.7260869565
0.4099658955,0.7260869565
0.4100603008,0.7260869565
0.4100743941,0.7260869565
0.4102740370,0.7260869565
0.4103470760,0.7260869565
0.4103581428,0.7260869565
0.4104038912,0.7260869565
0.4105969522,0.7260869565
0.4109574854,0.7260869565
0.4110033980,0.7272727273
0.4110179608,0.7272727273
0.4112969564,0.7272727273
0.4113381675,0.7272727273
0.4113686356,0.7272727273
0.4114082109,0.7272727273
0.4114410022,0.7272727273
0.4115101523,0.7272727273
0.4115848804,0.7272727273
0.4116526417,0.7272727273
0.4117613705,0.7272727273
0.4117750791,0.7272727273
0.4117927459,0.7272727273
0.4117981931,0.7272727273
0.4118186060,0.7272727273
0.4118196004,0.7272727273
0.4118217556,0.7272727273
0.4121102001,0.7272727273
0.4121719904,0.7272727273
0.4122494267,0.7272727273
0.4122760623,0.7272727273
0.4122975874,0.7272727273
0.4123175420,0.7272727273
0.4124168577,0.7272727273
0.4125892182,0.7272727273
0.4126196734,0.7272727273
0.4127261661,0.7272727273
0.4130353973,0.7272727273
0.4130439267,0.7272727273
0.4130518023,0.7272727273
0.4131127690,0.7272727273
0.4133480073,0.7272727273
0.4135539400,0.7272727273
0.4137113449,0.7272727273
0.4137646083,0.7272727273
0.4137932099,0.7272727273
0.4140120706,0.7272727273
0.4141548067,0.7272727273
0.4142642304,0.7272727273
0.4143984475,0.7272727273
0.4144697977,0.7272727273
0.4145001332,0.7272727273
0.4145976724,0.7272727273
0.4147357382,0.7272727273
0.4148316913,0.7272727273
0.4149046485,0.7272727273
0.4150713240,0.7272727273
0.4152077915,0.7272727273
0.4152684316,0.7272727273
0.4153023188,0.7272727273
0.4154138920,0.7272727273
0.4154139495,0.7272727273
0.4154338136,0.7272727273
0.4154841318,0.7272727273
0.4155012742,0.7272727273
0.4157440646,0.7272727273
0.4157582951,0.7272727273
0.4158162693,0.7272727273
0.4158253512,0.7272727273
0.4158354401,0.7272727273
0.4158703925,0.7272727273
0.4159032499,0.7272727273
0.4160296823,0.7272727273
0.4161507225,0.7272727273
0.4162156719,0.7272727273
0.4164396524,0.7272727273
0.4164808200,0.7272727273
0.4165443171,0.7272727273
0.4167193260,0.7272727273
0.4167468969,0.7272727273
0.4169569019,0.7272727273
0.4170096888,0.7272727273
0.4170338233,0.7272727273
0.4171291027,0.7272727273
0.4171386727,0.7272727273
0.4171537487,0.7272727273
0.4172660490,0.7272727273
0.4173047385,0.7272727273
0.4175327825,0.7272727273
0.4175638295,0.7272727273
0.4176020536,0.7272727273
0.4176760419,0.7272727273
0.4178244822,0.7272727273
0.4178696191,0.7272727273
0.4180098019,0.7272727273
0.4180654323,0.7272727273
0.4181717151,0.7272727273
0.4182215227,0.7272727273
0.4183275354,0.7272727273
0.4183495813,0.7272727273
0.4183603338,0.7272727273
0.4183832887,0.7272727273
0.4184886991,0.7272727273
0.4186499920,0.7272727273
0.4187103722,0.7272727273
0.4187448176,0.7272727273
0.4188531820,0.7272727273
0.4188695704,0.7272727273
0.4188811087,0.7272727273
0.4189045912,0.7272727273
0.4189602024,0.7272727273
0.4189918782,0.7272727273
0.4189925106,0.7272727273
0.4190375368,0.7272727273
0.4191570547,0.7272727273
0.4192252836,0.7272727273
0.4192815263,0.7272727273
0.4193357081,0.7272727273
0.4194038128,0.7272727273
0.4194410614,0.7272727273
0.4195311159,0.7272727273
0.4195497445,0.7272727273
0.4196154931,0.7272727273
0.4198585351,0.7272727273
0.4199439620,0.7272727273
0.4200071773,0.7272727273
0.4200777275,0.7272727273
0.4201663033,0.7272727273
0.4202430689,0.7272727273
0.4204023029,0.7272727273
0.4205128767,0.7272727273
0.4207741864,0.7272727273
0.4209265762,0.7272727273
0.4209637300,0.7272727273
0.4209739982,0.7272727273
0.4211141528,0.7272727273
0.4211390651,0.7272727273
0.4211427248,0.7272727273
0.4212328002,0.7272727273
0.4212359190,0.7272727273
0.4213867031,0.7272727273
0.4215208769,0.7272727273
0.4215689650,0.7272727273
0.4216390003,0.7272727273
0.4216409686,0.7272727273
0.4216552084,0.7272727273
0.4216878695,0.7272727273
0.4219081651,0.7272727273
0.4219244309,0.7272727273
0.4220351814,0.7272727273
0.4220944023,0.7272727273
0.4221134162,0.7272727273
0.4222624519,0.7272727273
0.4224063576,0.7560728745
0.4224689687,0.7560728745
0.4225007820,0.7560728745
0.4225598539,0.7560728745
0.4227058770,0.7560728745
0.4227989637,0.7560728745
0.4228729740,0.7560728745
0.4230356086,0.7560728745
0.4231103280,0.7560728745
0.4234038536,0.7560728745
0.4235133192,0.7560728745
0.4235503769,0.7560728745
0.4236208418,0.7560728745
0.4236399205,0.7560728745
0.4237639311,0.7560728745
0.4238941132,0.7560728745
0.4239398803,0.7560728745
0.4239460370,0.7560728745
0.4240580850,0.7560728745
0.4241330552,0.7560728745
0.4241908099,0.7560728745
0.4243264150,0.7560728745
0.4243462458,0.7560728745
0.4244622775,0.7560728745
0.4244769634,0.7560728745
0.4244784019,0.7560728745
0.4245103561,0.7560728745
0.4245315559,0.7560728745
0.4246030367,0.7560728745
0.4246233306,0.7560728745
0.4247031831,0.7560728745
0.4248328749,0.7560728745
0.4249454145,0.7560728745
0.4250409930,0.7560728745
0.4250427962,0.7560728745
0.4250783764,0.7560728745
0.4251372557,0.7560728745
0.4252421319,0.7560728745
0.4253810556,0.7560728745
0.4255337304,0.7560728745
0.4257223497,0.7560728745
0.4257281964,0.7560728745
0.4258919658,0.7560728745
0.4261802851,0.7560728745
0.4261978601,0.7560728745
0.4263388603,0.7560728745
0.4264828340,0.7560728745
0.4265209396,0.7560728745
0.4268466177,0.7560728745
0.4269795005,0.7560728745
0.4272423415,0.7560728745
0.4273605531,0.7560728745
0.4275089604,0.7560728745
0.4275478095,0.7560728745
0.4276229766,0.7560728745
0.4276258407,0.7560728745
0.4277515204,0.7560728745
0.4277959326,0.7560728745
0.4278082830,0.7560728745
0.4279804649,0.7560728745
0.4280087496,0.7560728745
0.4280790160,0.7560728745
0.4281483168,0.7560728745
0.4282026044,0.7560728745
0.4283518199,0.7560728745
0.4283921483,0.7560728745
0.4285470899,0.7560728745
0.4286390428,0.7560728745
0.4286569875,0.7560728745
0.4287133640,0.7560728745
0.4287481450,0.7560728745
0.4287860096,0.7560728745
0.4289176188,0.7560728745
0.4289400474,0.7560728745
0.4289611813,0.7560728745
0.4290411815,0.7560728745
0.4290908649,0.7560728745
0.4291078866,0.7560728745
0.4293371741,0.7560728745
0.4293469265,0.7560728745
0.4294601976,0.7560728745
0.4295033321,0.7560728745
0.4295218938,0.7560728745
0.4296213542,0.7560728745
0.4297007389,0.7560728745
0.4298410683,0.7560728745
0.4298419426,0.7560728745
0.4298608991,0.7560728745
0.4299472054,0.7560728745
0.4299563074,0.7560728745
0.4301220802,0.7560728745
0.4301787285,0.7560728745
0.4302455609,0.7560728745
0.4302724955,0.7560728745
0.4306047942,0.7560728745
0.4306409781,0.7560728745
0.4308019444,0.7560728745
0.4309341253,0.7560728745
0.4309910307,0.7560728745
0.4310318208,0.7560728745
0.4310368785,0.7560728745
0.4311858137,0.7560728745
0.4313076239,0.7560728745
0.4314098680,0.7560728745
0.4314117737,0.7560728745
0.4315590352,0.7560728745
0.4315830269,0.7560728745
0.4316563023,0.7560728745
0.4316741521,0.7560728745
0.4317686219,0.7560728745
0.4318257242,0.7560728745
0.4318758443,0.7560728745
0.4320063020,0.7560728745
0.4320429352,0.7560728745
0.4322866215,0.7560728745
0.4323619027,0.7560728745
0.4325007888,0.7560728745
0.4326079760,0.7560728745
0.4326081886,0.7560728745
0.4327396923,0.7560728745
0.4327653420,0.7560728745
0.4327809859,0.7560728745
0.4330166690,0.7560728745
0.4330748331,0.7560728745
0.4331202616,0.7560728745
0.4332074983,0.7560728745
0.4332108081,0.7560728745
0.4333039540,0.7560728745
0.4333603034,0.7560728745
0.4334426772,0.7560728745
0.4335359280,0.7560728745
0.4336130587,0.7560728745
0.4336920031,0.7560728745
0.4340083728,0.7560728745
0.4340379450,0.7560728745
0.4340499078,0.7560728745
0.4341207409,0.7560728745
0.4343026107,0.7560728745
0.4343356627,0.7560728745
0.4344847946,0.7560728745
0.4346321542,0.7560728745
0.4347694328,0.7560728745
0.4350172771,0.7560728745
0.4350410425,0.7560728745
0.4352866356,0.7560728745
0.4353536206,0.7560728745
0.4354079485,0.7560728745
0.4354123747,0.7560728745
0.4355227783,0.7560728745
0.4356324288,0.7560728745
0.4356599101,0.7560728745
0.4357848437,0.7560728745
0.4360703311,0.7560728745
0.4361520402,0.7560728745
0.4361896946,0.7560728745
0.4364303579,0.7560728745
0.4366423922,0.7560728745
0.4367598252,0.7560728745
0.4368188811,0.7560728745
0.4368995174,0.7560728745
0.4369395559,0.7560728745
0.4370065482,0.7560728745
0.4370893218,0.7560728745
0.4371264708,0.7560728745
0.4371853253,0.7560728745
0.4372132574,0.7560728745
0.4372582571,0.7560728745
0.4373061846,0.7560728745
0.4374730804,0.7560728745
0.4375026052,0.7560728745
0.4377395566,0.7560728745
0.4378428696,0.7560728745
0.4379781710,0.7560728745
0.4380954987,0.7560728745
0.4381870305,0.7560728745
0.4382140128,0.7560728745
0.4383113095,0.7560728745
0.4383468243,0.7560728745
0.4383475352,0.7560728745
0.4383676708,0.7560728745
0.4384166373,0.7560728745
0.4387485788,0.7560728745
0.4388497674,0.7560728745
0.4390070766,0.7560728745
0.4390480886,0.7560728745
0.4391023872,0.7560728745
0.4392045858,0.7560728745
0.4393163206,0.7560728745
0.4393320547,0.7560728745
0.4393468736,0.7560728745
0.4393954549,0.7560728745
0.4395097394,0.7560728745
0.4396258227,0.7560728745
0.4396405897,0.7560728745
0.4397192341,0.7560728745
0.4397399157,0.7560728745
0.4397559521,0.7560728745
0.4399179402,0.7560728745
0.4399602312,0.7560728745
0.4399774804,0.7560728745
0.4400540033,0.7560728745
0.4400977368,0.7560728745
0.4401478142,0.7560728745
0.4402785618,0.7560728745
0.4403014238,0.7560728745
0.4403446824,0.7560728745
0.4403679036,0.7560728745
0.4403887376,0.7560728745
0.4404383360,0.7560728745
0.4407476324,0.7560728745
0.4408746027,0.7560728745
0.4410019925,0.7560728745
0.4410114890,0.7560728745
0.4410202572,0.7560728745
0.4410274284,0.7560728745
0.4412414421,0.7560728745
0.4412988701,0.7560728745
0.4414177630,0.7560728745
0.4414825982,0.7560728745
0.4415124379,0.7560728745
0.4415259490,0.7560728745
0.4416911061,0.7560728745
0.4417153700,0.7560728745
0.4418029000,0.7560728745
0.4419015517,0.7560728745
0.4420290847,0.7560728745
0.4421385651,0.7560728745
0.4421721166,0.7560728745
0.4422302033,0.7560728745
0.4422439641,0.7560728745
0.4425085349,0.7560728745
0.4426372701,0.7560728745
0.4426477827,0.7560728745
0.4426770997,0.7560728745
0.4426862398,0.7560728745
0.4426961579,0.7560728745
0.4427241268,0.7560728745
0.4427623353,0.7560728745
0.4428239254,0.7560728745
0.4429360527,0.7560728745
0.4433391450,0.7560728745
0.4434227737,0.7560728745
0.4434414073,0.7560728745
0.4435290306,0.7560728745
0.4436587305,0.7560728745
0.4439723176,0.7560728745
0.4443334985,0.7560728745
0.4444195520,0.7560728745
0.4444814076,0.7560728745
0.4445378350,0.7560728745
0.4445467918,0.7560728745
0.4446395199,0.7560728745
0.4446689484,0.7560728745
0.4446747462,0.7560728745
0.4447266424,0.7560728745
0.4447808546,0.7560728745
0.4448582403,0.7560728745
0.4448679098,0.7560728745
0.4450788084,0.7560728745
0.4451395310,0.7560728745
0.4451790174,0.7560728745
0.4451878015,0.7560728745
0.4454567582,0.7560728745
0.4455185774,0.7560728745
0.4455227907,0.7560728745
0.4458769829,0.7560728745
0.4459129081,0.7560728745
0.4459158535,0.7560728745
0.4460177770,0.7560728745
0.4460926567,0.7560728745
0.4462970134,0.7560728745
0.4463946573,0.7560728745
0.4464012352,0.7560728745
0.4464853768,0.7560728745
0.4465230504,0.7560728745
0.4465607782,0.7560728745
0.4465663282,0.7560728745
0.4466171596,0.7560728745
0.4466474999,0.7560728745
0.4466532662,0.7560728745
0.4468927828,0.7560728745
0.4469596183,0.7560728745
0.4472633998,0.7560728745
0.4473303677,0.7560728745
0.4474067861,0.7560728745
0.4474290714,0.7560728745
0.4474628729,0.7560728745
0.4474632600,0.7560728745
0.4475032607,0.7560728745
0.4475098885,0.7560728745
0.4475120293,0.7560728745
0.4476691030,0.7560728745
0.4477627004,0.7560728745
0.4478931615,0.7560728745
0.4478992638,0.7560728745
0.4479179055,0.7560728745
0.4479350661,0.7560728745
0.4481326373,0.7560728745
0.4483381469,0.7560728745
0.4483474121,0.7560728745
0.4486469070,0.7560728745
0.4486989324,0.7560728745
0.4487369381,0.7560728745
0.4488213019,0.7560728745
0.4488608988,0.7560728745
0.4495332035,0.7560728745
0.4500990864,0.7560728745
0.4501061200,0.7560728745
0.4501106732,0.7560728745
0.4504043803,0.7560728745
0.4504336351,0.7560728745
0.4505496977,0.7560728745
0.4506046151,0.7560728745
0.4506529866,0.7560728745
0.4507421528,0.7560728745
0.4507785778,0.7560728745
0.4510010624,0.7560728745
0.4515211223,0.7560728745
0.4515351709,0.7560728745
0.4515465058,0.7560728745
0.4515555862,0.7560728745
0.4515726137,0.7560728745
0.4516103912,0.7560728745
0.4516562976,0.7560728745
0.4519382518,0.7560728745
0.4520244438,0.7560728745
0.4521104404,0.7560728745
0.4521492493,0.7560728745
0.4522026380,0.7560728745
0.4523801749,0.7560728745
0.4526389629,0.7560728745
0.4527585325,0.7560728745
0.4527588025,0.7560728745
0.4527629667,0.7560728745
0.4528227840,0.7560728745
0.4528266832,0.7560728745
0.4528302246,0.7560728745
0.4529336535,0.7560728745
0.4529708884,0.7560728745
0.4529855128,0.7560728745
0.4530341593,0.7560728745
0.4530415007,0.7560728745
0.4531119383,0.7560728745
0.4531436742,0.7560728745
0.4532676777,0.7560728745
0.4533303835,0.7560728745
0.4533763195,0.7560728745
0.4535067871,0.7560728745
0.4535299093,0.7560728745
0.4536648171,0.7560728745
0.4536934422,0.7560728745
0.4536982623,0.7560728745
0.4537592585,0.7560728745
0.4541238901,0.7560728745
0.4542015912,0.7560728745
0.4543503803,0.7560728745
0.4543771530,0.7560728745
0.4544059143,0.7560728745
0.4544124697,0.7560728745
0.4544564060,0.7560728745
0.4545274406,0.7560728745
0.4545510138,0.7560728745
0.4545723989,0.7560728745
0.4548858071,0.7560728745
0.4549046759,0.7560728745
0.4551698862,0.7560728745
0.4552100047,0.7560728745
0.4553137007,0.7560728745
0.4553355304,0.7560728745
0.4554721810,0.7560728745
0.4556099315,0.7560728745
0.4556403214,0.7560728745
0.4558364644,0.7560728745
0.4558616813,0.7560728745
0.4559396482,0.7560728745
0.4560836464,0.7560728745
0.4562087655,0.7560728745
0.4564715331,0.7560728745
0.4564957008,0.7560728745
0.4565287018,0.7560728745
0.4565317792,0.7560728745
0.4565980567,0.7560728745
0.4566421960,0.7560728745
0.4567948104,0.7560728745
0.4568116622,0.7560728745
0.4569202169,0.7560728745
0.4569282589,0.7560728745
0.4569512311,0.7560728745
0.4570586292,0.7560728745
0.4571018251,0.7560728745
0.4571712544,0.7560728745
0.4572657819,0.7560728745
0.4573244400,0.7560728745
0.4573963915,0.7560728745
0.4574031621,0.7560728745
0.4574062305,0.7560728745
0.4574277172,0.7560728745
0.4575215701,0.7560728745
0.4577700016,0.7560728745
0.4578081908,0.7560728745
0.4579046080,0.7560728745
0.4579206581,0.7560728745
0.4579491123,0.7560728745
0.4581181565,0.7560728745
0.4581996472,0.7560728745
0.4583969821,0.7560728745
0.4586533558,0.7560728745
0.4587684219,0.7560728745
0.4588831117,0.7560728745
0.4589884119,0.7560728745
0.4591296391,0.7560728745
0.4592236543,0.7560728745
0.4592865525,0.7560728745
0.4592868233,0.7560728745
0.4592952307,0.7560728745
0.4595075132,0.7560728745
0.4595483178,0.7560728745
0.4597472232,0.7560728745
0.4598470555,0.7560728745
0.4599340899,0.7560728745
0.4600300164,0.7560728745
0.4601180784,0.7560728745
0.4601754149,0.7560728745
0.4607613789,0.7560728745
0.4608982105,0.7560728745
0.4609719156,0.7560728745
0.4610265858,0.7560728745
0.4610407718,0.7560728745
0.4611000803,0.7560728745
0.4612612492,0.7560728745
0.4614866573,0.7560728745
0.4616225377,0.7560728745
0.4616746208,0.7560728745
0.4618749027,0.7560728745
0.4620440947,0.7560728745
0.4620474809,0.7560728745
0.4620748768,0.7560728745
0.4621032834,0.7560728745
0.4621886007,0.7560728745
0.4622321209,0.7560728745
0.4625159992,0.7560728745
0.4625351509,0.7560728745
0.4626280272,0.7560728745
0.4627154096,0.7560728745
0.4627201550,0.7560728745
0.4628581454,0.7560728745
0.4633200918,0.7560728745
0.4633269464,0.7560728745
0.4633861559,0.7560728745
0.4633970096,0.7560728745
0.4634450158,0.7560728745
0.4634723221,0.7560728745
0.4635405002,0.7560728745
0.4635508465,0.7560728745
0.4635755899,0.7560728745
0.4636453389,0.7560728745
0.4637793224,0.7560728745
0.4641464254,0.7560728745
0.4643013003,0.7560728745
0.4643322773,0.7560728745
0.4643917899,0.7560728745
0.4644287936,0.7560728745
0.4645027249,0.7560728745
0.4646023070,0.7560728745
0.4646755745,0.7560728745
0.4647377060,0.7560728745
0.4647464977,0.7560728745
0.4651921415,0.7560728745
0.4652366019,0.7560728745
0.4653758196,0.7560728745
0.4653837655,0.7560728745
0.4655124248,0.7560728745
0.4655853532,0.7560728745
0.4656178986,0.7560728745
0.4657001152,0.7560728745
0.4658662101,0.7560728745
0.4659543327,0.7560728745
0.4660035802,0.7560728745
0.4660191345,0.7560728745
0.4660586508,0.7560728745
0.4661533472,0.7560728745
0.4661910051,0.7560728745
0.4662444360,0.7560728745
0.4662572340,0.7560728745
0.4663208217,0.7560728745
0.4663285127,0.7560728745
0.4663300814,0.7560728745
0.4663329383,0.7560728745
0.4663656036,0.7560728745
0.4664166203,0.7560728745
0.4664586253,0.7560728745
0.4665805644,0.7560728745
0.4665872994,0.7560728745
0.4666469420,0.7560728745
0.4667386956,0.7560728745
0.4668548030,0.7560728745
0.4670276897,0.7560728745
0.4672689606,0.7560728745
0.4673308235,0.7560728745
0.4673595736,0.7560728745
0.4674422899,0.7560728745
0.4677064580,0.7560728745
0.4678655596,0.7560728745
0.4678910146,0.7560728745
0.4679287632,0.7560728745
0.4679781564,0.7560728745
0.4680177131,0.7560728745
0.4682932567,0.7560728745
0.4684738182,0.7560728745
0.4685787064,0.7560728745
0.4687066576,0.7560728745
0.4687367151,0.7560728745
0.4687700278,0.7560728745
0.4688604634,0.7560728745
0.4689306918,0.7560728745
0.4690788616,0.7560728745
0.4691926917,0.7560728745
0.4692785872,0.7560728745
0.4693120816,0.7560728745
0.4693875338,0.7560728745
0.4694053670,0.7560728745
0.4695081084,0.7560728745
0.4696485786,0.7560728745
0.4698111621,0.7560728745
0.4698198592,0.7560728745
0.4699958773,0.7560728745
0.4701186267,0.7560728745
0.4701265866,0.7560728745
0.4703211269,0.7560728745
0.4704345040,0.7560728745
0.4705050665,0.7560728745
0.4706353589,0.7560728745
0.4706556570,0.7560728745
0.4706884074,0.7560728745
0.4707168948,0.7560728745
0.4709061773,0.7560728745
0.4710717674,0.7560728745
0.4711123364,0.7560728745
0.4712638428,0.7560728745
0.4712672357,0.7560728745
0.4714282230,0.7560728745
0.4714597689,0.7560728745
0.4715453826,0.7560728745
0.4716280809,0.7560728745
0.4716975663,0.7560728745
0.4718251449,0.7560728745
0.4718870994,0.7560728745
0.4719733917,0.7560728745
0.4721199359,0.7560728745
0.4722640821,0.7560728745
0.4722679782,0.7560728745
0.4723653194,0.7560728745
0.4725323125,0.7560728745
0.4725326247,0.7560728745
0.4726777931,0.7560728745
0.4727055368,0.7560728745
0.4727731837,0.7560728745
0.4728640978,0.7560728745
0.4730103633,0.7560728745
0.4730888004,0.7560728745
0.4730987998,0.7560728745
0.4731309279,0.7560728745
0.4731390109,0.7560728745
0.4731442199,0.7560728745
0.4731904104,0.7560728745
0.4734331524,0.7560728745
0.4740072332,0.7560728745
0.4740558762,0.7560728745
0.4740914770,0.7560728745
0.4746139026,0.7560728745
0.4748120852,0.7560728745
0.4748273217,0.7560728745
0.4748558237,0.7560728745
0.4749699897,0.7560728745
0.4750610000,0.7560728745
0.4751778661,0.7560728745
0.4754603101,0.7560728745
0.4758207764,0.7560728745
0.4758962345,0.7560728745
0.4760009785,0.7560728745
0.4760108780,0.7560728745
0.4760845341,0.7560728745
0.4761820615,0.7560728745
0.4761838756,0.7560728745
0.4762053179,0.7560728745
0.4762210738,0.7560728745
0.4763359325,0.7560728745
0.4764214165,0.7560728745
0.4764305287,0.7560728745
0.4766692027,0.7560728745
0.4766847501,0.7560728745
0.4767055525,0.7560728745
0.4767294640,0.7560728745
0.4767763694,0.7560728745
0.4768385221,0.7560728745
0.4768986565,0.7560728745
0.4770268845,0.7560728745
0.4771387518,0.7560728745
0.4771716550,0.7560728745
0.4772587958,0.7560728745
0.4775732674,0.7560728745
0.4777222233,0.7560728745
0.4778501585,0.7560728745
0.4779071584,0.7560728745
0.4779522563,0.7560728745
0.4779895747,0.7560728745
0.4781821276,0.7560728745
0.4783501455,0.7560728745
0.4783899340,0.7560728745
0.4785064671,0.7560728745
0.4785631696,0.7560728745
0.4785958460,0.7560728745
0.4785967988,0.7560728745
0.4787059846,0.7560728745
0.4787201265,0.7560728745
0.4787672304,0.7560728745
0.4789362308,0.7560728745
0.4790495507,0.7560728745
0.4792009679,0.7560728745
0.4793726456,0.7560728745
0.4794442169,0.7560728745
0.4795181096,0.7560728745
0.4796135664,0.7560728745
0.4796590980,0.7560728745
0.4796645085,0.7560728745
0.4797186206,0.7560728745
0.4797850476,0.7560728745
0.4798538911,0.7560728745
0.4798751679,0.7560728745
0.4799021166,0.7560728745
0.4801554136,0.7560728745
0.4801751088,0.7560728745
0.4801887745,0.7560728745
0.4802217437,0.7560728745
0.4802936444,0.7560728745
0.4805461672,0.7560728745
0.4805853174,0.7560728745
0.4806540763,0.7560728745
0.4807301999,0.7560728745
0.4807553617,0.7560728745
0.4808618846,0.7560728745
0.4809105614,0.7560728745
0.4809965190,0.7560728745
0.4810347664,0.7560728745
0.4811534290,0.7560728745
0.4811825506,0.7560728745
0.4812606217,0.7560728745
0.4812815321,0.7560728745
0.4813785973,0.7560728745
0.4813833281,0.7560728745
0.4816297943,0.7560728745
0.4816624163,0.7560728745
0.4817442694,0.7560728745
0.4818162981,0.7560728745
0.4818624752,0.7560728745
0.4819068928,0.7560728745
0.4819944152,0.7560728745
0.4820046720,0.7560728745
0.4820404784,0.7560728745
0.4822542097,0.7560728745
0.4824734887,0.7560728745
0.4824872104,0.7560728745
0.4826860302,0.7560728745
0.4826999667,0.7560728745
0.4828927911,0.7560728745
0.4829952648,0.7560728745
0.4833397419,0.7560728745
0.4833567786,0.7560728745
0.4834491783,0.7560728745
0.4835003684,0.7560728745
0.4836765870,0.7560728745
0.4837021971,0.7560728745
0.4838749257,0.7560728745
0.4838936183,0.7560728745
0.4839503634,0.7560728745
0.4840329165,0.7560728745
0.4841684104,0.7560728745
0.4842098565,0.7560728745
0.4843087607,0.7560728745
0.4844074125,0.7560728745
0.4844390015,0.7560728745
0.4848448641,0.7560728745
0.4849249619,0.7560728745
0.4850959351,0.7560728745
0.4851706083,0.7560728745
0.4851723880,0.7560728745
0.4852284533,0.7560728745
0.4854156617,0.7560728745
0.4854568099,0.7560728745
0.4855458898,0.7560728745
0.4855485332,0.7560728745
0.4856809758,0.7560728745
0.4857960345,0.7560728745
0.4858321174,0.7560728745
0.4860966530,0.7560728745
0.4864341638,0.7560728745
0.4866366673,0.7560728745
0.4866408441,0.7560728745
0.4866798845,0.7560728745
0.4867091388,0.7560728745
0.4868762905,0.7560728745
0.4869500982,0.7560728745
0.4870402697,0.7560728745
0.4871676465,0.7560728745
0.4871982039,0.7560728745
0.4872166216,0.7560728745
0.4872206837,0.7560728745
0.4872265027,0.7560728745
0.4872686092,0.7560728745
0.4873157129,0.7560728745
0.4873341363,0.7560728745
0.4873401824,0.7560728745
0.4874563466,0.7560728745
0.4877081332,0.7560728745
0.4877540256,0.7560728745
0.4878535164,0.7560728745
0.4879004522,0.7560728745
0.4883109002,0.7560728745
0.4883622538,0.7560728745
0.4885775175,0.7560728745
0.4887624276,0.7560728745
0.4888273018,0.7560728745
0.4889445285,0.7560728745
0.4891326378,0.7560728745
0.4891648391,0.7560728745
0.4892475123,0.7560728745
0.4894553042,0.7560728745
0.4895178933,0.7560728745
0.4895504989,0.7560728745
0.4897906839,0.7560728745
0.4899063217,0.7560728745
0.4901589024,0.7560728745
0.4901712960,0.7560728745
0.4901864200,0.7560728745
0.4902664398,0.7560728745
0.4903900462,0.7560728745
0.4904222918,0.7560728745
0.4906383857,0.7560728745
0.4906906103,0.7560728745
0.4907175697,0.7560728745
0.4907317887,0.7560728745
0.4910663236,0.7560728745
0.4911112152,0.7560728745
0.4911929940,0.7560728745
0.4913487051,0.7560728745
0.4914026258,0.7560728745
0.4914318486,0.7560728745
0.4914409515,0.7560728745
0.4914926869,0.7560728745
0.4915646664,0.7560728745
0.4916024033,0.7560728745
0.4916233373,0.7560728745
0.4916595690,0.7560728745
0.4917488502,0.7560728745
0.4917892634,0.7560728745
0.4919337839,0.7560728745
0.4920355195,0.7560728745
0.4922608936,0.7560728745
0.4922610834,0.7560728745
0.4922773225,0.7560728745
0.4924100356,0.7560728745
0.4924592248,0.7560728745
0.4925968135,0.7560728745
0.4927378026,0.7560728745
0.4927925199,0.7560728745
0.4928683615,0.7560728745
0.4929191100,0.7560728745
0.4930588184,0.7560728745
0.4930845900,0.7560728745
0.4932108953,0.7560728745
0.4932368796,0.7560728745
0.4936225674,0.7560728745
0.4937898797,0.7560728745
0.4939416586,0.7560728745
0.4939425414,0.7560728745
0.4940039804,0.7560728745
0.4940164850,0.7560728745
0.4940666590,0.7560728745
0.4941529156,0.7560728745
0.4943704619,0.7560728745
0.4944120950,0.7560728745
0.4945492543,0.7560728745
0.4946141758,0.7560728745
0.4946877521,0.7560728745
0.4948904850,0.7560728745
0.4949571244,0.7560728745
0.4951768654,0.7560728745
0.4952004221,0.7560728745
0.4954660756,0.7560728745
0.4955903348,0.7560728745
0.4957011560,0.7560728745
0.4957454663,0.7560728745
0.4958688535,0.7560728745
0.4959449139,0.7560728745
0.4959578961,0.7560728745
0.4959817314,0.7560728745
0.4959983125,0.7560728745
0.4960671863,0.7560728745
0.4961292879,0.7560728745
0.4961893838,0.7560728745
0.4964088593,0.7560728745
0.4964405399,0.7560728745
0.4964872644,0.7560728745
0.4964974048,0.7560728745
0.4965178476,0.7560728745
0.4965885204,0.7560728745
0.4966453665,0.7560728745
0.4966572310,0.7560728745
0.4966945518,0.7560728745
0.4968818788,0.7560728745
0.4973726482,0.7560728745
0.4974071766,0.7560728745
0.4974243174,0.7560728745
0.4976025975,0.7560728745
0.4976227145,0.7560728745
0.4977916834,0.7560728745
0.4978009635,0.7560728745
0.4979170512,0.7560728745
0.4979934967,0.7560728745
0.4983492297,0.7560728745
0.4984408574,0.7560728745
0.4984996793,0.7560728745
0.4985134917,0.7560728745
0.4986126764,0.7560728745
0.4986513021,0.7560728745
0.4986854052,0.7560728745
0.4986995520,0.7560728745
0.4987063091,0.7560728745
0.4988217182,0.7560728745
0.4990123833,0.7560728745
0.4990272095,0.7560728745
0.4991330420,0.7560728745
0.4991733679,0.7560728745
0.4992240071,0.7560728745
0.4992596944,0.7560728745
0.4992927363,0.7560728745
0.4993084294,0.7560728745
0.4993236096,0.7560728745
0.4994135250,0.7560728745
0.4996195094,0.7560728745
0.4996380248,0.7560728745
0.4998362740,0.7560728745
0.4998757182,0.7560728745
0.4999281701,0.7560728745
0.5002530994,0.7560728745
0.5004614871,0.7560728745
0.5005897872,0.7560728745
0.5006028065,0.7560728745
0.5006448007,0.7560728745
0.5006855062,0.7560728745
0.5009673376,0.7560728745
0.5009972260,0.7560728745
0.5010472661,0.7560728745
0.5010629822,0.7560728745
0.5011250188,0.7560728745
0.5014207016,0.7560728745
0.5015850368,0.7560728745
0.5017061581,0.7560728745
0.5020072424,0.7560728745
0.5021239917,0.7560728745
0.5022597286,0.7560728745
0.5023091108,0.7560728745
0.5024353055,0.7560728745
0.5025584373,0.7560728745
0.5026232709,0.7560728745
0.5028166917,0.7560728745
0.5028329209,0.7560728745
0.5028540715,0.7560728745
0.5030422640,0.7560728745
0.5031313558,0.7560728745
0.5032018939,0.7560728745
0.5032996254,0.7560728745
0.5032999581,0.7560728745
0.5033075834,0.7560728745
0.5033337614,0.7560728745
0.5034858989,0.7560728745
0.5035266259,0.7560728745
0.5035426066,0.7560728745
0.5037329101,0.7560728745
0.5037361964,0.7560728745
0.5037695519,0.7560728745
0.5039328929,0.7560728745
0.5039440126,0.7560728745
0.5039695042,0.7560728745
0.5043234303,0.7560728745
0.5043418790,0.7560728745
0.5043523652,0.7560728745
0.5046720936,0.7560728745
0.5050731830,0.7560728745
0.5050927739,0.7560728745
0.5051568603,0.7560728745
0.5052311903,0.7560728745
0.5053214527,0.7560728745
0.5054086044,0.7560728745
0.5054247109,0.7560728745
0.5059443724,0.7560728745
0.5059684358,0.7560728745
0.5059813957,0.7560728745
0.5060098956,0.7560728745
0.5062492338,0.7560728745
0.5062929793,0.7560728745
0.5063167970,0.7560728745
0.5065398927,0.7560728745
0.5067575804,0.7560728745
0.5068278727,0.7560728745
0.5068298358,0.7560728745
0.5069245785,0.7560728745
0.5070717998,0.7560728745
0.5072104362,0.7560728745
0.5074350355,0.7560728745
0.5075903791,0.7560728745
0.5077686934,0.7560728745
0.5078132701,0.7560728745
0.5078549730,0.7560728745
0.5079046429,0.7560728745
0.5081533354,0.7560728745
0.5084127055,0.7560728745
0.5084702404,0.7560728745
0.5089182184,0.7560728745
0.5089750542,0.7560728745
0.5091506140,0.7560728745
0.5091529210,0.7560728745
0.5092188776,0.7560728745
0.5093067851,0.7560728745
0.5093161359,0.7560728745
0.5093908810,0.7560728745
0.5094311498,0.7560728745
0.5094378295,0.7560728745
0.5094645298,0.7560728745
0.5096362838,0.7560728745
0.5096898650,0.7560728745
0.5097830891,0.7560728745
0.5098410390,0.7560728745
0.5102847770,0.7560728745
0.5107967320,0.7560728745
0.5108136119,0.7560728745
0.5108441332,0.7560728745
0.5110096495,0.7560728745
0.5110517087,0.7560728745
0.5111570183,0.7560728745
0.5112426976,0.7560728745
0.5112621220,0.7560728745
0.5112844439,0.7560728745
0.5112913182,0.7560728745
0.5113291999,0.7560728745
0.5114850350,0.7560728745
0.5114913301,0.7560728745
0.5115181182,0.7560728745
0.5115195658,0.7560728745
0.5116904187,0.7560728745
0.5118393033,0.7560728745
0.5118676735,0.7560728745
0.5118700000,0.7560728745
0.5120331783,0.7560728745
0.5121343357,0.7560728745
0.5121820765,0.7560728745
0.5121925106,0.7560728745
0.5122387095,0.7560728745
0.5123561868,0.7560728745
0.5126174279,0.7560728745
0.5129281320,0.7560728745
0.5130894811,0.7560728745
0.5132063920,0.7560728745
0.5132765489,0.7560728745
0.5133160356,0.7560728745
0.5133873674,0.7560728745
0.5134687740,0.7560728745
0.5135263379,0.7560728745
0.5136417176,0.7560728745
0.5139186634,0.7560728745
0.5142251777,0.7560728745
0.5143789638,0.7560728745
0.5143842021,0.7560728745
0.5145254480,0.7560728745
0.5145558686,0.7560728745
0.5147203161,0.7560728745
0.5148258789,0.7560728745
0.5149252170,0.7560728745
0.5149922414,0.7560728745
0.5152300055,0.7560728745
0.5152386580,0.7560728745
0.5153257111,0.7560728745
0.5153655809,0.7560728745
0.5154011431,0.7560728745
0.5155319150,0.7560728745
0.5155763525,0.7560728745
0.5155770371,0.7560728745
0.5157081170,0.7560728745
0.5157303145,0.7965517241
0.5157739410,0.7965517241
0.5162399051,0.7965517241
0.5164530892,0.7965517241
0.5168947813,0.7965517241
0.5169521518,0.7965517241
0.5169556147,0.7965517241
0.5170580919,0.7965517241
0.5171058608,0.7965517241
0.5171565417,0.7965517241
0.5172651470,0.7965517241
0.5173858781,0.7965517241
0.5174152773,0.7965517241
0.5174555533,0.7965517241
0.5175009643,0.7965517241
0.5175170377,0.7965517241
0.5175171842,0.7965517241
0.5177258500,0.7965517241
0.5179843074,0.7965517241
0.5179973981,0.7965517241
0.5183186382,0.7965517241
0.5184251860,0.7965517241
0.5184811752,0.7965517241
0.5187711257,0.7965517241
0.5190998303,0.7965517241
0.5192110838,0.7965517241
0.5192196314,0.7965517241
0.5192957604,0.7965517241
0.5193160792,0.7965517241
0.5193725178,0.7965517241
0.5194448755,0.7965517241
0.5196075441,0.7965517241
0.5197637895,0.7965517241
0.5198616774,0.7965517241
0.5200359815,0.7965517241
0.5201726969,0.7965517241
0.5203201932,0.7965517241
0.5204157082,0.7965517241
0.5204390907,0.7965517241
0.5206734847,0.7965517241
0.5208056005,0.7965517241
0.5208189914,0.7965517241
0.5208474420,0.7965517241
0.5209009913,0.7965517241
0.5211252371,0.7965517241
0.5212689808,0.7965517241
0.5214010954,0.7965517241
0.5214112841,0.7965517241
0.5215808351,0.7965517241
0.5219402683,0.7965517241
0.5220149689,0.7965517241
0.5222494997,0.7965517241
0.5222801603,0.7965517241
0.5223478234,0.7965517241
0.5224100277,0.7965517241
0.5225425302,0.7965517241
0.5226508342,0.7965517241
0.5227115003,0.7965517241
0.5227874245,0.7965517241
0.5228794920,0.7965517241
0.5229039562,0.7965517241
0.5229741319,0.7965517241
0.5231275608,0.7965517241
0.5234506490,0.7965517241
0.5234912806,0.7965517241
0.5238403811,0.7965517241
0.5238497646,0.7965517241
0.5238776512,0.7965517241
0.5239990835,0.7965517241
0.5243690681,0.7965517241
0.5245894544,0.7965517241
0.5245952188,0.7965517241
0.5246544383,0.7965517241
0.5246739201,0.7965517241
0.5247826347,0.7965517241
0.5247942496,0.7965517241
0.5251539156,0.7965517241
0.5252176094,0.7965517241
0.5253384140,0.7965517241
0.5256159982,0.7965517241
0.5256346878,0.7965517241
0.5257716101,0.7965517241
0.5258435177,0.7965517241
0.5261683929,0.7965517241
0.5263357173,0.7965517241
0.5263412892,0.7965517241
0.5264039343,0.7965517241
0.5266138662,0.7965517241
0.5266759878,0.7965517241
0.5269301875,0.7965517241
0.5272320040,0.7965517241
0.5273307815,0.7965517241
0.5273625766,0.7965517241
0.5274256006,0.7965517241
0.5276221626,0.7965517241
0.5276846944,0.7965517241
0.5278157832,0.7965517241
0.5280218087,0.7965517241
0.5283018331,0.7965517241
0.5283722251,0.7965517241
0.5285720087,0.7965517241
0.5289920518,0.7965517241
0.5289993906,0.7965517241
0.5290541209,0.7965517241
0.5292338886,0.7965517241
0.5293642077,0.7965517241
0.5294053699,0.7965517241
0.5294542499,0.7965517241
0.5295706449,0.7965517241
0.5296339035,0.7965517241
0.5296852302,0.7965517241
0.5300035270,0.7965517241
0.5301405198,0.7965517241
0.5304662728,0.7965517241
0.5304683198,0.7965517241
0.5305621382,0.7965517241
0.5305986147,0.7965517241
0.5306999987,0.7965517241
0.5307050102,0.7965517241
0.5307676822,0.7965517241
0.5307701041,0.7965517241
0.5308682216,0.7965517241
0.5310517687,0.7965517241
0.5311652193,0.7965517241
0.5312354962,0.7965517241
0.5312997980,0.7965517241
0.5313122031,0.7965517241
0.5313263124,0.7965517241
0.5313655352,0.7965517241
0.5313928128,0.7965517241
0.5315574163,0.7965517241
0.5317213179,0.7965517241
0.5317523753,0.7965517241
0.5317672795,0.7965517241
0.5318306086,0.7965517241
0.5318512415,0.7965517241
0.5319304584,0.7965517241
0.5319372811,0.7965517241
0.5322619300,0.7965517241
0.5323908336,0.7965517241
0.5330107505,0.7965517241
0.5330472110,0.7965517241
0.5330966101,0.7965517241
0.5331958324,0.7965517241
0.5334286783,0.7965517241
0.5334902483,0.7965517241
0.5335699109,0.7965517241
0.5335922974,0.7965517241
0.5336622394,0.7965517241
0.5336992167,0.7965517241
0.5337012304,0.7965517241
0.5342922733,0.7965517241
0.5344569871,0.7965517241
0.5346655892,0.7965517241
0.5349990312,0.7965517241
0.5355106431,0.7965517241
0.5355221330,0.7965517241
0.5356239640,0.7965517241
0.5356952626,0.7965517241
0.5359084061,0.7965517241
0.5359678039,0.7965517241
0.5359910891,0.7965517241
0.5360605268,0.7965517241
0.5361393745,0.7965517241
0.5361536546,0.7965517241
0.5361666023,0.7965517241
0.5362056259,0.7965517241
0.5365256184,0.7965517241
0.5366171436,0.7965517241
0.5367756526,0.7965517241
0.5369652699,0.7965517241
0.5369893043,0.7965517241
0.5370442433,0.7965517241
0.5371311038,0.7965517241
0.5371861459,0.7965517241
0.5373060682,0.7965517241
0.5378003397,0.7965517241
0.5378164781,0.7965517241
0.5379669580,0.7965517241
0.5380044501,0.7965517241
0.5382290247,0.7965517241
0.5383277658,0.7965517241
0.5385810036,0.7965517241
0.5386738707,0.7965517241
0.5391602455,0.7965517241
0.5391673827,0.7965517241
0.5394482539,0.7965517241
0.5395228738,0.7965517241
0.5398356507,0.7965517241
0.5398951119,0.7965517241
0.5399253504,0.7965517241
0.5400936569,0.7965517241
0.5401139046,0.7965517241
0.5402707795,0.7965517241
0.5403715389,0.7965517241
0.5404734726,0.7965517241
0.5406233519,0.7965517241
0.5407513558,0.7965517241
0.5408741271,0.7965517241
0.5409708890,0.7965517241
0.5409946010,0.7965517241
0.5412297136,0.7965517241
0.5412412445,0.7965517241
0.5414716838,0.7965517241
0.5415747318,0.7965517241
0.5417720577,0.7965517241
0.5418368838,0.7965517241
0.5420887353,0.7965517241
0.5422366557,0.7965517241
0.5425275412,0.7965517241
0.5429050200,0.7965517241
0.5429186002,0.7965517241
0.5431125291,0.7965517241
0.5431981272,0.7965517241
0.5432278716,0.7965517241
0.5438135209,0.7965517241
0.5447270417,0.7965517241
0.5448798195,0.7965517241
0.5452212154,0.7965517241
0.5453573876,0.7965517241
0.5453856724,0.7965517241
0.5460393322,0.7965517241
0.5460733832,0.7965517241
0.5461404553,0.7965517241
0.5462445314,0.7965517241
0.5463286890,0.7965517241
0.5464218083,0.7965517241
0.5465350876,0.7965517241
0.5466145017,0.7965517241
0.5466318505,0.7965517241
0.5466577788,0.7965517241
0.5468607093,0.7965517241
0.5469657303,0.7965517241
0.5470442624,0.7965517241
0.5474546245,0.7965517241
0.5477625193,0.7965517241
0.5477820562,0.7965517241
0.5478137865,0.7965517241
0.5478284075,0.7965517241
0.5482165826,0.7965517241
0.5482714508,0.7965517241
0.5483575839,0.7965517241
0.5485024357,0.7965517241
0.5485583565,0.7965517241
0.5489059620,0.7965517241
0.5492994028,0.7965517241
0.5493930343,0.7965517241
0.5495117337,0.7965517241
0.5497919217,0.7965517241
0.5501003649,0.7965517241
0.5504870061,0.7965517241
0.5507422220,0.7965517241
0.5510684088,0.7965517241
0.5515041811,0.7965517241
0.5516691678,0.7965517241
0.5518141773,0.7965517241
0.5518675873,0.7965517241
0.5522991561,0.7965517241
0.5524970585,0.7965517241
0.5526236771,0.7965517241
0.5527323869,0.7965517241
0.5531852291,0.7965517241
0.5532154997,0.7965517241
0.5533793898,0.7965517241
0.5534540878,0.7965517241
0.5537740727,0.7965517241
0.5538093356,0.7965517241
0.5538105607,0.7965517241
0.5541258917,0.7965517241
0.5542970933,0.7965517241
0.5544716434,0.7965517241
0.5544864842,0.7965517241
0.5546074449,0.7965517241
0.5547671586,0.7965517241
0.5548180328,0.7965517241
0.5548946463,0.7965517241
0.5550780239,0.7965517241
0.5552669250,0.7965517241
0.5553050934,0.7965517241
0.5554595463,0.7965517241
0.5557695507,0.7965517241
0.5558863843,0.7965517241
0.5560084781,0.7965517241
0.5560638509,0.7965517241
0.5561982857,0.7965517241
0.5565955334,0.7965517241
0.5567289734,0.7965517241
0.5567490843,0.7965517241
0.5567503904,0.7965517241
0.5567518036,0.7965517241
0.5572572837,0.8219178082
0.5572859658,0.8219178082
0.5573615873,0.8219178082
0.5575051183,0.8219178082
0.5575589599,0.8219178082
0.5575599794,0.8219178082
0.5579483949,0.8219178082
0.5580963961,0.8219178082
0.5581274389,0.8219178082
0.5581981950,0.8219178082
0.5585743282,0.8219178082
0.5589387104,0.8219178082
0.5592973175,0.8219178082
0.5593001544,0.8219178082
0.5593928596,0.8219178082
0.5595496367,0.8219178082
0.5595556208,0.8219178082
0.5597567566,0.8219178082
0.5598468905,0.8219178082
0.5601040058,0.8219178082
0.5602889500,0.8219178082
0.5603259576,0.8219178082
0.5603674239,0.8219178082
0.5605052896,0.8219178082
0.5605960805,0.8219178082
0.5606068225,0.8219178082
0.5607465333,0.8219178082
0.5608425060,0.8219178082
0.5613002108,0.8219178082
0.5613828040,0.8219178082
0.5615491617,0.8219178082
0.5617695373,0.8219178082
0.5618335410,0.8219178082
0.5621686050,0.8219178082
0.5622064203,0.8219178082
0.5622233090,0.8219178082
0.5622886572,0.8219178082
0.5623499312,0.8219178082
0.5624153769,0.8219178082
0.5626455971,0.8219178082
0.5627061032,0.8219178082
0.5631603964,0.8219178082
0.5632218746,0.8219178082
0.5632385661,0.8219178082
0.5637120793,0.8219178082
0.5638072703,0.8219178082
0.5639781217,0.8219178082
0.5641256707,0.8219178082
0.5642684890,0.8219178082
0.5644339644,0.8219178082
0.5644411116,0.8219178082
0.5648268968,0.8219178082
0.5654245532,0.8219178082
0.5656150812,0.8219178082
0.5656222410,0.8219178082
0.5657681438,0.8219178082
0.5658962113,0.8219178082
0.5661383886,0.8219178082
0.5662376368,0.8219178082
0.5662957674,0.8219178082
0.5663467787,0.8219178082
0.5663879460,0.8219178082
0.5668832289,0.8219178082
0.5675951152,0.8219178082
0.5676361817,0.8219178082
0.5677669583,0.8219178082
0.5679923708,0.8219178082
0.5680759130,0.8219178082
0.5681595031,0.8219178082
0.5683140751,0.8219178082
0.5684379070,0.8219178082
0.5684768360,0.8219178082
0.5685478736,0.8219178082
0.5685557185,0.8219178082
0.5685876632,0.8219178082
0.5686063175,0.8219178082
0.5686096416,0.8219178082
0.5686337518,0.8219178082
0.5689629848,0.8219178082
0.5692530447,0.8219178082
0.5692755251,0.8219178082
0.5693642108,0.8219178082
0.5694599577,0.8219178082
0.5695421618,0.8219178082
0.5697119945,0.8219178082
0.5698993846,0.8219178082
0.5703604738,0.8219178082
0.5705838975,0.8219178082
0.5707965991,0.8219178082
0.5708238269,0.8219178082
0.5708663542,0.8219178082
0.5711707703,0.8219178082
0.5713286213,0.8219178082
0.5713468944,0.8219178082
0.5713827471,0.8219178082
0.5715515273,0.8219178082
0.5715676662,0.8219178082
0.5716015517,0.8219178082
0.5721369757,0.8219178082
0.5722327034,0.8219178082
0.5723227523,0.8219178082
0.5726380371,0.8219178082
0.5726448297,0.8219178082
0.5727263745,0.8219178082
0.5730374471,0.8219178082
0.5732273327,0.8219178082
0.5732601869,0.8219178082
0.5733585130,0.8219178082
0.5733822772,0.8219178082
0.5734826252,0.8219178082
0.5735475131,0.8219178082
0.5738881673,0.8219178082
0.5740594200,0.8219178082
0.5741005062,0.8219178082
0.5743117602,0.8219178082
0.5746435899,0.8219178082
0.5746525907,0.8219178082
0.5747422664,0.8219178082
0.5750008437,0.8219178082
0.5750933029,0.8219178082
0.5757454876,0.8219178082
0.5758723113,0.8219178082
0.5765064886,0.8219178082
0.5766973211,0.8219178082
0.5768407325,0.8219178082
0.5770121069,0.8219178082
0.5780811045,0.8219178082
0.5781758985,0.8219178082
0.5782863920,0.8219178082
0.5784298109,0.8219178082
0.5784684214,0.8219178082
0.5789063783,0.8219178082
0.5790286223,0.8219178082
0.5790699227,0.8219178082
0.5792441125,0.8219178082
0.5795630870,0.8219178082
0.5796479587,0.8219178082
0.5796913474,0.8219178082
0.5797960165,0.8219178082
0.5798104250,0.8219178082
0.5798449887,0.8219178082
0.5798863878,0.8219178082
0.5802044627,0.8219178082
0.5806526919,0.8219178082
0.5808640095,0.8219178082
0.5808830189,0.8219178082
0.5809488783,0.8219178082
0.5810163765,0.8219178082
0.5810999788,0.8219178082
0.5814109264,0.8219178082
0.5814609192,0.8219178082
0.5815974304,0.8219178082
0.5817482363,0.8219178082
0.5817686905,0.8219178082
0.5817864178,0.8219178082
0.5817951530,0.8219178082
0.5818483590,0.8219178082
0.5818963025,0.8219178082
0.5819658201,0.8219178082
0.5822649356,0.8219178082
0.5823911161,0.8219178082
0.5825406778,0.8219178082
0.5827263208,0.8219178082
0.5827348207,0.8219178082
0.5829181218,0.8219178082
0.5829771623,0.8219178082
0.5832234272,0.8219178082
0.5832433639,0.8219178082
0.5832561398,0.8219178082
0.5832945673,0.8219178082
0.5835581384,0.8219178082
0.5837739925,0.8219178082
0.5838083843,0.8219178082
0.5840962215,0.8219178082
0.5846285861,0.8219178082
0.5847207398,0.8219178082
0.5849398698,0.8219178082
0.5851372699,0.8219178082
0.5853632605,0.8219178082
0.5857691274,0.8219178082
0.5858495740,0.8219178082
0.5858623572,0.8219178082
0.5860021009,0.8219178082
0.5861812552,0.8219178082
0.5861969791,0.8219178082
0.5867570810,0.8219178082
0.5870938734,0.8219178082
0.5871832036,0.8219178082
0.5873522340,0.8219178082
0.5873580314,0.8219178082
0.5874182743,0.8219178082
0.5876819681,0.8219178082
0.5877716341,0.8219178082
0.5877959797,0.8219178082
0.5879214427,0.8219178082
0.5881901183,0.8219178082
0.5882231325,0.8219178082
0.5883373548,0.8219178082
0.5885194197,0.8219178082
0.5885800390,0.8219178082
0.5886289109,0.8219178082
0.5886714266,0.8219178082
0.5888965406,0.8219178082
0.5891068985,0.8219178082
0.5892385673,0.8219178082
0.5892633052,0.8219178082
0.5894101153,0.8219178082
0.5895260622,0.8219178082
0.5896338159,0.8219178082
0.5897687638,0.8219178082
0.5898947005,0.8219178082
0.5899702629,0.8219178082
0.5901288740,0.8219178082
0.5901600564,0.8219178082
0.5903695633,0.8219178082
0.5905504425,0.8219178082
0.5906620716,0.8219178082
0.5906883006,0.8219178082
0.5907201158,0.8219178082
0.5910176397,0.8219178082
0.5912575453,0.8219178082
0.5913355305,0.8219178082
0.5913891968,0.8219178082
0.5914257687,0.8219178082
0.5916549356,0.8219178082
0.5917419370,0.8219178082
0.5917896263,0.8219178082
0.5919960023,0.8219178082
0.5921368313,0.8219178082
0.5923030088,0.8219178082
0.5924084633,0.8219178082
0.5925016399,0.8219178082
0.5925042056,0.8219178082
0.5927889863,0.8219178082
0.5928723034,0.8219178082
0.5931388623,0.8219178082
0.5932685914,0.8219178082
0.5939821188,0.8219178082
0.5946416279,0.8219178082
0.5946842734,0.8219178082
0.5950885643,0.8219178082
0.5951299941,0.8219178082
0.5952555704,0.8219178082
0.5954560371,0.8219178082
0.5955535315,0.8219178082
0.5956395336,0.8219178082
0.5958903233,0.8219178082
0.5959589157,0.8219178082
0.5960448524,0.8219178082
0.5961585521,0.8219178082
0.5962101167,0.8219178082
0.5962131116,0.8219178082
0.5962282991,0.8219178082
0.5964555098,0.8219178082
0.5964884266,0.8219178082
0.5965402682,0.8219178082
0.5966592552,0.8219178082
0.5967751997,0.8219178082
0.5969443794,0.8219178082
0.5970127748,0.8219178082
0.5970243407,0.8219178082
0.5971465247,0.8219178082
0.5971912670,0.8219178082
0.5972948762,0.8219178082
0.5974647449,0.8219178082
0.5975145492,0.8219178082
0.5984826248,0.8219178082
0.5985818910,0.8219178082
0.5988022065,0.8219178082
0.5988475662,0.8219178082
0.5988687217,0.8219178082
0.5988695292,0.8219178082
0.5992381441,0.8219178082
0.5993369708,0.8219178082
0.5993557281,0.8219178082
0.5995185299,0.8219178082
0.5995476335,0.8219178082
0.5995687607,0.8219178082
0.5999021107,0.8219178082
0.6001816310,0.8219178082
0.6002272494,0.8219178082
0.6004082787,0.8219178082
0.6005749503,0.8219178082
0.6005786247,0.8219178082
0.6005903585,0.8219178082
0.6006861823,0.8219178082
0.6007135086,0.8219178082
0.6008666698,0.8219178082
0.6009055766,0.8219178082
0.6010254670,0.8219178082
0.6011564638,0.8219178082
0.6011877000,0.8219178082
0.6013015031,0.8500000000
0.6014092749,0.8500000000
0.6016364861,0.8500000000
0.6017438243,0.8500000000
0.6017643060,0.8500000000
0.6018272347,0.8500000000
0.6018602169,0.8500000000
0.6020804668,0.8500000000
0.6021537486,0.8500000000
0.6025001542,0.8500000000
0.6027524182,0.8500000000
0.6027535230,0.8500000000
0.6030132097,0.8500000000
0.6031330284,0.8500000000
0.6033195701,0.8500000000
0.6037859283,0.8500000000
0.6039112468,0.8500000000
0.6044407537,0.8500000000
0.6045093970,0.8500000000
0.6048098889,0.8500000000
0.6050283401,0.8500000000
0.6054461859,0.8500000000
0.6055289748,0.8500000000
0.6055321121,0.8500000000
0.6057347082,0.8500000000
0.6060961074,0.8500000000
0.6061894183,0.8500000000
0.6062489899,0.8500000000
0.6063655590,0.8500000000
0.6064409889,0.8500000000
0.6064600083,0.8500000000
0.6065414524,0.8500000000
0.6068373707,0.8500000000
0.6071159422,0.8500000000
0.6074269163,0.8500000000
0.6075059491,0.8500000000
0.6075664494,0.8500000000
0.6076219143,0.8500000000
0.6076491848,0.8500000000
0.6077446218,0.8500000000
0.6077940360,0.8500000000
0.6079695435,0.8500000000
0.6082319788,0.8500000000
0.6085131939,0.8500000000
0.6086843065,0.8500000000
0.6088319750,0.8500000000
0.6088816576,0.8500000000
0.6091041008,0.8500000000
0.6092120420,0.8500000000
0.6097056856,0.8500000000
0.6097924999,0.8500000000
0.6099897196,0.8500000000
0.6104507380,0.8500000000
0.6115233288,0.8500000000
0.6116047296,0.8500000000
0.6116901912,0.8500000000
0.6117324734,0.8500000000
0.6117457763,0.8500000000
0.6118104026,0.8500000000
0.6120716998,0.8500000000
0.6121207040,0.8500000000
0.6121285056,0.8500000000
0.6121809301,0.8500000000
0.6122904254,0.8500000000
0.6123373480,0.8500000000
0.6126215058,0.8500000000
0.6127874900,0.8500000000
0.6129255768,0.8500000000
0.6130466015,0.8500000000
0.6130992767,0.8500000000
0.6133476785,0.8500000000
0.6135125275,0.8500000000
0.6136494589,0.8500000000
0.6137711724,0.8500000000
0.6137947573,0.8500000000
0.6140807325,0.8500000000
0.6142002622,0.8500000000
0.6142481741,0.8500000000
0.6149172098,0.8500000000
0.6149625884,0.8500000000
0.6149970724,0.8500000000
0.6150251047,0.8500000000
0.6153093843,0.8500000000
0.6153529473,0.8500000000
0.6153991122,0.8500000000
0.6155132951,0.8500000000
0.6155564270,0.8500000000
0.6156247445,0.8500000000
0.6157522158,0.8500000000
0.6157950090,0.8500000000
0.6162918290,0.8500000000
0.6164887122,0.8500000000
0.6168403114,0.8500000000
0.6170481180,0.8500000000
0.6171182344,0.8500000000
0.6171432887,0.8500000000
0.6171832685,0.8500000000
0.6173424420,0.8500000000
0.6176575197,0.8500000000
0.6176758110,0.8500000000
0.6176982298,0.8500000000
0.6177737700,0.8500000000
0.6178046206,0.8500000000
0.6183289524,0.8500000000
0.6187326129,0.8500000000
0.6196665530,0.8500000000
0.6197339763,0.8500000000
0.6203066157,0.8500000000
0.6203268790,0.8500000000
0.6205755183,0.8500000000
0.6206078168,0.8500000000
0.6206759366,0.8500000000
0.6207917974,0.8500000000
0.6210186527,0.8500000000
0.6210289699,0.8500000000
0.6210590701,0.8500000000
0.6211960650,0.8500000000
0.6212911388,0.8500000000
0.6213175104,0.8500000000
0.6217061313,0.8500000000
0.6217104299,0.8500000000
0.6218002764,0.8500000000
0.6223068896,0.8500000000
0.6223161396,0.8500000000
0.6224765137,0.8500000000
0.6228208700,0.8500000000
0.6228985374,0.8500000000
0.6229847820,0.8500000000
0.6233435153,0.8500000000
0.6234179038,0.8500000000
0.6234463357,0.8500000000
0.6235572982,0.8500000000
0.6236333995,0.8500000000
0.6236666742,0.8500000000
0.6237173500,0.8500000000
0.6238665264,0.8500000000
0.6239438009,0.8500000000
0.6239581169,0.8500000000
0.6252540856,0.8500000000
0.6253106171,0.8500000000
0.6253473791,0.8500000000
0.6255592886,0.8500000000
0.6256043532,0.8500000000
0.6259509633,0.8500000000
0.6260109209,0.8500000000
0.6275064772,0.8500000000
0.6277844300,0.8500000000
0.6279249611,0.8500000000
0.6279698670,0.8500000000
0.6280043662,0.8500000000
0.6280548401,0.8500000000
0.6283686745,0.8500000000
0.6284667979,0.8500000000
0.6285171655,0.8500000000
0.6289349750,0.8500000000
0.6289557436,0.8500000000
0.6290753469,0.8500000000
0.6293618287,0.8500000000
0.6298103522,0.8500000000
0.6298366662,0.8500000000
0.6299564003,0.8500000000
0.6300101356,0.8500000000
0.6300952787,0.8500000000
0.6300999121,0.8500000000
0.6302550453,0.8500000000
0.6304314115,0.8500000000
0.6305436769,0.8500000000
0.6309651077,0.8500000000
0.6311130651,0.8500000000
0.6311549626,0.8500000000
0.6316016509,0.8500000000
0.6317788227,0.8500000000
0.6325352077,0.8500000000
0.6327162921,0.8500000000
0.6330731241,0.8500000000
0.6332008801,0.8500000000
0.6332473577,0.8500000000
0.6335182015,0.8500000000
0.6335973288,0.8500000000
0.6336414850,0.8500000000
0.6337192301,0.8500000000
0.6339182110,0.8500000000
0.6339328922,0.8500000000
0.6340102916,0.8500000000
0.6341892050,0.8500000000
0.6343313180,0.8500000000
0.6344581259,0.8500000000
0.6347853188,0.8500000000
0.6348691851,0.8500000000
0.6351312694,0.8500000000
0.6353846584,0.8500000000
0.6356743889,0.8500000000
0.6359017914,0.8500000000
0.6363124256,0.8500000000
0.6365469378,0.8500000000
0.6366546907,0.8500000000
0.6370681950,0.8500000000
0.6372770671,0.8500000000
0.6374091829,0.8500000000
0.6378209694,0.8500000000
0.6378592278,0.8500000000
0.6383200469,0.8500000000
0.6391764270,0.8500000000
0.6395366290,0.8500000000
0.6395786625,0.8500000000
0.6399567945,0.8500000000
0.6404458863,0.8500000000
0.6406408972,0.8500000000
0.6411012885,0.8500000000
0.6413292124,0.8500000000
0.6417808874,0.8500000000
0.6425818523,0.8500000000
0.6428472051,0.8500000000
0.6431377342,0.8500000000
0.6434563949,0.8500000000
0.6441865905,0.8500000000
0.6442173056,0.8500000000
0.6447754783,0.8500000000
0.6450288570,0.8500000000
0.6452436637,0.8500000000
0.6454511968,0.8500000000
0.6454914939,0.8500000000
0.6460826453,0.8500000000
0.6463153224,0.8500000000
0.6467170775,0.8500000000
0.6468036875,0.8500000000
0.6468728441,0.8500000000
0.6470050422,0.8500000000
0.6478846934,0.8500000000
0.6480948897,0.8500000000
0.6483195515,0.8500000000
0.6487642288,0.8500000000
0.6487981619,0.8500000000
0.6490811485,0.8500000000
0.6497884539,0.8500000000
0.6498259049,0.8500000000
0.6498323922,0.8500000000
0.6499347869,0.8500000000
0.6505738135,0.8500000000
0.6506731228,0.8500000000
0.6506918073,0.8500000000
0.6507078979,0.8500000000
0.6508621548,0.8500000000
0.6519661845,0.8500000000
0.6520108154,0.8500000000
0.6520558952,0.8500000000
0.6522098286,0.8500000000
0.6524807348,0.8500000000
0.6536055266,0.8500000000
0.6537295580,0.8500000000
0.6538122197,0.8500000000
0.6542037609,0.8500000000
0.6543519522,0.8500000000
0.6543727130,0.8500000000
0.6545398357,0.8500000000
0.6554126408,0.8500000000
0.6554153568,0.8500000000
0.6556953537,0.8500000000
0.6558897779,0.8500000000
0.6561280818,0.8500000000
0.6562793643,0.8500000000
0.6564104785,0.8500000000
0.6565095702,0.8500000000
0.6570720198,0.8500000000
0.6574269717,0.8500000000
0.6577302276,0.8500000000
0.6585900664,0.8500000000
0.6590968056,0.8500000000
0.6600344643,0.8500000000
0.6603183034,0.8500000000
0.6604621477,0.8500000000
0.6608555812,0.8500000000
0.6609840025,0.8500000000
0.6610183782,0.8500000000
0.6614582659,0.8500000000
0.6615910632,0.8500000000
0.6616458384,0.8500000000
0.6628422064,0.8500000000
0.6628611663,0.8500000000
0.6632132258,0.8500000000
0.6633752747,0.8750000000
0.6641735158,0.8750000000
0.6652486142,0.8750000000
0.6654752649,0.8750000000
0.6655220183,0.8750000000
0.6655906083,0.8750000000
0.6656984538,0.8750000000
0.6657937794,0.8750000000
0.6658786461,0.8750000000
0.6660809432,0.8750000000
0.6668577600,0.8750000000
0.6670880500,0.8750000000
0.6672932001,0.8750000000
0.6673654968,0.8750000000
0.6675853168,0.8750000000
0.6676045943,0.8750000000
0.6679496700,0.8842105263
0.6680946666,0.8842105263
0.6681823827,0.8842105263
0.6685971418,0.8842105263
0.6688709544,0.8842105263
0.6692734571,0.8842105263
0.6692979702,0.8842105263
0.6700934972,0.8842105263
0.6701361922,0.8842105263
0.6701579452,0.8842105263
0.6704185971,0.8842105263
0.6705683841,0.8842105263
0.6709798881,0.8842105263
0.6712461505,0.8842105263
0.6714501622,0.8842105263
0.6723744124,0.8842105263
0.6724285079,0.8842105263
0.6725178942,0.8842105263
0.6728142856,0.8842105263
0.6731472817,0.8842105263
0.6731782607,0.8842105263
0.6735564168,0.8842105263
0.6739797593,0.8842105263
0.6749172733,0.8842105263
0.6751935973,0.8842105263
0.6753771940,0.8842105263
0.6756033145,0.8842105263
0.6757152629,0.8842105263
0.6757207354,0.8842105263
0.6761681021,0.8842105263
0.6762097143,0.8842105263
0.6764804155,0.8842105263
0.6766149756,0.8842105263
0.6766328100,0.8842105263
0.6769420952,0.8842105263
0.6774230984,0.8842105263
0.6774907527,0.8842105263
0.6775804631,0.8842105263
0.6777452878,0.8842105263
0.6784817179,0.8842105263
0.6786249031,0.8842105263
0.6790342464,0.8842105263
0.6792087126,0.8842105263
0.6792624491,0.8842105263
0.6794471458,0.8842105263
0.6795867873,0.8842105263
0.6796409234,0.8842105263
0.6797901249,0.8842105263
0.6801526026,0.8842105263
0.6804518831,0.8842105263
0.6809335698,0.8842105263
0.6817582470,0.8842105263
0.6819007801,0.8842105263
0.6821111787,0.8842105263
0.6822210569,0.8842105263
0.6824917648,0.8842105263
0.6825322843,0.8842105263
0.6831278237,0.8842105263
0.6832441063,0.8842105263
0.6833328000,0.8842105263
0.6834751586,0.8842105263
0.6835301288,0.8842105263
0.6840569401,0.8842105263
0.6842903536,0.8842105263
0.6843819581,0.8842105263
0.6846614325,0.8842105263
0.6846921537,0.8842105263
0.6849497039,0.8842105263
0.6849513246,0.8842105263
0.6849719085,0.8842105263
0.6858162470,0.8842105263
0.6860546459,0.8842105263
0.6864996232,0.8842105263
0.6871769934,0.8842105263
0.6873464073,0.8842105263
0.6873764249,0.8842105263
0.6877143851,0.8842105263
0.6892638179,0.8842105263
0.6893891099,0.8842105263
0.6897209192,0.8842105263
0.6901329447,0.8842105263
0.6903330549,0.8842105263
0.6906152650,0.8842105263
0.6908443626,0.8842105263
0.6914642623,0.8842105263
0.6921316837,0.8842105263
0.6922297594,0.8842105263
0.6926071719,0.8842105263
0.6929483743,0.8842105263
0.6932861282,0.8842105263
0.6934618635,0.8842105263
0.6936228906,0.8842105263
0.6940785602,0.8842105263
0.6943974407,0.8842105263
0.6950316233,0.8842105263
0.6956232223,0.9082568807
0.6958639961,0.9082568807
0.6961950284,0.9082568807
0.6962420080,0.9082568807
0.6962586694,0.9082568807
0.6963656182,0.9082568807
0.6968238716,0.9082568807
0.6972946441,0.9082568807
0.6973447883,0.9082568807
0.6974604250,0.9082568807
0.6975364900,0.9082568807
0.6976871923,0.9082568807
0.6984930158,0.9082568807
0.6999780808,0.9082568807
0.7003624778,0.9082568807
0.7006116216,0.9082568807
0.7015811043,0.9082568807
0.7018797075,0.9082568807
0.7022293855,0.9082568807
0.7022738407,0.9082568807
0.7023525064,0.9082568807
0.7024075049,0.9082568807
0.7027106110,0.9082568807
0.7031933361,0.9082568807
0.7033863577,0.9082568807
0.7034504895,0.9082568807
0.7041888874,0.9082568807
0.7047614358,0.9082568807
0.7049865901,0.9082568807
0.7050323444,0.9082568807
0.7050769446,0.9082568807
0.7053302579,0.9082568807
0.7057874303,0.9082568807
0.7062997766,0.9082568807
0.7065001505,0.9082568807
0.7072869326,0.9082568807
0.7074158539,0.9082568807
0.7075448061,0.9082568807
0.7075788122,0.9082568807
0.7076459757,0.9082568807
0.7076808778,0.9082568807
0.7085227429,0.9082568807
0.7085579889,0.9082568807
0.7087833508,0.9082568807
0.7090145449,0.9082568807
0.7092427556,0.9082568807
0.7098396979,0.9082568807
0.7101271047,0.9082568807
0.7102732915,0.9082568807
0.7103128154,0.9082568807
0.7105523459,0.9082568807
0.7108389021,0.9082568807
0.7112962804,0.9082568807
0.7113892648,0.9082568807
0.7114330568,0.9082568807
0.7115619182,0.9082568807
0.7116250140,0.9082568807
0.7116640046,0.9082568807
0.7130059298,0.9082568807
0.7133549302,0.9082568807
0.7137908582,0.9082568807
0.7139207170,0.9082568807
0.7139809209,0.9082568807
0.7140181749,0.9082568807
0.7141018197,0.9082568807
0.7142334276,0.9082568807
0.7151163641,0.9082568807
0.7155420920,0.9082568807
0.7156639793,0.9082568807
0.7157602219,0.9082568807
0.7157952245,0.9082568807
0.7164227468,0.9082568807
0.7166650065,0.9082568807
0.7169472230,0.9082568807
0.7175622617,0.9082568807
0.7176537911,0.9082568807
0.7178376095,0.9082568807
0.7180197214,0.9082568807
0.7182020958,0.9082568807
0.7184001654,0.9082568807
0.7185531328,0.9082568807
0.7189663940,0.9082568807
0.7195107755,0.9082568807
0.7198201672,0.9082568807
0.7199996556,0.9082568807
0.7200029503,0.9082568807
0.7200996979,0.9082568807
0.7203015605,0.9082568807
0.7203554856,0.9082568807
0.7203896676,0.9082568807
0.7204087271,0.9082568807
0.7206499782,0.9082568807
0.7206921313,0.9082568807
0.7210619814,0.9082568807
0.7213276195,0.9082568807
0.7221188248,0.9082568807
0.7224078589,0.9082568807
0.7224318915,0.9082568807
0.7225141971,0.9082568807
0.7225405138,0.9082568807
0.7232022514,0.9082568807
0.7238555198,0.9082568807
0.7240203365,0.9082568807
0.7247346343,0.9082568807
0.7248928281,0.9082568807
0.7258083882,0.9082568807
0.7259749780,0.9082568807
0.7263135709,0.9082568807
0.7263702673,0.9082568807
0.7266128587,0.9545454545
0.7269680043,0.9545454545
0.7276375528,0.9545454545
0.7276941929,0.9545454545
0.7279035338,0.9545454545
0.7285795435,0.9545454545
0.7285847658,0.9545454545
0.7288837516,0.9545454545
0.7290167280,0.9545454545
0.7298015018,0.9545454545
0.7299077796,0.9545454545
0.7299146221,0.9545454545
0.7305738442,0.9545454545
0.7313124266,0.9545454545
0.7319671098,0.9545454545
0.7329205016,0.9545454545
0.7329790794,0.9545454545
0.7330121912,0.9545454545
0.7331495751,0.9545454545
0.7339822157,0.9545454545
0.7339850933,0.9545454545
0.7347107925,0.9545454545
0.7349950284,0.9545454545
0.7355724719,0.9545454545
0.7356119230,0.9545454545
0.7358586989,0.9545454545
0.7361638715,0.9545454545
0.7363616413,0.9545454545
0.7366049879,0.9545454545
0.7367854360,0.9545454545
0.7370856890,0.9545454545
0.7372563851,0.9545454545
0.7384275211,0.9545454545
0.7391011274,0.9545454545
0.7392118394,0.9545454545
0.7393176852,0.9545454545
0.7396050908,0.9545454545
0.7401035619,0.9545454545
0.7404347959,0.9545454545
0.7408833418,0.9545454545
0.7411788278,0.9545454545
0.7415348244,0.9545454545
0.7415399215,0.9545454545
0.7417327711,0.9545454545
0.7419439478,0.9545454545
0.7419575056,0.9545454545
0.7419629448,0.9545454545
0.7421318693,0.9545454545
0.7423437161,0.9545454545
0.7435816812,0.9545454545
0.7437497244,0.9545454545
0.7439754694,0.9545454545
0.7443366553,0.9545454545
0.7450127197,0.9545454545
0.7452554494,0.9545454545
0.7469291295,0.9545454545
0.7469406753,0.9545454545
0.7473158153,0.9545454545
0.7478363323,0.9545454545
0.7491516659,0.9545454545
0.7496854757,0.9545454545
0.7496968135,0.9545454545
0.7500247962,0.9545454545
0.7506657221,0.9545454545
0.7517167096,0.9545454545
0.7522636719,0.9545454545
0.7522839680,0.9545454545
0.7523224590,0.9545454545
0.7524206990,0.9545454545
0.7527750715,0.9545454545
0.7528700149,0.9545454545
0.7531581468,0.9545454545
0.7534068150,0.9545454545
0.7534516425,0.9545454545
0.7540594697,0.9545454545
0.7551849810,0.9545454545
0.7553337775,0.9545454545
0.7553586895,0.9545454545
0.7558164426,0.9545454545
0.7569326204,0.9545454545
0.7569563132,0.9545454545
0.7571665502,0.9545454545
0.7573062002,0.9545454545
0.7574448967,0.9545454545
0.7575542926,0.9545454545
0.7578255823,0.9545454545
0.7578672335,0.9545454545
0.7581011618,0.9545454545
0.7581752046,0.9545454545
0.7598752825,0.9545454545
0.7605446927,0.9545454545
0.7607840822,0.9545454545
0.7607876489,0.9545454545
0.7609580180,0.9545454545
0.7611272280,0.9545454545
0.7622581800,0.9545454545
0.7623528590,0.9545454545
0.7624865538,0.9545454545
0.7629567827,0.9545454545
0.7635091906,0.9545454545
0.7636397800,0.9545454545
0.7636525094,0.9545454545
0.7644904493,0.9545454545
0.7649152901,0.9545454545
0.7649325647,0.9545454545
0.7650847909,0.9545454545
0.7654058871,0.9545454545
0.7657543836,0.9545454545
0.7679809800,0.9545454545
0.7684581289,0.9545454545
0.7685864142,0.9545454545
0.7687683496,0.9545454545
0.7691703609,0.9545454545
0.7694253267,0.9545454545
0.7717645638,0.9545454545
0.7720945337,0.9545454545
0.7721053970,0.9545454545
0.7722042176,0.9545454545
0.7728461548,0.9545454545
0.7742145206,0.9545454545
0.7750700358,0.9545454545
0.7753532093,0.9545454545
0.7757034328,0.9545454545
0.7763753236,0.9545454545
0.7766118001,0.9545454545
0.7771170347,0.9545454545
0.7772273611,0.9545454545
0.7774934506,0.9545454545
0.7775803746,0.9545454545
0.7778239054,0.9545454545
0.7785465330,0.9545454545
0.7786267477,0.9545454545
0.7799817639,0.9545454545
0.7802094581,0.9545454545
0.7804304574,0.9545454545
0.7804648227,0.9545454545
0.7805780198,0.9545454545
0.7806083347,0.9545454545
0.7806094454,0.9545454545
0.7823264433,0.9545454545
0.7833743734,0.9545454545
0.7843352412,0.9545454545
0.7845789541,0.9545454545
0.7853522927,0.9545454545
0.7858902409,0.9545454545
0.7861324287,0.9545454545
0.7863717210,0.9545454545
0.7883828349,0.9545454545
0.7901122911,0.9545454545
0.7910044613,0.9545454545
0.7910938520,0.9545454545
0.7916343679,0.9545454545
0.7921233234,0.9545454545
0.7923372162,0.9545454545
0.7935359344,0.9545454545
0.7936358032,0.9545454545
0.7937903713,0.9545454545
0.7948682917,0.9545454545
0.7951901297,0.9545454545
0.7976903384,0.9545454545
0.7979628169,0.9545454545
0.7987841128,0.9545454545
0.7987993896,0.9545454545
0.7988982551,0.9545454545
0.7992448208,0.9545454545
0.8001250047,0.9545454545
0.8010769757,0.9545454545
0.8019272563,0.9545454545
0.8019664192,0.9545454545
0.8026690893,0.9545454545
0.8028611058,0.9545454545
0.8029526058,0.9545454545
0.8035068177,0.9545454545
0.8049044913,0.9545454545
0.8062255260,0.9545454545
0.8064995621,0.9545454545
0.8079955975,0.9545454545
0.8080173864,0.9545454545
0.8080960925,0.9545454545
0.8087635790,0.9545454545
0.8092839530,0.9545454545
0.8093963492,0.9545454545
0.8094881812,0.9545454545
0.8096349396,0.9545454545
0.8106346048,0.9545454545
0.8109822230,0.9545454545
0.8112382280,0.9545454545
0.8113206503,0.9545454545
0.8113785587,0.9545454545
0.8115800996,0.9545454545
0.8116368741,0.9545454545
0.8122708428,0.9545454545
0.8126758360,0.9545454545
0.8131605967,0.9545454545
0.8140901629,0.9545454545
0.8149497260,0.9545454545
0.8153293208,0.9545454545
0.8163566420,0.9545454545
0.8165194385,1.0000000000
0.8166603221,1.0000000000
0.8171597951,1.0000000000
0.8174403143,1.0000000000
0.8188356936,1.0000000000
0.8189647476,1.0000000000
0.8191076883,1.0000000000
0.8191248949,1.0000000000
0.8192107370,1.0000000000
0.8193131808,1.0000000000
0.8203331964,1.0000000000
0.8215891257,1.0000000000
0.8223179554,1.0000000000
0.8224682657,1.0000000000
0.8226341565,1.0000000000
0.8229666003,1.0000000000
0.8233214785,1.0000000000
0.8244017689,1.0000000000
0.8249470999,1.0000000000
0.8250343940,1.0000000000
0.8256159380,1.0000000000
0.8269759117,1.0000000000
0.8273150327,1.0000000000
0.8279192371,1.0000000000
0.8282868500,1.0000000000
0.8283599887,1.0000000000
0.8284217449,1.0000000000
0.8287505042,1.0000000000
0.8288072943,1.0000000000
0.8293305190,1.0000000000
0.8297261514,1.0000000000
0.8307231140,1.0000000000
0.8312023983,1.0000000000
0.8312036667,1.0000000000
0.8318649984,1.0000000000
0.8319505150,1.0000000000
0.8320825763,1.0000000000
0.8328858961,1.0000000000
0.8329549376,1.0000000000
0.8337129356,1.0000000000
0.8340810899,1.0000000000
0.8342917904,1.0000000000
0.8344804268,1.0000000000
0.8347143013,1.0000000000
0.8348330961,1.0000000000
0.8348583298,1.0000000000
0.8351969323,1.0000000000
0.8352047531,1.0000000000
0.8354062262,1.0000000000
0.8355290208,1.0000000000
0.8355771598,1.0000000000
0.8360317196,1.0000000000
0.8363997920,1.0000000000
0.8385268307,1.0000000000
0.8387005023,1.0000000000
0.8389650811,1.0000000000
0.8392583198,1.0000000000
0.8395652092,1.0000000000
0.8395813314,1.0000000000
0.8397158933,1.0000000000
0.8399944069,1.0000000000
0.8417773603,1.0000000000
0.8420597508,1.0000000000
0.8425514280,1.0000000000
0.8430049558,1.0000000000
0.8430195924,1.0000000000
0.8431123607,1.0000000000
0.8431636453,1.0000000000
0.8442331602,1.0000000000
0.8451220814,1.0000000000
0.8465132438,1.0000000000
0.8468971139,1.0000000000
0.8480848830,1.0000000000
0.8494605908,1.0000000000
0.8497901117,1.0000000000
0.8517936853,1.0000000000
0.8521127043,1.0000000000
0.8531626318,1.0000000000
0.8535474720,1.0000000000
0.8544712849,1.0000000000
0.8545842695,1.0000000000
0.8549091300,1.0000000000
0.8551766959,1.0000000000
0.8558132812,1.0000000000
0.8570905080,1.0000000000
0.8574526217,1.0000000000
0.8582367039,1.0000000000
0.8587786705,1.0000000000
0.8593322348,1.0000000000
0.8613938240,1.0000000000
0.8614360392,1.0000000000
0.8616243786,1.0000000000
0.8631473677,1.0000000000
0.8639116128,1.0000000000
0.8664748993,1.0000000000
0.8675081374,1.0000000000
0.8686282652,1.0000000000
0.8688360770,1.0000000000
0.8701568328,1.0000000000
0.8704503385,1.0000000000
0.8719187623,1.0000000000
0.8734728395,1.0000000000
0.8742226400,1.0000000000
0.8747299334,1.0000000000
0.8754641012,1.0000000000
0.8757708687,1.0000000000
0.8781963262,1.0000000000
0.8783208763,1.0000000000
0.8790106501,1.0000000000
0.8790519678,1.0000000000
0.8796000825,1.0000000000
0.8805342361,1.0000000000
0.8806550857,1.0000000000
0.8815865384,1.0000000000
0.8817664146,1.0000000000
0.8824434378,1.0000000000
0.8826406199,1.0000000000
0.8829105911,1.0000000000
0.8829796999,1.0000000000
0.8834120982,1.0000000000
0.8834640991,1.0000000000
0.8841264651,1.0000000000
0.8847588327,1.0000000000
0.8853699014,1.0000000000
0.8854783681,1.0000000000
0.8860085024,1.0000000000
0.8869164590,1.0000000000
0.8871234245,1.0000000000
0.8883657198,1.0000000000
0.8888030360,1.0000000000
0.8893030447,1.0000000000
0.8893047120,1.0000000000
0.8896581194,1.0000000000
0.8914616838,1.0000000000
0.8921325096,1.0000000000
0.8925217593,1.0000000000
0.8931457555,1.0000000000
0.8932824211,1.0000000000
0.8933860464,1.0000000000
0.8955683074,1.0000000000
0.8967482254,1.0000000000
0.8968367478,1.0000000000
0.8972962513,1.0000000000
0.8974280653,1.0000000000
0.8994226670,1.0000000000
0.9008951319,1.0000000000
0.9017160811,1.0000000000
0.9022043012,1.0000000000
0.9022292227,1.0000000000
0.9034540353,1.0000000000
0.9035062117,1.0000000000
0.9036614367,1.0000000000
0.9042001619,1.0000000000
0.9043872225,1.0000000000
0.9048601504,1.0000000000
0.9050830415,1.0000000000
0.9058603893,1.0000000000
0.9091546941,1.0000000000
0.9094526165,1.0000000000
0.9106227817,1.0000000000
0.9110061553,1.0000000000
0.9112387731,1.0000000000
0.9116798459,1.0000000000
0.9117986894,1.0000000000
0.9125855145,1.0000000000
0.9127025908,1.0000000000
0.9127166551,1.0000000000
0.9135233872,1.0000000000
0.9141380569,1.0000000000
0.9142074314,1.0000000000
0.9143789730,1.0000000000
0.9147139670,1.0000000000
0.9159258161,1.0000000000
0.9160659508,1.0000000000
0.9160815652,1.0000000000
0.9166940772,1.0000000000
0.9169128855,1.0000000000
0.9169874627,1.0000000000
0.9172075571,1.0000000000
0.9176854675,1.0000000000
0.9177602555,1.0000000000
0.9185227706,1.0000000000
0.9188508694,1.0000000000
0.9195252446,1.0000000000
0.9200083013,1.0000000000
0.9201975580,1.0000000000
0.9203075027,1.0000000000
0.9209590858,1.0000000000
0.9210223814,1.0000000000
0.9219029150,1.0000000000
0.9219144355,1.0000000000
0.9225708702,1.0000000000
0.9233491041,1.0000000000
0.9246091090,1.0000000000
0.9248436811,1.0000000000
0.9257552871,1.0000000000
0.9265924399,1.0000000000
0.9275677688,1.0000000000
0.9277970356,1.0000000000
0.9281209320,1.0000000000
0.9288663213,1.0000000000
0.9292509184,1.0000000000
0.9294820863,1.0000000000
0.9297810376,1.0000000000
0.9302433817,1.0000000000
0.9307997603,1.0000000000
0.9308092504,1.0000000000
0.9312468509,1.0000000000
0.9313242080,1.0000000000
0.9314153229,1.0000000000
0.9316319314,1.0000000000
0.9331857160,1.0000000000
0.9352563289,1.0000000000
0.9363068675,1.0000000000
0.9369086354,1.0000000000
0.9370717800,1.0000000000
0.9375479966,1.0000000000
0.9376180814,1.0000000000
0.9380806547,1.0000000000
0.9381229750,1.0000000000
0.9384435652,1.0000000000
0.9385433544,1.0000000000
0.9388313402,1.0000000000
0.9388793755,1.0000000000
0.9398472008,1.0000000000
0.9399109108,1.0000000000
0.9401325620,1.0000000000
0.9404850358,1.0000000000
0.9408177326,1.0000000000
0.9409767094,1.0000000000
0.9411369854,1.0000000000
0.9413552500,1.0000000000
0.9426050941,1.0000000000
0.9427810808,1.0000000000
0.9435834804,1.0000000000
0.9437699059,1.0000000000
0.9439213042,1.0000000000
0.9439376009,1.0000000000
0.9449454515,1.0000000000
0.9462935380,1.0000000000
0.9463150690,1.0000000000
0.9466876045,1.0000000000
0.9470272814,1.0000000000
0.9473868835,1.0000000000
0.9474488111,1.0000000000
0.9487433427,1.0000000000
0.9492022188,1.0000000000
0.9518324077,1.0000000000
0.9520796440,1.0000000000
0.9524498253,1.0000000000
0.9527093222,1.0000000000
0.9530050327,1.0000000000
0.9532467060,1.0000000000
0.9533876429,1.0000000000
0.9540400666,1.0000000000
0.9541533677,1.0000000000
0.9541732495,1.0000000000
0.9555006530,1.0000000000
0.9555812439,1.0000000000
0.9556338147,1.0000000000
0.9558365129,1.0000000000
0.9558429726,1.0000000000
0.9562326417,1.0000000000
0.9567870011,1.0000000000
0.9568683761,1.0000000000
0.9568753694,1.0000000000
0.9570010331,1.0000000000
0.9570139556,1.0000000000
0.9571239589,1.0000000000
0.9571652137,1.0000000000
0.9574839553,1.0000000000
0.9578304380,1.0000000000
0.9579759957,1.0000000000
0.9587520078,1.0000000000
0.9589765361,1.0000000000
0.9594014217,1.0000000000
0.9597609277,1.0000000000
0.9598080042,1.0000000000
0.9598442044,1.0000000000
0.9598515466,1.0000000000
0.9598921687,1.0000000000
0.9601319818,1.0000000000
0.9601487321,1.0000000000
0.9608848334,1.0000000000
0.9609030872,1.0000000000
0.9614591579,1.0000000000
0.9616982114,1.0000000000
0.9618935260,1.0000000000
0.9619487796,1.0000000000
0.9620255415,1.0000000000
0.9620469454,1.0000000000
0.9621946612,1.0000000000
0.9623287793,1.0000000000
0.9624320213,1.0000000000
0.9627463791,1.0000000000
0.9629199086,1.0000000000
0.9634041413,1.0000000000
0.9636732697,1.0000000000
0.9639312038,1.0000000000
0.9639848025,1.0000000000
0.9645770617,1.0000000000
0.9648751075,1.0000000000
0.9651004758,1.0000000000
0.9655546870,1.0000000000
0.9664241294,1.0000000000
0.9667685369,1.0000000000
0.9669622990,1.0000000000
0.9670557432,1.0000000000
0.9670898931,1.0000000000
0.9679084768,1.0000000000
0.9679541047,1.0000000000
0.9683007668,1.0000000000
0.9687994623,1.0000000000
0.9688756699,1.0000000000
0.9689204799,1.0000000000
0.9689900904,1.0000000000
0.9690839735,1.0000000000
0.9691308844,1.0000000000
0.9691864750,1.0000000000
0.9694123163,1.0000000000
0.9697612657,1.0000000000
0.9701364954,1.0000000000
0.9703242638,1.0000000000
0.9705892539,1.0000000000
0.9711225309,1.0000000000
0.9718714116,1.0000000000
0.9721802302,1.0000000000
0.9722081847,1.0000000000
0.9723860460,1.0000000000
0.9728144662,1.0000000000
0.9755809020,1.0000000000
0.9757557625,1.0000000000
0.9757857434,1.0000000000
0.9785856591,1.0000000000
0.9790768555,1.0000000000
