t_s,load_g,p_raw,threshold,detected,component,mechanism,confidence,n_gauge_valid,n_accel_valid,data_quality,modal_age_s,trustworthy,status,alert
0.000,1.0000,0.31788712,0.410000,0,0,3,0.882130,24,16,1.000000,0.000,1,OK,HEALTHY
1.000,1.0000,0.58050681,0.410000,1,0,1,0.902925,24,16,1.000000,1.000,1,OK,HEALTHY
2.000,1.0000,0.49838268,0.410000,1,0,3,0.788952,24,16,1.000000,2.000,1,OK,HEALTHY
3.000,1.0000,0.39197004,0.410000,0,0,3,0.805350,24,16,1.000000,3.000,1,OK,HEALTHY
4.000,1.0000,0.57087537,0.410000,1,1,2,0.883769,24,16,1.000000,4.000,1,OK,DAMAGE DETECTED
5.000,1.0000,0.66877065,0.410000,1,0,1,0.810475,24,16,1.000000,5.000,1,OK,DAMAGE DETECTED
6.000,1.0000,0.60576122,0.410000,1,0,1,0.814244,24,16,1.000000,6.000,1,OK,DAMAGE DETECTED
7.000,1.0000,0.55352995,0.410000,1,0,1,0.837202,24,16,1.000000,7.000,1,OK,DAMAGE DETECTED
8.000,1.0000,0.50693909,0.410000,1,0,1,0.754356,24,16,1.000000,8.000,1,OK,DAMAGE DETECTED
9.000,1.0000,0.43902620,0.410000,1,0,1,0.813885,24,16,1.000000,9.000,1,OK,DAMAGE DETECTED
10.000,1.0000,0.60974775,0.410000,1,3,1,0.911857,24,16,1.000000,10.000,1,OK,DAMAGE DETECTED
11.000,1.0000,0.44814024,0.410000,1,0,3,0.809161,24,16,1.000000,11.000,1,OK,DAMAGE DETECTED
12.000,1.0000,0.53296298,0.410000,1,0,3,0.868517,24,16,1.000000,12.000,1,OK,DAMAGE DETECTED
13.000,1.0000,0.58883490,0.410000,1,3,1,0.817417,24,16,1.000000,13.000,1,OK,DAMAGE DETECTED
14.000,1.0000,0.45446607,0.410000,1,1,3,0.879739,24,16,1.000000,14.000,1,OK,DAMAGE DETECTED
15.000,1.0000,0.47701638,0.410000,1,0,3,0.908534,24,16,1.000000,15.000,1,OK,DAMAGE DETECTED
16.000,1.0000,0.56706237,0.410000,1,0,1,0.860399,24,16,1.000000,16.000,1,OK,DAMAGE DETECTED
17.000,1.0000,0.52891405,0.410000,1,0,1,0.852683,24,16,1.000000,17.000,1,OK,DAMAGE DETECTED
18.000,1.0000,0.30663105,0.410000,0,0,3,0.811505,24,16,1.000000,18.000,1,OK,DAMAGE DETECTED
19.000,1.0000,0.60676080,0.410000,1,2,1,0.843031,24,16,1.000000,19.000,1,OK,DAMAGE DETECTED
20.000,1.0000,0.36378187,0.410000,0,0,3,0.870429,24,16,1.000000,20.000,1,OK,DAMAGE DETECTED
21.000,1.0000,0.34422559,0.410000,0,0,3,0.885408,24,16,1.000000,21.000,1,OK,HEALTHY
22.000,1.0000,0.54761414,0.410000,1,0,1,0.742722,24,16,1.000000,22.000,1,OK,HEALTHY
23.000,1.0000,0.66400910,0.410000,1,0,2,0.760046,24,16,1.000000,23.000,1,OK,DAMAGE DETECTED
24.000,1.0000,0.42676595,0.410000,1,0,3,0.795214,24,16,1.000000,24.000,1,OK,DAMAGE DETECTED
25.000,1.0000,0.55508361,0.410000,1,0,1,0.785644,24,16,1.000000,25.000,1,OK,DAMAGE DETECTED
26.000,1.0000,0.63379975,0.410000,1,0,1,0.827103,24,16,1.000000,26.000,1,OK,DAMAGE DETECTED
27.000,1.0000,0.42007782,0.410000,1,0,3,0.742866,24,16,1.000000,27.000,1,OK,DAMAGE DETECTED
28.000,1.0000,0.56764865,0.410000,1,0,1,0.828929,24,16,1.000000,28.000,1,OK,DAMAGE DETECTED
29.000,1.0000,0.49849465,0.410000,1,0,3,0.906494,24,16,1.000000,29.000,1,OK,DAMAGE DETECTED
30.000,1.0000,0.68318324,0.410000,1,0,1,0.760458,24,16,1.000000,30.000,1,OK,DAMAGE DETECTED
31.000,1.0000,0.48052714,0.410000,1,0,3,0.788488,24,16,1.000000,31.000,1,OK,DAMAGE DETECTED
32.000,1.0000,0.35931786,0.410000,0,0,3,0.961453,24,16,1.000000,32.000,1,OK,DAMAGE DETECTED
33.000,1.0000,0.47035961,0.410000,1,1,3,0.819320,24,16,1.000000,33.000,1,OK,DAMAGE DETECTED
34.000,1.0000,0.40889773,0.410000,0,0,3,0.887827,24,16,1.000000,34.000,1,OK,DAMAGE DETECTED
35.000,1.0000,0.67623919,0.410000,1,1,1,0.884191,24,16,1.000000,35.000,1,OK,DAMAGE DETECTED
36.000,1.0000,0.33844708,0.410000,0,0,3,0.819500,24,16,1.000000,36.000,1,OK,HEALTHY
37.000,1.0000,0.38200758,0.410000,0,0,3,0.833690,24,16,1.000000,37.000,1,OK,HEALTHY
38.000,1.0000,0.32766525,0.410000,0,0,3,0.915690,24,16,1.000000,38.000,1,OK,HEALTHY
39.000,1.0000,0.58475306,0.410000,1,0,2,0.872062,24,16,1.000000,39.000,1,OK,HEALTHY
40.000,1.0000,0.49359678,0.410000,1,0,3,0.655922,24,16,1.000000,40.000,1,OK,HEALTHY
41.000,1.0000,0.43815622,0.410000,1,0,1,0.762814,24,16,1.000000,41.000,1,OK,DAMAGE DETECTED
42.000,1.0000,0.52995154,0.410000,1,0,1,0.790084,24,16,1.000000,42.000,1,OK,DAMAGE DETECTED
43.000,1.0000,0.40083745,0.410000,0,0,3,0.876315,24,16,1.000000,43.000,1,OK,DAMAGE DETECTED
44.000,1.0000,0.21792744,0.410000,0,0,3,0.934832,24,16,1.000000,44.000,1,OK,DAMAGE DETECTED
45.000,1.0000,0.51955476,0.410000,1,1,1,0.819486,24,16,1.000000,45.000,1,OK,DAMAGE DETECTED
46.000,1.0000,0.46162044,0.410000,1,0,3,0.802837,24,16,1.000000,46.000,1,OK,DAMAGE DETECTED
47.000,1.0000,0.41465294,0.410000,1,0,3,0.785252,24,16,1.000000,47.000,1,OK,DAMAGE DETECTED
48.000,1.0000,0.61982973,0.410000,1,2,1,0.744861,24,16,1.000000,48.000,1,OK,DAMAGE DETECTED
49.000,1.0000,0.37911011,0.410000,0,0,1,0.829047,24,16,1.000000,49.000,1,OK,DAMAGE DETECTED
50.000,1.0000,0.54347283,0.410000,1,3,1,0.755649,24,16,1.000000,50.000,1,OK,DAMAGE DETECTED
51.000,1.0000,0.30671172,0.410000,0,0,3,0.795128,24,16,1.000000,51.000,1,OK,DAMAGE DETECTED
52.000,1.0000,0.35863166,0.410000,0,0,3,0.658204,24,16,1.000000,52.000,1,OK,HEALTHY
53.000,1.0000,0.35951815,0.410000,0,0,3,0.876200,24,16,1.000000,53.000,1,OK,HEALTHY
54.000,1.0000,0.42800937,0.410000,1,0,3,0.886310,24,16,1.000000,54.000,1,OK,HEALTHY
55.000,1.0000,0.50000046,0.410000,1,4,3,0.904077,24,16,1.000000,55.000,1,OK,HEALTHY
56.000,1.0000,0.60866109,0.410000,1,0,1,0.853439,24,16,1.000000,56.000,1,OK,DAMAGE DETECTED
57.000,1.0000,0.55739841,0.410000,1,0,1,0.825008,24,16,1.000000,57.000,1,OK,DAMAGE DETECTED
58.000,1.0000,0.51941449,0.410000,1,0,1,0.700947,24,16,1.000000,58.000,1,OK,DAMAGE DETECTED
59.000,1.0000,0.48760527,0.410000,1,0,2,0.813013,24,16,1.000000,59.000,1,OK,DAMAGE DETECTED
60.000,1.0000,0.35589256,0.410000,0,0,3,0.895703,24,16,1.000000,60.000,1,OK,DAMAGE DETECTED
61.000,1.0000,0.42547758,0.410000,1,0,3,0.845306,24,16,1.000000,61.000,1,OK,DAMAGE DETECTED
62.000,1.0000,0.53089973,0.410000,1,4,3,0.751692,24,16,1.000000,62.000,1,OK,DAMAGE DETECTED
63.000,1.0000,0.60829195,0.410000,1,1,1,0.877484,24,16,1.000000,63.000,1,OK,DAMAGE DETECTED
64.000,1.0000,0.54468982,0.410000,1,1,3,0.810748,24,16,1.000000,0.000,1,OK,DAMAGE DETECTED
65.000,1.0000,0.41370202,0.410000,1,0,3,0.781410,24,16,1.000000,1.000,1,OK,DAMAGE DETECTED
66.000,1.0000,0.72693373,0.410000,1,0,3,0.690441,24,16,1.000000,2.000,1,OK,DAMAGE DETECTED
67.000,1.0000,0.66374071,0.410000,1,2,3,0.715767,24,16,1.000000,3.000,1,OK,DAMAGE DETECTED
68.000,1.0000,0.49910946,0.410000,1,0,3,0.762287,24,16,1.000000,4.000,1,OK,DAMAGE DETECTED
69.000,1.0000,0.57365637,0.410000,1,0,3,0.830834,24,16,1.000000,5.000,1,OK,DAMAGE DETECTED
70.000,1.0000,0.72436955,0.410000,1,2,3,0.865736,24,16,1.000000,6.000,1,OK,DAMAGE DETECTED
71.000,1.0000,0.50039977,0.410000,1,0,3,0.738991,24,16,1.000000,7.000,1,OK,DAMAGE DETECTED
72.000,1.0000,0.56160935,0.410000,1,2,3,0.843015,24,16,1.000000,8.000,1,OK,DAMAGE DETECTED
73.000,1.0000,0.52645022,0.410000,1,2,3,0.779939,24,16,1.000000,9.000,1,OK,DAMAGE DETECTED
74.000,1.0000,0.76298677,0.410000,1,0,3,0.893644,24,16,1.000000,10.000,1,OK,DAMAGE DETECTED
75.000,1.0000,0.45034869,0.410000,1,0,3,0.888140,24,16,1.000000,11.000,1,OK,DAMAGE DETECTED
76.000,1.0000,0.63621756,0.410000,1,0,3,0.741579,24,16,1.000000,12.000,1,OK,DAMAGE DETECTED
77.000,1.0000,0.66409307,0.410000,1,2,3,0.770174,24,16,1.000000,13.000,1,OK,DAMAGE DETECTED
78.000,1.0000,0.78685310,0.410000,1,0,2,0.851576,24,16,1.000000,14.000,1,OK,DAMAGE DETECTED
79.000,1.0000,0.66054003,0.410000,1,2,3,0.818646,24,16,1.000000,15.000,1,OK,DAMAGE DETECTED
80.000,1.0000,0.57588119,0.410000,1,2,3,0.883599,24,16,1.000000,16.000,1,OK,DAMAGE DETECTED
81.000,1.0000,0.77031020,0.410000,1,2,1,0.877487,24,16,1.000000,17.000,1,OK,DAMAGE DETECTED
82.000,1.0000,0.58083017,0.410000,1,2,3,0.822016,24,16,1.000000,18.000,1,OK,DAMAGE DETECTED
83.000,1.0000,0.72153235,0.410000,1,2,3,0.911073,24,16,1.000000,19.000,1,OK,DAMAGE DETECTED
84.000,1.0000,0.70248308,0.410000,1,2,1,0.878284,24,16,1.000000,20.000,1,OK,DAMAGE DETECTED
85.000,1.0000,0.80751037,0.410000,1,2,2,0.865940,24,16,1.000000,21.000,1,OK,DAMAGE DETECTED
86.000,1.0000,0.67740621,0.410000,1,2,3,0.734173,24,16,1.000000,22.000,1,OK,DAMAGE DETECTED
87.000,1.0000,0.50163198,0.410000,1,0,3,0.831230,24,16,1.000000,23.000,1,OK,DAMAGE DETECTED
88.000,1.0000,0.63829651,0.410000,1,2,1,0.874417,24,16,1.000000,24.000,1,OK,DAMAGE DETECTED
89.000,1.0000,0.38559049,0.410000,0,0,3,0.931177,24,16,1.000000,25.000,1,OK,DAMAGE DETECTED
90.000,1.0000,0.64538192,0.410000,1,0,3,0.834337,24,16,1.000000,26.000,1,OK,DAMAGE DETECTED
91.000,1.0000,0.42126164,0.410000,1,4,3,0.838055,24,16,1.000000,27.000,1,OK,DAMAGE DETECTED
92.000,1.0000,0.60027338,0.410000,1,2,3,0.912364,24,16,1.000000,28.000,1,OK,DAMAGE DETECTED
93.000,1.0000,0.34470409,0.410000,0,0,3,0.830483,24,16,1.000000,29.000,1,OK,DAMAGE DETECTED
94.000,1.0000,0.78011796,0.410000,1,2,1,0.821726,24,16,1.000000,30.000,1,OK,DAMAGE DETECTED
95.000,1.0000,0.71536216,0.410000,1,2,3,0.834852,24,16,1.000000,31.000,1,OK,DAMAGE DETECTED
96.000,1.0000,0.61524444,0.410000,1,0,3,0.884829,24,16,1.000000,32.000,1,OK,DAMAGE DETECTED
97.000,1.0000,0.74627007,0.410000,1,2,1,0.900093,24,16,1.000000,33.000,1,OK,DAMAGE DETECTED
98.000,1.0000,0.48582334,0.410000,1,2,3,0.744555,24,16,1.000000,34.000,1,OK,DAMAGE DETECTED
99.000,1.0000,0.54256391,0.410000,1,0,3,0.899781,24,16,1.000000,35.000,1,OK,DAMAGE DETECTED
100.000,1.0000,0.49793001,0.410000,1,0,3,0.896206,24,16,1.000000,36.000,1,OK,DAMAGE DETECTED
101.000,1.0000,0.57978369,0.410000,1,2,3,0.896987,24,16,1.000000,37.000,1,OK,DAMAGE DETECTED
102.000,1.0000,0.52705757,0.410000,1,0,3,0.754887,24,16,1.000000,38.000,1,OK,DAMAGE DETECTED
103.000,1.0000,0.57529690,0.410000,1,0,3,0.754277,24,16,1.000000,39.000,1,OK,DAMAGE DETECTED
104.000,1.0000,0.74095614,0.410000,1,1,3,0.933344,24,16,1.000000,40.000,1,OK,DAMAGE DETECTED
105.000,1.0000,0.44951942,0.410000,1,2,3,0.893551,24,16,1.000000,41.000,1,OK,DAMAGE DETECTED
106.000,1.0000,0.67171811,0.410000,1,2,3,0.763490,24,16,1.000000,42.000,1,OK,DAMAGE DETECTED
107.000,1.0000,0.72232058,0.410000,1,2,3,0.847799,24,16,1.000000,43.000,1,OK,DAMAGE DETECTED
108.000,1.0000,0.58767525,0.410000,1,0,3,0.804311,24,16,1.000000,44.000,1,OK,DAMAGE DETECTED
109.000,1.0000,0.30882650,0.410000,0,0,3,0.790706,24,16,1.000000,45.000,1,OK,DAMAGE DETECTED
110.000,1.0000,0.43898639,0.410000,1,0,3,0.761929,24,16,1.000000,46.000,1,OK,DAMAGE DETECTED
111.000,1.0000,0.64138847,0.410000,1,2,3,0.768730,24,16,1.000000,47.000,1,OK,DAMAGE DETECTED
112.000,1.0000,0.49940820,0.410000,1,2,3,0.724339,24,16,1.000000,48.000,1,OK,DAMAGE DETECTED
113.000,1.0000,0.53577180,0.410000,1,2,3,0.806327,24,16,1.000000,49.000,1,OK,DAMAGE DETECTED
114.000,1.0000,0.49100433,0.410000,1,0,3,0.834089,24,16,1.000000,50.000,1,OK,DAMAGE DETECTED
115.000,1.0000,0.45381759,0.410000,1,0,3,0.936157,24,16,1.000000,51.000,1,OK,DAMAGE DETECTED
116.000,1.0000,0.56717274,0.410000,1,0,3,0.791089,24,16,1.000000,52.000,1,OK,DAMAGE DETECTED
117.000,1.0000,0.55640514,0.410000,1,0,3,0.710561,24,16,1.000000,53.000,1,OK,DAMAGE DETECTED
118.000,1.0000,0.40057598,0.410000,0,0,3,0.797713,24,16,1.000000,54.000,1,OK,DAMAGE DETECTED
119.000,1.0000,0.55161647,0.410000,1,0,3,0.878729,24,16,1.000000,55.000,1,OK,DAMAGE DETECTED
120.000,1.0000,0.60180095,0.410000,1,2,3,0.787154,24,16,1.000000,56.000,1,OK,DAMAGE DETECTED
121.000,1.0000,0.58271742,0.410000,1,0,2,0.805194,24,16,1.000000,57.000,1,OK,DAMAGE DETECTED
122.000,1.0000,0.76213977,0.410000,1,2,3,0.961928,24,16,1.000000,58.000,1,OK,DAMAGE DETECTED
123.000,1.0000,0.46813230,0.410000,1,0,3,0.862181,24,16,1.000000,59.000,1,OK,DAMAGE DETECTED
124.000,1.0000,0.68000794,0.410000,1,2,1,0.825870,24,16,1.000000,60.000,1,OK,DAMAGE DETECTED
125.000,1.0000,0.48944923,0.410000,1,2,3,0.740610,24,16,1.000000,61.000,1,OK,DAMAGE DETECTED
126.000,1.0000,0.59363279,0.410000,1,2,3,0.934280,24,16,1.000000,62.000,1,OK,DAMAGE DETECTED
127.000,1.0000,0.59157929,0.410000,1,2,2,0.714323,24,16,1.000000,63.000,1,OK,DAMAGE DETECTED
128.000,1.0000,0.33213305,0.410000,0,0,1,0.878416,24,16,1.000000,0.000,1,OK,DAMAGE DETECTED
129.000,1.0000,0.22542638,0.410000,0,0,3,0.908882,24,16,1.000000,1.000,1,OK,DAMAGE DETECTED
130.000,1.0000,0.47360391,0.410000,1,1,1,0.689432,24,16,1.000000,2.000,1,OK,DAMAGE DETECTED
131.000,1.0000,0.40784825,0.410000,0,0,3,0.936115,24,16,1.000000,3.000,1,OK,HEALTHY
132.000,1.0000,0.29479516,0.410000,0,0,3,0.878988,24,16,1.000000,4.000,1,OK,HEALTHY
133.000,1.0000,0.46539402,0.410000,1,0,2,0.901264,24,16,1.000000,5.000,1,OK,HEALTHY
134.000,1.0000,0.30295710,0.410000,0,0,1,0.920027,24,16,1.000000,6.000,1,OK,HEALTHY
135.000,1.0000,0.41019771,0.410000,1,4,1,0.848657,24,16,1.000000,7.000,1,OK,HEALTHY
136.000,1.0000,0.27506954,0.410000,0,0,3,0.897894,24,16,1.000000,8.000,1,OK,HEALTHY
137.000,1.0000,0.29412104,0.410000,0,0,1,0.842280,24,16,1.000000,9.000,1,OK,HEALTHY
138.000,1.0000,0.38974472,0.410000,0,0,1,0.799429,24,16,1.000000,10.000,1,OK,HEALTHY
139.000,1.0000,0.41864406,0.410000,1,4,1,0.752784,24,16,1.000000,11.000,1,OK,HEALTHY
140.000,1.0000,0.30907547,0.410000,0,0,3,0.734384,24,16,1.000000,12.000,1,OK,HEALTHY
141.000,1.0000,0.32300543,0.410000,0,0,1,0.802067,24,16,1.000000,13.000,1,OK,HEALTHY
142.000,1.0000,0.33922255,0.410000,0,0,1,0.855939,24,16,1.000000,14.000,1,OK,HEALTHY
143.000,1.0000,0.34744246,0.410000,0,0,1,0.823526,24,16,1.000000,15.000,1,OK,HEALTHY
144.000,1.0000,0.39600782,0.410000,0,0,1,0.904568,24,16,1.000000,16.000,1,OK,HEALTHY
145.000,1.0000,0.44728801,0.410000,1,0,1,0.951740,24,16,1.000000,17.000,1,OK,HEALTHY
146.000,1.0000,0.30970875,0.410000,0,0,1,0.767257,24,16,1.000000,18.000,1,OK,HEALTHY
147.000,1.0000,0.64057393,0.410000,1,0,1,0.851801,24,16,1.000000,19.000,1,OK,HEALTHY
148.000,1.0000,0.40608922,0.410000,0,0,1,0.756884,24,16,1.000000,20.000,1,OK,HEALTHY
149.000,1.0000,0.42323984,0.410000,1,0,1,0.904086,24,16,1.000000,21.000,1,OK,DAMAGE DETECTED
150.000,1.0000,0.33539521,0.410000,0,0,3,0.848970,24,16,1.000000,22.000,1,OK,HEALTHY
151.000,1.0000,0.33280301,0.410000,0,0,1,0.718900,24,16,1.000000,23.000,1,OK,HEALTHY
152.000,1.0000,0.53122020,0.410000,1,0,1,0.858575,24,16,1.000000,24.000,1,OK,HEALTHY
153.000,1.0000,0.40617206,0.410000,0,0,1,0.940333,24,16,1.000000,25.000,1,OK,HEALTHY
154.000,1.0000,0.22989344,0.410000,0,0,3,0.899564,24,16,1.000000,26.000,1,OK,HEALTHY
155.000,1.0000,0.35209256,0.410000,0,0,3,0.833658,24,16,1.000000,27.000,1,OK,HEALTHY
156.000,1.0000,0.38233876,0.410000,0,0,1,0.895807,24,16,1.000000,28.000,1,OK,HEALTHY
157.000,1.0000,0.52450661,0.410000,1,0,1,0.762605,24,16,1.000000,29.000,1,OK,HEALTHY
158.000,1.0000,0.33144582,0.410000,0,0,1,0.859830,24,16,1.000000,30.000,1,OK,HEALTHY
159.000,1.0000,0.27623043,0.410000,0,0,3,0.861837,24,16,1.000000,31.000,1,OK,HEALTHY
160.000,1.0000,0.45780051,0.410000,1,0,1,0.765566,24,16,1.000000,32.000,1,OK,HEALTHY
161.000,1.0000,0.33692477,0.410000,0,0,3,0.882855,24,16,1.000000,33.000,1,OK,HEALTHY
162.000,1.0000,0.41087506,0.410000,1,4,3,0.893025,24,16,1.000000,34.000,1,OK,HEALTHY
163.000,1.0000,0.50931245,0.410000,1,0,1,0.787776,24,16,1.000000,35.000,1,OK,DAMAGE DETECTED
164.000,1.0000,0.44300258,0.410000,1,4,1,0.823132,24,16,1.000000,36.000,1,OK,DAMAGE DETECTED
165.000,1.0000,0.37277062,0.410000,0,0,1,0.827354,24,16,1.000000,37.000,1,OK,DAMAGE DETECTED
166.000,1.0000,0.25439651,0.410000,0,0,3,0.834094,24,16,1.000000,38.000,1,OK,DAMAGE DETECTED
167.000,1.0000,0.38340029,0.410000,0,0,1,0.740582,24,16,1.000000,39.000,1,OK,HEALTHY
168.000,1.0000,0.53192865,0.410000,1,0,1,0.850290,24,16,1.000000,40.000,1,OK,HEALTHY
169.000,1.0000,0.37768883,0.410000,0,0,1,0.876799,24,16,1.000000,41.000,1,OK,HEALTHY
170.000,1.0000,0.50633771,0.410000,1,3,1,0.895070,24,16,1.000000,42.000,1,OK,HEALTHY
171.000,1.0000,0.27315580,0.410000,0,0,3,0.802295,24,16,1.000000,43.000,1,OK,HEALTHY
172.000,1.0000,0.35405331,0.410000,0,0,1,0.918351,24,16,1.000000,44.000,1,OK,HEALTHY
173.000,1.0000,0.55388005,0.410000,1,0,1,0.913813,24,16,1.000000,45.000,1,OK,HEALTHY
174.000,1.0000,0.40768736,0.410000,0,0,1,0.782922,24,16,1.000000,46.000,1,OK,HEALTHY
175.000,1.0000,0.33377663,0.410000,0,0,3,0.885048,24,16,1.000000,47.000,1,OK,HEALTHY
176.000,1.0000,0.44288337,0.410000,1,0,1,0.879616,24,16,1.000000,48.000,1,OK,HEALTHY
177.000,1.0000,0.47581078,0.410000,1,3,1,0.878024,24,16,1.000000,49.000,1,OK,DAMAGE DETECTED
178.000,1.0000,0.49496737,0.410000,1,3,1,0.804262,24,16,1.000000,50.000,1,OK,DAMAGE DETECTED
179.000,1.0000,0.41253842,0.410000,1,4,1,0.863440,24,16,1.000000,51.000,1,OK,DAMAGE DETECTED
180.000,1.0000,0.36071491,0.410000,0,0,1,0.772117,24,16,1.000000,52.000,1,OK,DAMAGE DETECTED
181.000,1.0000,0.23212517,0.410000,0,0,3,0.809318,24,16,1.000000,53.000,1,OK,DAMAGE DETECTED
182.000,1.0000,0.38800887,0.410000,0,0,1,0.911136,24,16,1.000000,54.000,1,OK,HEALTHY
183.000,1.0000,0.29891798,0.410000,0,0,1,0.757854,24,16,1.000000,55.000,1,OK,HEALTHY
184.000,1.0000,0.37065921,0.410000,0,0,1,0.862280,24,16,1.000000,56.000,1,OK,HEALTHY
185.000,1.0000,0.28184999,0.410000,0,0,3,0.796693,24,16,1.000000,57.000,1,OK,HEALTHY
186.000,1.0000,0.32658906,0.410000,0,0,3,0.914828,24,16,1.000000,58.000,1,OK,HEALTHY
187.000,1.0000,0.36879423,0.410000,0,0,1,0.847836,24,16,1.000000,59.000,1,OK,HEALTHY
188.000,1.0000,0.30570090,0.410000,0,0,1,0.885440,24,16,1.000000,60.000,1,OK,HEALTHY
189.000,1.0000,0.33019793,0.410000,0,0,3,0.975951,24,16,1.000000,61.000,1,OK,HEALTHY
190.000,1.0000,0.33186781,0.410000,0,0,1,0.743384,24,16,1.000000,62.000,1,OK,HEALTHY
191.000,1.0000,0.27813457,0.410000,0,0,1,0.896950,24,16,1.000000,63.000,1,OK,HEALTHY
192.000,1.0000,0.62567775,0.410000,1,0,1,0.850930,24,16,1.000000,0.000,1,OK,HEALTHY
193.000,1.0000,0.38427837,0.410000,0,0,3,0.914610,24,16,1.000000,1.000,1,OK,HEALTHY
194.000,1.0000,0.46085479,0.410000,1,0,3,0.895219,24,16,1.000000,2.000,1,OK,HEALTHY
195.000,1.0000,0.62949990,0.410000,1,0,1,0.882939,24,16,1.000000,3.000,1,OK,DAMAGE DETECTED
196.000,1.0000,0.65111965,0.410000,1,2,1,0.921139,24,16,1.000000,4.000,1,OK,DAMAGE DETECTED
197.000,1.0000,0.35353339,0.410000,0,0,3,0.820427,24,16,1.000000,5.000,1,OK,DAMAGE DETECTED
198.000,1.0000,0.59132704,0.410000,1,0,1,0.824403,24,16,1.000000,6.000,1,OK,DAMAGE DETECTED
199.000,1.0000,0.46498494,0.410000,1,3,1,0.813871,24,16,1.000000,7.000,1,OK,DAMAGE DETECTED
200.000,1.0000,0.48800070,0.410000,1,0,3,0.870531,24,16,1.000000,8.000,1,OK,DAMAGE DETECTED
201.000,1.0000,0.53332597,0.410000,1,0,1,0.855794,24,16,1.000000,9.000,1,OK,DAMAGE DETECTED
202.000,1.0000,0.65239330,0.410000,1,0,1,0.851267,24,16,1.000000,10.000,1,OK,DAMAGE DETECTED
203.000,1.0000,0.61404951,0.410000,1,0,1,0.824701,24,16,1.000000,11.000,1,OK,DAMAGE DETECTED
204.000,1.0000,0.70472434,0.410000,1,0,1,0.910839,24,16,1.000000,12.000,1,OK,DAMAGE DETECTED
205.000,1.0000,0.51288567,0.410000,1,0,3,0.761164,24,16,1.000000,13.000,1,OK,DAMAGE DETECTED
206.000,1.0000,0.62387267,0.410000,1,0,1,0.853304,24,16,1.000000,14.000,1,OK,DAMAGE DETECTED
207.000,1.0000,0.43714253,0.410000,1,0,3,0.749356,24,16,1.000000,15.000,1,OK,DAMAGE DETECTED
208.000,1.0000,0.56191859,0.410000,1,0,1,0.752260,24,16,1.000000,16.000,1,OK,DAMAGE DETECTED
209.000,1.0000,0.65157089,0.410000,1,0,2,0.836762,24,16,1.000000,17.000,1,OK,DAMAGE DETECTED
210.000,1.0000,0.38802189,0.410000,0,0,3,0.885984,24,16,1.000000,18.000,1,OK,DAMAGE DETECTED
211.000,1.0000,0.56593272,0.410000,1,0,3,0.764219,24,16,1.000000,19.000,1,OK,DAMAGE DETECTED
212.000,1.0000,0.40003100,0.410000,0,0,3,0.823171,24,16,1.000000,20.000,1,OK,DAMAGE DETECTED
213.000,1.0000,0.54596845,0.410000,1,0,1,0.842761,24,16,1.000000,21.000,1,OK,DAMAGE DETECTED
214.000,1.0000,0.51755263,0.410000,1,0,1,0.828657,24,16,1.000000,22.000,1,OK,DAMAGE DETECTED
215.000,1.0000,0.52957484,0.410000,1,0,1,0.761030,24,16,1.000000,23.000,1,OK,DAMAGE DETECTED
216.000,1.0000,0.53197735,0.410000,1,0,3,0.806383,24,16,1.000000,24.000,1,OK,DAMAGE DETECTED
217.000,1.0000,0.51224167,0.410000,1,0,3,0.880151,24,16,1.000000,25.000,1,OK,DAMAGE DETECTED
218.000,1.0000,0.59445167,0.410000,1,0,1,0.887020,24,16,1.000000,26.000,1,OK,DAMAGE DETECTED
219.000,1.0000,0.38380143,0.410000,0,0,3,0.716087,24,16,1.000000,27.000,1,OK,DAMAGE DETECTED
220.000,1.0000,0.39063279,0.410000,0,0,3,0.798965,24,16,1.000000,28.000,1,OK,DAMAGE DETECTED
221.000,1.0000,0.44052444,0.410000,1,0,1,0.781114,24,16,1.000000,29.000,1,OK,DAMAGE DETECTED
222.000,1.0000,0.54266335,0.410000,1,4,1,0.796317,24,16,1.000000,30.000,1,OK,DAMAGE DETECTED
223.000,1.0000,0.43287630,0.410000,1,0,3,0.759956,24,16,1.000000,31.000,1,OK,DAMAGE DETECTED
224.000,1.0000,0.63462848,0.410000,1,0,3,0.788307,24,16,1.000000,32.000,1,OK,DAMAGE DETECTED
225.000,1.0000,0.77087821,0.410000,1,2,1,0.857863,24,16,1.000000,33.000,1,OK,DAMAGE DETECTED
226.000,1.0000,0.53676738,0.410000,1,0,1,0.752621,24,16,1.000000,34.000,1,OK,DAMAGE DETECTED
227.000,1.0000,0.55461202,0.410000,1,0,1,0.942022,24,16,1.000000,35.000,1,OK,DAMAGE DETECTED
228.000,1.0000,0.52770616,0.410000,1,0,3,0.856349,24,16,1.000000,36.000,1,OK,DAMAGE DETECTED
229.000,1.0000,0.53081040,0.410000,1,0,1,0.862283,24,16,1.000000,37.000,1,OK,DAMAGE DETECTED
230.000,1.0000,0.41970804,0.410000,1,3,3,0.733579,24,16,1.000000,38.000,1,OK,DAMAGE DETECTED
231.000,1.0000,0.35223326,0.410000,0,0,3,0.866818,24,16,1.000000,39.000,1,OK,DAMAGE DETECTED
232.000,1.0000,0.48683342,0.410000,1,0,3,0.817106,24,16,1.000000,40.000,1,OK,DAMAGE DETECTED
233.000,1.0000,0.58737488,0.410000,1,0,1,0.906852,24,16,1.000000,41.000,1,OK,DAMAGE DETECTED
234.000,1.0000,0.50268897,0.410000,1,0,3,0.803211,24,16,1.000000,42.000,1,OK,DAMAGE DETECTED
235.000,1.0000,0.34429517,0.410000,0,0,3,0.772156,24,16,1.000000,43.000,1,OK,DAMAGE DETECTED
236.000,1.0000,0.50721472,0.410000,1,0,3,0.794797,24,16,1.000000,44.000,1,OK,DAMAGE DETECTED
237.000,1.0000,0.57120351,0.410000,1,2,1,0.874793,24,16,1.000000,45.000,1,OK,DAMAGE DETECTED
238.000,1.0000,0.49591017,0.410000,1,0,1,0.987470,24,16,1.000000,46.000,1,OK,DAMAGE DETECTED
239.000,1.0000,0.53146054,0.410000,1,0,1,0.697536,24,16,1.000000,47.000,1,OK,DAMAGE DETECTED
240.000,1.0000,0.56490284,0.410000,1,2,1,0.919420,24,16,1.000000,48.000,1,OK,DAMAGE DETECTED
241.000,1.0000,0.47742246,0.410000,1,0,3,0.730386,24,16,1.000000,49.000,1,OK,DAMAGE DETECTED
242.000,1.0000,0.33680575,0.410000,0,0,3,0.712536,24,16,1.000000,50.000,1,OK,DAMAGE DETECTED
243.000,1.0000,0.46792056,0.410000,1,4,3,0.888307,24,16,1.000000,51.000,1,OK,DAMAGE DETECTED
244.000,1.0000,0.63813233,0.410000,1,2,1,0.697905,24,16,1.000000,52.000,1,OK,DAMAGE DETECTED
245.000,1.0000,0.67867029,0.410000,1,1,1,0.868839,24,16,1.000000,53.000,1,OK,DAMAGE DETECTED
246.000,1.0000,0.45016969,0.410000,1,0,3,0.941304,24,16,1.000000,54.000,1,OK,DAMAGE DETECTED
247.000,1.0000,0.37200753,0.410000,0,0,3,0.892980,24,16,1.000000,55.000,1,OK,DAMAGE DETECTED
248.000,1.0000,0.59711144,0.410000,1,0,1,0.855418,24,16,1.000000,56.000,1,OK,DAMAGE DETECTED
249.000,1.0000,0.47042159,0.410000,1,0,3,0.775181,24,16,1.000000,57.000,1,OK,DAMAGE DETECTED
250.000,1.0000,0.50097267,0.410000,1,0,3,0.809277,24,16,1.000000,58.000,1,OK,DAMAGE DETECTED
251.000,1.0000,0.50032700,0.410000,1,0,3,0.853300,24,16,1.000000,59.000,1,OK,DAMAGE DETECTED
252.000,1.0000,0.54746286,0.410000,1,0,1,0.815150,24,16,1.000000,60.000,1,OK,DAMAGE DETECTED
253.000,1.0000,0.58653473,0.410000,1,0,1,0.927691,24,16,1.000000,61.000,1,OK,DAMAGE DETECTED
254.000,1.0000,0.37764843,0.410000,0,0,3,0.882601,24,16,1.000000,62.000,1,OK,DAMAGE DETECTED
255.000,1.0000,0.47118931,0.410000,1,0,1,0.786590,24,16,1.000000,63.000,1,OK,DAMAGE DETECTED
256.000,2.5000,0.35891764,0.385000,0,0,3,0.853298,24,16,1.000000,0.000,1,OK,DAMAGE DETECTED
257.000,2.5000,0.31745478,0.385000,0,0,3,0.886298,24,16,1.000000,1.000,1,OK,HEALTHY
258.000,2.5000,0.51863600,0.385000,1,0,1,0.901503,24,16,1.000000,2.000,1,OK,HEALTHY
259.000,2.5000,0.41395781,0.385000,1,0,3,0.944963,24,16,1.000000,3.000,1,OK,DAMAGE DETECTED
260.000,2.5000,0.45636144,0.385000,1,0,3,0.868687,24,16,1.000000,4.000,1,OK,DAMAGE DETECTED
261.000,2.5000,0.41667624,0.385000,1,4,1,0.956026,24,16,1.000000,5.000,1,OK,DAMAGE DETECTED
262.000,2.5000,0.43055699,0.385000,1,4,1,0.896338,24,16,1.000000,6.000,1,OK,DAMAGE DETECTED
263.000,2.5000,0.49712672,0.385000,1,0,1,0.917419,24,16,1.000000,7.000,1,OK,DAMAGE DETECTED
264.000,2.5000,0.43328653,0.385000,1,4,3,0.889560,24,16,1.000000,8.000,1,OK,DAMAGE DETECTED
265.000,2.5000,0.51439460,0.385000,1,0,3,0.823134,24,16,1.000000,9.000,1,OK,DAMAGE DETECTED
266.000,2.5000,0.45450682,0.385000,1,0,1,0.860461,24,16,1.000000,10.000,1,OK,DAMAGE DETECTED
267.000,2.5000,0.39720806,0.385000,1,4,3,0.892855,24,16,1.000000,11.000,1,OK,DAMAGE DETECTED
268.000,2.5000,0.49931881,0.385000,1,0,1,0.892986,24,16,1.000000,12.000,1,OK,DAMAGE DETECTED
269.000,2.5000,0.46198954,0.385000,1,0,3,0.895175,24,16,1.000000,13.000,1,OK,DAMAGE DETECTED
270.000,2.5000,0.46285902,0.385000,1,0,1,0.899541,24,16,1.000000,14.000,1,OK,DAMAGE DETECTED
271.000,2.5000,0.46009455,0.385000,1,0,1,0.913248,24,16,1.000000,15.000,1,OK,DAMAGE DETECTED
272.000,2.5000,0.48332529,0.385000,1,0,1,0.961838,24,16,1.000000,16.000,1,OK,DAMAGE DETECTED
273.000,2.5000,0.40475269,0.385000,1,4,1,0.907520,24,16,1.000000,17.000,1,OK,DAMAGE DETECTED
274.000,2.5000,0.46226906,0.385000,1,4,1,0.930328,24,16,1.000000,18.000,1,OK,DAMAGE DETECTED
275.000,2.5000,0.47183988,0.385000,1,0,3,0.920361,24,16,1.000000,19.000,1,OK,DAMAGE DETECTED
276.000,2.5000,0.49104017,0.385000,1,4,1,0.866374,24,16,1.000000,20.000,1,OK,DAMAGE DETECTED
277.000,2.5000,0.44694055,0.385000,1,0,3,0.928394,24,16,1.000000,21.000,1,OK,DAMAGE DETECTED
278.000,2.5000,0.53851307,0.385000,1,0,1,0.918054,24,16,1.000000,22.000,1,OK,DAMAGE DETECTED
279.000,2.5000,0.42204785,0.385000,1,4,3,0.958571,24,16,1.000000,23.000,1,OK,DAMAGE DETECTED
280.000,2.5000,0.55979524,0.385000,1,0,1,0.913069,24,16,1.000000,24.000,1,OK,DAMAGE DETECTED
281.000,2.5000,0.45036821,0.385000,1,4,3,0.960764,24,16,1.000000,25.000,1,OK,DAMAGE DETECTED
282.000,2.5000,0.42193405,0.385000,1,0,3,0.955489,24,16,1.000000,26.000,1,OK,DAMAGE DETECTED
283.000,2.5000,0.35365342,0.385000,0,0,1,0.884767,24,16,1.000000,27.000,1,OK,DAMAGE DETECTED
284.000,2.5000,0.40288721,0.385000,1,0,3,0.906043,24,16,1.000000,28.000,1,OK,DAMAGE DETECTED
285.000,2.5000,0.57207048,0.385000,1,0,1,0.940741,24,16,1.000000,29.000,1,OK,DAMAGE DETECTED
286.000,2.5000,0.46342273,0.385000,1,4,3,0.930907,24,16,1.000000,30.000,1,OK,DAMAGE DETECTED
287.000,2.5000,0.44808271,0.385000,1,0,3,0.889343,24,16,1.000000,31.000,1,OK,DAMAGE DETECTED
288.000,2.5000,0.51985511,0.385000,1,4,3,0.903302,24,16,1.000000,32.000,1,OK,DAMAGE DETECTED
289.000,2.5000,0.47477471,0.385000,1,4,1,0.890345,24,16,1.000000,33.000,1,OK,DAMAGE DETECTED
290.000,2.5000,0.49055305,0.385000,1,0,1,0.934727,24,16,1.000000,34.000,1,OK,DAMAGE DETECTED
291.000,2.5000,0.44757546,0.385000,1,4,3,0.935951,24,16,1.000000,35.000,1,OK,DAMAGE DETECTED
292.000,2.5000,0.39706508,0.385000,1,4,3,0.945047,24,16,1.000000,36.000,1,OK,DAMAGE DETECTED
293.000,2.5000,0.45434544,0.385000,1,4,3,0.872341,24,16,1.000000,37.000,1,OK,DAMAGE DETECTED
294.000,2.5000,0.45155631,0.385000,1,0,3,0.873377,24,16,1.000000,38.000,1,OK,DAMAGE DETECTED
295.000,2.5000,0.35453450,0.385000,0,0,3,0.940635,24,16,1.000000,39.000,1,OK,DAMAGE DETECTED
296.000,2.5000,0.39779884,0.385000,1,0,1,0.850346,24,16,1.000000,40.000,1,OK,DAMAGE DETECTED
297.000,2.5000,0.46406305,0.385000,1,4,1,0.936382,24,16,1.000000,41.000,1,OK,DAMAGE DETECTED
298.000,2.5000,0.50655982,0.385000,1,0,1,0.893420,24,16,1.000000,42.000,1,OK,DAMAGE DETECTED
299.000,2.5000,0.44935863,0.385000,1,0,3,0.909894,24,16,1.000000,43.000,1,OK,DAMAGE DETECTED
300.000,2.5000,0.36896488,0.385000,0,0,3,0.946645,24,16,1.000000,44.000,1,OK,DAMAGE DETECTED
301.000,2.5000,0.43773384,0.385000,1,0,3,0.867735,24,16,1.000000,45.000,1,OK,DAMAGE DETECTED
302.000,2.5000,0.47382020,0.385000,1,0,1,0.862033,24,16,1.000000,46.000,1,OK,DAMAGE DETECTED
303.000,2.5000,0.40798680,0.385000,1,4,3,0.864588,24,16,1.000000,47.000,1,OK,DAMAGE DETECTED
304.000,2.5000,0.52990477,0.385000,1,4,1,0.907520,24,16,1.000000,48.000,1,OK,DAMAGE DETECTED
305.000,2.5000,0.40002355,0.385000,1,0,3,0.874380,24,16,1.000000,49.000,1,OK,DAMAGE DETECTED
306.000,2.5000,0.48556819,0.385000,1,0,1,0.878439,24,16,1.000000,50.000,1,OK,DAMAGE DETECTED
307.000,2.5000,0.42373282,0.385000,1,0,1,0.881444,24,16,1.000000,51.000,1,OK,DAMAGE DETECTED
308.000,2.5000,0.43828183,0.385000,1,4,3,0.899748,24,16,1.000000,52.000,1,OK,DAMAGE DETECTED
309.000,2.5000,0.47474324,0.385000,1,0,1,0.928963,24,16,1.000000,53.000,1,OK,DAMAGE DETECTED
310.000,2.5000,0.41611479,0.385000,1,0,3,0.901726,24,16,1.000000,54.000,1,OK,DAMAGE DETECTED
311.000,2.5000,0.43287606,0.385000,1,3,3,0.939252,24,16,1.000000,55.000,1,OK,DAMAGE DETECTED
312.000,2.5000,0.36661891,0.385000,0,0,3,0.925798,24,16,1.000000,56.000,1,OK,DAMAGE DETECTED
313.000,2.5000,0.33291633,0.385000,0,0,3,0.943844,24,16,1.000000,57.000,1,OK,DAMAGE DETECTED
314.000,2.5000,0.43192657,0.385000,1,4,3,0.918901,24,16,1.000000,58.000,1,OK,DAMAGE DETECTED
315.000,2.5000,0.49724151,0.385000,1,0,3,0.924920,24,16,1.000000,59.000,1,OK,DAMAGE DETECTED
316.000,2.5000,0.39509408,0.385000,1,0,3,0.901424,24,16,1.000000,60.000,1,OK,DAMAGE DETECTED
317.000,2.5000,0.51133105,0.385000,1,4,1,0.885454,24,16,1.000000,61.000,1,OK,DAMAGE DETECTED
318.000,2.5000,0.39702285,0.385000,1,0,3,0.896268,24,16,1.000000,62.000,1,OK,DAMAGE DETECTED
319.000,2.5000,0.44132033,0.385000,1,4,3,0.878247,24,16,1.000000,63.000,1,OK,DAMAGE DETECTED
320.000,2.5000,0.36603844,0.385000,0,0,1,0.947520,24,16,1.000000,0.000,1,OK,DAMAGE DETECTED
321.000,2.5000,0.38250918,0.385000,0,0,3,0.898291,24,16,1.000000,1.000,1,OK,DAMAGE DETECTED
322.000,2.5000,0.45902445,0.385000,1,0,1,0.936069,24,16,1.000000,2.000,1,OK,DAMAGE DETECTED
323.000,2.5000,0.50164875,0.385000,1,0,1,0.902601,24,16,1.000000,3.000,1,OK,DAMAGE DETECTED
324.000,2.5000,0.39109776,0.385000,1,3,3,0.873596,24,16,1.000000,4.000,1,OK,DAMAGE DETECTED
325.000,2.5000,0.40620478,0.385000,1,3,1,0.932626,24,16,1.000000,5.000,1,OK,DAMAGE DETECTED
326.000,2.5000,0.34998435,0.385000,0,0,3,0.916434,24,16,1.000000,6.000,1,OK,DAMAGE DETECTED
327.000,2.5000,0.48425835,0.385000,1,4,1,0.834653,24,16,1.000000,7.000,1,OK,DAMAGE DETECTED
328.000,2.5000,0.30926563,0.385000,0,0,3,0.931572,24,16,1.000000,8.000,1,OK,DAMAGE DETECTED
329.000,2.5000,0.45710064,0.385000,1,0,1,0.980592,24,16,1.000000,9.000,1,OK,DAMAGE DETECTED
330.000,2.5000,0.37770270,0.385000,0,0,1,0.919838,24,16,1.000000,10.000,1,OK,HEALTHY
331.000,2.5000,0.37643448,0.385000,0,0,3,0.900085,24,16,1.000000,11.000,1,OK,HEALTHY
332.000,2.5000,0.33792086,0.385000,0,0,3,0.962518,24,16,1.000000,12.000,1,OK,HEALTHY
333.000,2.5000,0.43334956,0.385000,1,3,1,0.880540,24,16,1.000000,13.000,1,OK,HEALTHY
334.000,2.5000,0.44816110,0.385000,1,0,1,0.953342,24,16,1.000000,14.000,1,OK,HEALTHY
335.000,2.5000,0.38498801,0.385000,0,0,3,0.916453,24,16,1.000000,15.000,1,OK,HEALTHY
336.000,2.5000,0.38363352,0.385000,0,0,3,0.933620,24,16,1.000000,16.000,1,OK,HEALTHY
337.000,2.5000,0.41034920,0.385000,1,0,1,0.849502,24,16,1.000000,17.000,1,OK,DAMAGE DETECTED
338.000,2.5000,0.38676442,0.385000,1,0,3,0.944677,24,16,1.000000,18.000,1,OK,DAMAGE DETECTED
339.000,2.5000,0.37777710,0.385000,0,0,3,0.936799,24,16,1.000000,19.000,1,OK,HEALTHY
340.000,2.5000,0.38570560,0.385000,1,0,3,0.931665,24,16,1.000000,20.000,1,OK,DAMAGE DETECTED
341.000,2.5000,0.24978709,0.385000,0,0,3,0.950756,24,16,1.000000,21.000,1,OK,DAMAGE DETECTED
342.000,2.5000,0.48689830,0.385000,1,0,1,0.946542,24,16,1.000000,22.000,1,OK,DAMAGE DETECTED
343.000,2.5000,0.37608751,0.385000,0,0,1,0.935927,24,16,1.000000,23.000,1,OK,HEALTHY
344.000,2.5000,0.36075203,0.385000,0,0,3,0.903589,24,16,1.000000,24.000,1,OK,HEALTHY
345.000,2.5000,0.44703418,0.385000,1,3,1,0.882458,24,16,1.000000,25.000,1,OK,HEALTHY
346.000,2.5000,0.48640979,0.385000,1,0,1,0.852077,24,16,1.000000,26.000,1,OK,DAMAGE DETECTED
347.000,2.5000,0.40561049,0.385000,1,4,1,0.871952,24,16,1.000000,27.000,1,OK,DAMAGE DETECTED
348.000,2.5000,0.41681418,0.385000,1,0,3,0.909205,24,16,1.000000,28.000,1,OK,DAMAGE DETECTED
349.000,2.5000,0.53440388,0.385000,1,4,1,0.923764,24,16,1.000000,29.000,1,OK,DAMAGE DETECTED
350.000,2.5000,0.45014891,0.385000,1,4,1,0.944679,24,16,1.000000,30.000,1,OK,DAMAGE DETECTED
351.000,2.5000,0.48815309,0.385000,1,3,1,0.879694,24,16,1.000000,31.000,1,OK,DAMAGE DETECTED
352.000,2.5000,0.38609056,0.385000,1,4,3,0.975282,24,16,1.000000,32.000,1,OK,DAMAGE DETECTED
353.000,2.5000,0.42845000,0.385000,1,0,1,0.895744,24,16,1.000000,33.000,1,OK,DAMAGE DETECTED
354.000,2.5000,0.37131546,0.385000,0,0,3,0.936444,24,16,1.000000,34.000,1,OK,DAMAGE DETECTED
355.000,2.5000,0.40978332,0.385000,1,3,3,0.942807,24,16,1.000000,35.000,1,OK,DAMAGE DETECTED
356.000,2.5000,0.38321690,0.385000,0,0,3,0.927167,24,16,1.000000,36.000,1,OK,DAMAGE DETECTED
357.000,2.5000,0.37082632,0.385000,0,0,3,0.964527,24,16,1.000000,37.000,1,OK,HEALTHY
358.000,2.5000,0.35400231,0.385000,0,0,3,0.909871,24,16,1.000000,38.000,1,OK,HEALTHY
359.000,2.5000,0.38305661,0.385000,0,0,3,0.912550,24,16,1.000000,39.000,1,OK,HEALTHY
360.000,2.5000,0.39575469,0.385000,1,4,3,0.895181,24,16,1.000000,40.000,1,OK,HEALTHY
361.000,2.5000,0.30826080,0.385000,0,0,3,0.904112,24,16,1.000000,41.000,1,OK,HEALTHY
362.000,2.5000,0.41006460,0.385000,1,4,3,0.945023,24,16,1.000000,42.000,1,OK,HEALTHY
363.000,2.5000,0.31267495,0.385000,0,0,3,0.966925,24,16,1.000000,43.000,1,OK,HEALTHY
364.000,2.5000,0.34442978,0.385000,0,0,3,0.915186,24,16,1.000000,44.000,1,OK,HEALTHY
365.000,2.5000,0.40487397,0.385000,1,3,3,0.960662,24,16,1.000000,45.000,1,OK,HEALTHY
366.000,2.5000,0.35722246,0.385000,0,0,3,0.954328,24,16,1.000000,46.000,1,OK,HEALTHY
367.000,2.5000,0.36209518,0.385000,0,0,3,0.902036,24,16,1.000000,47.000,1,OK,HEALTHY
368.000,2.5000,0.35002378,0.385000,0,0,3,0.928212,24,16,1.000000,48.000,1,OK,HEALTHY
369.000,2.5000,0.37074303,0.385000,0,0,1,0.925034,24,16,1.000000,49.000,1,OK,HEALTHY
370.000,2.5000,0.43688393,0.385000,1,0,1,0.882885,24,16,1.000000,50.000,1,OK,HEALTHY
371.000,2.5000,0.36668971,0.385000,0,0,3,0.895056,24,16,1.000000,51.000,1,OK,HEALTHY
372.000,2.5000,0.41412969,0.385000,1,0,1,0.887843,24,16,1.000000,52.000,1,OK,HEALTHY
373.000,2.5000,0.47788977,0.385000,1,4,1,0.865818,24,16,1.000000,53.000,1,OK,DAMAGE DETECTED
374.000,2.5000,0.45667377,0.385000,1,4,1,0.950123,24,16,1.000000,54.000,1,OK,DAMAGE DETECTED
375.000,2.5000,0.35429302,0.385000,0,0,3,0.950361,24,16,1.000000,55.000,1,OK,DAMAGE DETECTED
376.000,2.5000,0.27347103,0.385000,0,0,3,0.897197,24,16,1.000000,56.000,1,OK,DAMAGE DETECTED
377.000,2.5000,0.44582625,0.385000,1,0,1,0.922610,24,16,1.000000,57.000,1,OK,DAMAGE DETECTED
378.000,2.5000,0.31308687,0.385000,0,0,3,0.921086,24,16,1.000000,58.000,1,OK,HEALTHY
379.000,2.5000,0.47068901,0.385000,1,4,1,0.916196,24,16,1.000000,59.000,1,OK,HEALTHY
380.000,2.5000,0.37616188,0.385000,0,0,3,0.858048,24,16,1.000000,60.000,1,OK,HEALTHY
381.000,2.5000,0.30802107,0.385000,0,0,3,0.881489,24,16,1.000000,61.000,1,OK,HEALTHY
382.000,2.5000,0.40067904,0.385000,1,4,1,0.922724,24,16,1.000000,62.000,1,OK,HEALTHY
383.000,2.5000,0.36298585,0.385000,0,0,3,0.900314,24,16,1.000000,63.000,1,OK,HEALTHY
384.000,2.5000,0.26074665,0.385000,0,0,3,0.951861,24,16,1.000000,0.000,1,OK,HEALTHY
385.000,2.5000,0.35271780,0.385000,0,0,1,0.868487,24,16,1.000000,1.000,1,OK,HEALTHY
386.000,2.5000,0.38829954,0.385000,1,0,1,0.975244,24,16,1.000000,2.000,1,OK,HEALTHY
387.000,2.5000,0.35294025,0.385000,0,0,1,0.930395,24,16,1.000000,3.000,1,OK,HEALTHY
388.000,2.5000,0.33690816,0.385000,0,0,1,0.923934,24,16,1.000000,4.000,1,OK,HEALTHY
389.000,2.5000,0.37493709,0.385000,0,0,1,0.868861,24,16,1.000000,5.000,1,OK,HEALTHY
390.000,2.5000,0.34063645,0.385000,0,0,3,0.926807,24,16,1.000000,6.000,1,OK,HEALTHY
391.000,2.5000,0.35926056,0.385000,0,0,1,0.978191,24,16,1.000000,7.000,1,OK,HEALTHY
392.000,2.5000,0.36437316,0.385000,0,0,1,0.911916,24,16,1.000000,8.000,1,OK,HEALTHY
393.000,2.5000,0.39991968,0.385000,1,4,1,0.919110,24,16,1.000000,9.000,1,OK,HEALTHY
394.000,2.5000,0.33745380,0.385000,0,0,3,0.915373,24,16,1.000000,10.000,1,OK,HEALTHY
395.000,2.5000,0.41868773,0.385000,1,0,1,0.908799,24,16,1.000000,11.000,1,OK,HEALTHY
396.000,2.5000,0.31387128,0.385000,0,0,1,0.957545,24,16,1.000000,12.000,1,OK,HEALTHY
397.000,2.5000,0.40568522,0.385000,1,0,1,0.905560,24,16,1.000000,13.000,1,OK,DAMAGE DETECTED
398.000,2.5000,0.38399120,0.385000,0,0,1,0.919397,24,16,1.000000,14.000,1,OK,HEALTHY
399.000,2.5000,0.34248555,0.385000,0,0,1,0.893612,24,16,1.000000,15.000,1,OK,HEALTHY
400.000,2.5000,0.31304918,0.385000,0,0,3,0.930361,24,16,1.000000,16.000,1,OK,HEALTHY
401.000,2.5000,0.33112555,0.385000,0,0,3,0.855694,24,16,1.000000,17.000,1,OK,HEALTHY
402.000,2.5000,0.33049352,0.385000,0,0,1,0.960220,24,16,1.000000,18.000,1,OK,HEALTHY
403.000,2.5000,0.33169156,0.385000,0,0,1,0.959295,24,16,1.000000,19.000,1,OK,HEALTHY
404.000,2.5000,0.39668843,0.385000,1,0,1,0.954018,24,16,1.000000,20.000,1,OK,HEALTHY
405.000,2.5000,0.35101411,0.385000,0,0,1,0.881519,24,16,1.000000,21.000,1,OK,HEALTHY
406.000,2.5000,0.31007980,0.385000,0,0,3,0.942505,24,16,1.000000,22.000,1,OK,HEALTHY
407.000,2.5000,0.32481569,0.385000,0,0,3,0.938882,24,16,1.000000,23.000,1,OK,HEALTHY
408.000,2.5000,0.43174290,0.385000,1,0,1,0.897606,24,16,1.000000,24.000,1,OK,HEALTHY
409.000,2.5000,0.37368133,0.385000,0,0,1,0.944004,24,16,1.000000,25.000,1,OK,HEALTHY
410.000,2.5000,0.41089915,0.385000,1,0,1,0.925573,24,16,1.000000,26.000,1,OK,HEALTHY
411.000,2.5000,0.34861398,0.385000,0,0,1,0.897861,24,16,1.000000,27.000,1,OK,HEALTHY
412.000,2.5000,0.32084763,0.385000,0,0,3,0.926456,24,16,1.000000,28.000,1,OK,HEALTHY
413.000,2.5000,0.36142892,0.385000,0,0,1,0.856021,24,16,1.000000,29.000,1,OK,HEALTHY
414.000,2.5000,0.43829603,0.385000,1,0,1,0.906259,24,16,1.000000,30.000,1,OK,HEALTHY
415.000,2.5000,0.45547499,0.385000,1,1,1,0.903668,24,16,1.000000,31.000,1,OK,HEALTHY
416.000,2.5000,0.37127984,0.385000,0,0,1,0.976221,24,16,1.000000,32.000,1,OK,HEALTHY
417.000,2.5000,0.32329967,0.385000,0,0,3,0.897787,24,16,1.000000,33.000,1,OK,HEALTHY
418.000,2.5000,0.38513612,0.385000,1,0,1,0.891726,24,16,1.000000,34.000,1,OK,DAMAGE DETECTED
419.000,2.5000,0.33717412,0.385000,0,0,3,0.931029,24,16,1.000000,35.000,1,OK,HEALTHY
420.000,2.5000,0.45428537,0.385000,1,3,1,0.912270,24,16,1.000000,36.000,1,OK,HEALTHY
421.000,2.5000,0.36278661,0.385000,0,0,1,0.945133,24,16,1.000000,37.000,1,OK,HEALTHY
422.000,2.5000,0.43034587,0.385000,1,3,1,0.942045,24,16,1.000000,38.000,1,OK,DAMAGE DETECTED
423.000,2.5000,0.39540504,0.385000,1,3,1,0.907074,24,16,1.000000,39.000,1,OK,DAMAGE DETECTED
424.000,2.5000,0.37481295,0.385000,0,0,1,0.829849,24,16,1.000000,40.000,1,OK,DAMAGE DETECTED
425.000,2.5000,0.33762012,0.385000,0,0,1,0.920106,24,16,1.000000,41.000,1,OK,HEALTHY
426.000,2.5000,0.27698820,0.385000,0,0,3,0.949400,24,16,1.000000,42.000,1,OK,HEALTHY
427.000,2.5000,0.31036899,0.385000,0,0,3,0.966166,24,16,1.000000,43.000,1,OK,HEALTHY
428.000,2.5000,0.35329323,0.385000,0,0,1,0.902513,24,16,1.000000,44.000,1,OK,HEALTHY
429.000,2.5000,0.31956508,0.385000,0,0,3,0.931449,24,16,1.000000,45.000,1,OK,HEALTHY
430.000,2.5000,0.35752819,0.385000,0,0,1,0.932138,24,16,1.000000,46.000,1,OK,HEALTHY
431.000,2.5000,0.30840791,0.385000,0,0,1,0.927782,24,16,1.000000,47.000,1,OK,HEALTHY
432.000,2.5000,0.41373913,0.385000,1,0,1,0.951170,24,16,1.000000,48.000,1,OK,HEALTHY
433.000,2.5000,0.32639333,0.385000,0,0,1,0.908416,24,16,1.000000,49.000,1,OK,HEALTHY
434.000,2.5000,0.45059430,0.385000,1,1,1,0.895748,24,16,1.000000,50.000,1,OK,HEALTHY
435.000,2.5000,0.29633468,0.385000,0,0,1,0.955494,24,16,1.000000,51.000,1,OK,HEALTHY
436.000,2.5000,0.33048596,0.385000,0,0,1,0.904720,24,16,1.000000,52.000,1,OK,HEALTHY
437.000,2.5000,0.31752286,0.385000,0,0,3,0.899249,24,16,1.000000,53.000,1,OK,HEALTHY
438.000,2.5000,0.31581378,0.385000,0,0,3,0.901538,24,16,1.000000,54.000,1,OK,HEALTHY
439.000,2.5000,0.35037515,0.385000,0,0,1,0.950782,24,16,1.000000,55.000,1,OK,HEALTHY
440.000,2.5000,0.35418300,0.385000,0,0,1,0.912007,24,16,1.000000,56.000,1,OK,HEALTHY
441.000,2.5000,0.31355315,0.385000,0,0,3,0.920004,24,16,1.000000,57.000,1,OK,HEALTHY
442.000,2.5000,0.40197163,0.385000,1,0,1,0.932466,24,16,1.000000,58.000,1,OK,HEALTHY
443.000,2.5000,0.40690064,0.385000,1,0,1,0.869923,24,16,1.000000,59.000,1,OK,HEALTHY
444.000,2.5000,0.33562890,0.385000,0,0,3,0.937282,24,16,1.000000,60.000,1,OK,HEALTHY
445.000,2.5000,0.42003992,0.385000,1,0,1,0.901019,24,16,1.000000,61.000,1,OK,DAMAGE DETECTED
446.000,2.5000,0.28669791,0.385000,0,0,3,0.880684,24,16,1.000000,62.000,1,OK,DAMAGE DETECTED
447.000,2.5000,0.22215385,0.385000,0,0,3,0.933623,24,16,1.000000,63.000,1,OK,HEALTHY
448.000,2.5000,0.56049019,0.385000,1,0,1,0.720810,24,16,1.000000,0.000,1,OK,HEALTHY
449.000,2.5000,0.60577465,0.385000,1,0,1,0.740046,24,16,1.000000,1.000,1,OK,DAMAGE DETECTED
450.000,2.5000,0.60701044,0.385000,1,0,1,0.749814,24,16,1.000000,2.000,1,OK,DAMAGE DETECTED
451.000,2.5000,0.60869252,0.385000,1,0,1,0.703473,24,16,1.000000,3.000,1,OK,DAMAGE DETECTED
452.000,2.5000,0.60437520,0.385000,1,0,1,0.734188,24,16,1.000000,4.000,1,OK,DAMAGE DETECTED
453.000,2.5000,0.60935289,0.385000,1,0,1,0.730542,24,16,1.000000,5.000,1,OK,DAMAGE DETECTED
454.000,2.5000,0.58878119,0.385000,1,0,1,0.695217,24,16,1.000000,6.000,1,OK,DAMAGE DETECTED
455.000,2.5000,0.60814550,0.385000,1,0,1,0.698494,24,16,1.000000,7.000,1,OK,DAMAGE DETECTED
456.000,2.5000,0.62038984,0.385000,1,0,1,0.684447,24,16,1.000000,8.000,1,OK,DAMAGE DETECTED
457.000,2.5000,0.57102099,0.385000,1,0,1,0.663128,24,16,1.000000,9.000,1,OK,DAMAGE DETECTED
458.000,2.5000,0.59869269,0.385000,1,0,1,0.751388,24,16,1.000000,10.000,1,OK,DAMAGE DETECTED
459.000,2.5000,0.58978412,0.385000,1,0,1,0.740540,24,16,1.000000,11.000,1,OK,DAMAGE DETECTED
460.000,2.5000,0.61571943,0.385000,1,0,1,0.793954,24,16,1.000000,12.000,1,OK,DAMAGE DETECTED
461.000,2.5000,0.59106332,0.385000,1,0,1,0.701339,24,16,1.000000,13.000,1,OK,DAMAGE DETECTED
462.000,2.5000,0.60111678,0.385000,1,0,1,0.718913,24,16,1.000000,14.000,1,OK,DAMAGE DETECTED
463.000,2.5000,0.59625138,0.385000,1,0,1,0.750942,24,16,1.000000,15.000,1,OK,DAMAGE DETECTED
464.000,2.5000,0.60302514,0.385000,1,0,1,0.690273,24,16,1.000000,16.000,1,OK,DAMAGE DETECTED
465.000,2.5000,0.58977486,0.385000,1,3,1,0.704283,24,16,1.000000,17.000,1,OK,DAMAGE DETECTED
466.000,2.5000,0.58431605,0.385000,1,0,1,0.722541,24,16,1.000000,18.000,1,OK,DAMAGE DETECTED
467.000,2.5000,0.61081019,0.385000,1,0,1,0.687911,24,16,1.000000,19.000,1,OK,DAMAGE DETECTED
468.000,2.5000,0.62351609,0.385000,1,0,1,0.722438,24,16,1.000000,20.000,1,OK,DAMAGE DETECTED
469.000,2.5000,0.58990353,0.385000,1,0,1,0.689473,24,16,1.000000,21.000,1,OK,DAMAGE DETECTED
470.000,2.5000,0.59376819,0.385000,1,0,1,0.709036,24,16,1.000000,22.000,1,OK,DAMAGE DETECTED
471.000,2.5000,0.61188520,0.385000,1,0,1,0.674628,24,16,1.000000,23.000,1,OK,DAMAGE DETECTED
472.000,2.5000,0.61689230,0.385000,1,0,1,0.705066,24,16,1.000000,24.000,1,OK,DAMAGE DETECTED
473.000,2.5000,0.58287863,0.385000,1,0,1,0.731218,24,16,1.000000,25.000,1,OK,DAMAGE DETECTED
474.000,2.5000,0.60015955,0.385000,1,0,1,0.774967,24,16,1.000000,26.000,1,OK,DAMAGE DETECTED
475.000,2.5000,0.64881945,0.385000,1,0,1,0.673417,24,16,1.000000,27.000,1,OK,DAMAGE DETECTED
476.000,2.5000,0.59247848,0.385000,1,0,1,0.757916,24,16,1.000000,28.000,1,OK,DAMAGE DETECTED
477.000,2.5000,0.62012403,0.385000,1,0,1,0.720993,24,16,1.000000,29.000,1,OK,DAMAGE DETECTED
478.000,2.5000,0.58637343,0.385000,1,0,1,0.756354,24,16,1.000000,30.000,1,OK,DAMAGE DETECTED
479.000,2.5000,0.59491428,0.385000,1,0,1,0.690260,24,16,1.000000,31.000,1,OK,DAMAGE DETECTED
480.000,2.5000,0.62695433,0.385000,1,0,1,0.738907,24,16,1.000000,32.000,1,OK,DAMAGE DETECTED
481.000,2.5000,0.64366865,0.385000,1,0,1,0.710932,24,16,1.000000,33.000,1,OK,DAMAGE DETECTED
482.000,2.5000,0.60629224,0.385000,1,0,1,0.713995,24,16,1.000000,34.000,1,OK,DAMAGE DETECTED
483.000,2.5000,0.63154894,0.385000,1,0,1,0.703969,24,16,1.000000,35.000,1,OK,DAMAGE DETECTED
484.000,2.5000,0.60823602,0.385000,1,0,1,0.736838,24,16,1.000000,36.000,1,OK,DAMAGE DETECTED
485.000,2.5000,0.59396302,0.385000,1,0,1,0.699695,24,16,1.000000,37.000,1,OK,DAMAGE DETECTED
486.000,2.5000,0.57396188,0.385000,1,0,1,0.763532,24,16,1.000000,38.000,1,OK,DAMAGE DETECTED
487.000,2.5000,0.63816143,0.385000,1,0,1,0.742872,24,16,1.000000,39.000,1,OK,DAMAGE DETECTED
488.000,2.5000,0.61019069,0.385000,1,0,1,0.738288,24,16,1.000000,40.000,1,OK,DAMAGE DETECTED
489.000,2.5000,0.59002438,0.385000,1,0,1,0.736834,24,16,1.000000,41.000,1,OK,DAMAGE DETECTED
490.000,2.5000,0.59724083,0.385000,1,0,1,0.700982,24,16,1.000000,42.000,1,OK,DAMAGE DETECTED
491.000,2.5000,0.60668934,0.385000,1,0,1,0.715491,24,16,1.000000,43.000,1,OK,DAMAGE DETECTED
492.000,2.5000,0.54601914,0.385000,1,0,1,0.667449,24,16,1.000000,44.000,1,OK,DAMAGE DETECTED
493.000,2.5000,0.61867580,0.385000,1,0,1,0.710979,24,16,1.000000,45.000,1,OK,DAMAGE DETECTED
494.000,2.5000,0.63143816,0.385000,1,0,1,0.785063,24,16,1.000000,46.000,1,OK,DAMAGE DETECTED
495.000,2.5000,0.60391456,0.385000,1,0,1,0.688323,24,16,1.000000,47.000,1,OK,DAMAGE DETECTED
496.000,2.5000,0.62345155,0.385000,1,0,1,0.781940,24,16,1.000000,48.000,1,OK,DAMAGE DETECTED
497.000,2.5000,0.64181854,0.385000,1,0,1,0.768167,24,16,1.000000,49.000,1,OK,DAMAGE DETECTED
498.000,2.5000,0.58846097,0.385000,1,0,1,0.704596,24,16,1.000000,50.000,1,OK,DAMAGE DETECTED
499.000,2.5000,0.59406829,0.385000,1,0,1,0.695491,24,16,1.000000,51.000,1,OK,DAMAGE DETECTED
500.000,2.5000,0.63534598,0.385000,1,0,1,0.730504,24,16,1.000000,52.000,1,OK,DAMAGE DETECTED
501.000,2.5000,0.63338240,0.385000,1,0,1,0.722271,24,16,1.000000,53.000,1,OK,DAMAGE DETECTED
502.000,2.5000,0.61578701,0.385000,1,0,1,0.761093,24,16,1.000000,54.000,1,OK,DAMAGE DETECTED
503.000,2.5000,0.60456952,0.385000,1,0,1,0.776336,24,16,1.000000,55.000,1,OK,DAMAGE DETECTED
504.000,2.5000,0.58798347,0.385000,1,3,1,0.767908,24,16,1.000000,56.000,1,OK,DAMAGE DETECTED
505.000,2.5000,0.58862657,0.385000,1,0,1,0.724662,24,16,1.000000,57.000,1,OK,DAMAGE DETECTED
506.000,2.5000,0.64406882,0.385000,1,0,1,0.755947,24,16,1.000000,58.000,1,OK,DAMAGE DETECTED
507.000,2.5000,0.60066707,0.385000,1,0,1,0.740667,24,16,1.000000,59.000,1,OK,DAMAGE DETECTED
508.000,2.5000,0.61349314,0.385000,1,0,1,0.695018,24,16,1.000000,60.000,1,OK,DAMAGE DETECTED
509.000,2.5000,0.62809939,0.385000,1,0,1,0.770454,24,16,1.000000,61.000,1,OK,DAMAGE DETECTED
510.000,2.5000,0.60553914,0.385000,1,0,1,0.764589,24,16,1.000000,62.000,1,OK,DAMAGE DETECTED
511.000,2.5000,0.58245173,0.385000,1,0,1,0.713368,24,16,1.000000,63.000,1,OK,DAMAGE DETECTED
512.000,2.5000,0.84494301,0.385000,1,2,2,0.835486,24,16,1.000000,0.000,1,OK,DAMAGE DETECTED
513.000,2.5000,0.86561565,0.385000,1,2,2,0.910510,24,16,1.000000,1.000,1,OK,DAMAGE DETECTED
514.000,2.5000,0.84310072,0.385000,1,2,2,0.782836,24,16,1.000000,2.000,1,OK,DAMAGE DETECTED
515.000,2.5000,0.85242418,0.385000,1,2,2,0.875980,24,16,1.000000,3.000,1,OK,DAMAGE DETECTED
516.000,2.5000,0.85468960,0.385000,1,2,2,0.867713,24,16,1.000000,4.000,1,OK,DAMAGE DETECTED
517.000,2.5000,0.86868312,0.385000,1,2,2,0.830391,24,16,1.000000,5.000,1,OK,DAMAGE DETECTED
518.000,2.5000,0.85133385,0.385000,1,2,2,0.835948,24,16,1.000000,6.000,1,OK,DAMAGE DETECTED
519.000,2.5000,0.85190701,0.385000,1,2,2,0.779283,24,16,1.000000,7.000,1,OK,DAMAGE DETECTED
520.000,2.5000,0.83646359,0.385000,1,2,2,0.835196,24,16,1.000000,8.000,1,OK,DAMAGE DETECTED
521.000,2.5000,0.85934771,0.385000,1,2,2,0.896865,24,16,1.000000,9.000,1,OK,DAMAGE DETECTED
522.000,2.5000,0.85854905,0.385000,1,2,2,0.877855,24,16,1.000000,10.000,1,OK,DAMAGE DETECTED
523.000,2.5000,0.84564309,0.385000,1,2,2,0.840323,24,16,1.000000,11.000,1,OK,DAMAGE DETECTED
524.000,2.5000,0.85531586,0.385000,1,2,2,0.892348,24,16,1.000000,12.000,1,OK,DAMAGE DETECTED
525.000,2.5000,0.84964154,0.385000,1,2,2,0.812521,24,16,1.000000,13.000,1,OK,DAMAGE DETECTED
526.000,2.5000,0.86082804,0.385000,1,2,2,0.846656,24,16,1.000000,14.000,1,OK,DAMAGE DETECTED
527.000,2.5000,0.85812013,0.385000,1,2,2,0.867156,24,16,1.000000,15.000,1,OK,DAMAGE DETECTED
528.000,2.5000,0.85834426,0.385000,1,2,2,0.853171,24,16,1.000000,16.000,1,OK,DAMAGE DETECTED
529.000,2.5000,0.85840760,0.385000,1,2,2,0.846740,24,16,1.000000,17.000,1,OK,DAMAGE DETECTED
530.000,2.5000,0.87205806,0.385000,1,2,2,0.900320,24,16,1.000000,18.000,1,OK,DAMAGE DETECTED
531.000,2.5000,0.85177989,0.385000,1,2,2,0.854557,24,16,1.000000,19.000,1,OK,DAMAGE DETECTED
532.000,2.5000,0.85557361,0.385000,1,2,2,0.832973,24,16,1.000000,20.000,1,OK,DAMAGE DETECTED
533.000,2.5000,0.84875896,0.385000,1,2,2,0.930970,24,16,1.000000,21.000,1,OK,DAMAGE DETECTED
534.000,2.5000,0.86015159,0.385000,1,2,2,0.871685,24,16,1.000000,22.000,1,OK,DAMAGE DETECTED
535.000,2.5000,0.84050970,0.385000,1,2,2,0.806945,24,16,1.000000,23.000,1,OK,DAMAGE DETECTED
536.000,2.5000,0.84280653,0.385000,1,2,2,0.848531,24,16,1.000000,24.000,1,OK,DAMAGE DETECTED
537.000,2.5000,0.83796442,0.385000,1,2,2,0.828794,24,16,1.000000,25.000,1,OK,DAMAGE DETECTED
538.000,2.5000,0.86007046,0.385000,1,2,2,0.879544,24,16,1.000000,26.000,1,OK,DAMAGE DETECTED
539.000,2.5000,0.84988871,0.385000,1,2,2,0.815061,24,16,1.000000,27.000,1,OK,DAMAGE DETECTED
540.000,2.5000,0.84679913,0.385000,1,2,2,0.838055,24,16,1.000000,28.000,1,OK,DAMAGE DETECTED
541.000,2.5000,0.84255329,0.385000,1,2,2,0.833862,24,16,1.000000,29.000,1,OK,DAMAGE DETECTED
542.000,2.5000,0.84069114,0.385000,1,2,2,0.811011,24,16,1.000000,30.000,1,OK,DAMAGE DETECTED
543.000,2.5000,0.84199865,0.385000,1,2,2,0.884599,24,16,1.000000,31.000,1,OK,DAMAGE DETECTED
544.000,2.5000,0.86212900,0.385000,1,2,2,0.851036,24,16,1.000000,32.000,1,OK,DAMAGE DETECTED
545.000,2.5000,0.87568957,0.385000,1,2,2,0.899369,24,16,1.000000,33.000,1,OK,DAMAGE DETECTED
546.000,2.5000,0.85430481,0.385000,1,2,2,0.822241,24,16,1.000000,34.000,1,OK,DAMAGE DETECTED
547.000,2.5000,0.84862432,0.385000,1,2,2,0.857737,24,16,1.000000,35.000,1,OK,DAMAGE DETECTED
548.000,2.5000,0.84902526,0.385000,1,2,2,0.840607,24,16,1.000000,36.000,1,OK,DAMAGE DETECTED
549.000,2.5000,0.83654839,0.385000,1,2,2,0.759120,24,16,1.000000,37.000,1,OK,DAMAGE DETECTED
550.000,2.5000,0.85100205,0.385000,1,2,2,0.863901,24,16,1.000000,38.000,1,OK,DAMAGE DETECTED
551.000,2.5000,0.84048909,0.385000,1,2,2,0.790999,24,16,1.000000,39.000,1,OK,DAMAGE DETECTED
552.000,2.5000,0.86046391,0.385000,1,2,2,0.909675,24,16,1.000000,40.000,1,OK,DAMAGE DETECTED
553.000,2.5000,0.81934953,0.385000,1,2,2,0.765721,24,16,1.000000,41.000,1,OK,DAMAGE DETECTED
554.000,2.5000,0.84925535,0.385000,1,2,2,0.809302,24,16,1.000000,42.000,1,OK,DAMAGE DETECTED
555.000,2.5000,0.84729096,0.385000,1,2,2,0.855189,24,16,1.000000,43.000,1,OK,DAMAGE DETECTED
556.000,2.5000,0.84039425,0.385000,1,2,2,0.825333,24,16,1.000000,44.000,1,OK,DAMAGE DETECTED
557.000,2.5000,0.87321753,0.385000,1,2,2,0.863541,24,16,1.000000,45.000,1,OK,DAMAGE DETECTED
558.000,2.5000,0.84951862,0.385000,1,2,2,0.861963,24,16,1.000000,46.000,1,OK,DAMAGE DETECTED
559.000,2.5000,0.83033768,0.385000,1,2,2,0.823017,24,16,1.000000,47.000,1,OK,DAMAGE DETECTED
560.000,2.5000,0.84148959,0.385000,1,2,2,0.843921,24,16,1.000000,48.000,1,OK,DAMAGE DETECTED
561.000,2.5000,0.84294198,0.385000,1,2,2,0.811809,24,16,1.000000,49.000,1,OK,DAMAGE DETECTED
562.000,2.5000,0.82734784,0.385000,1,2,2,0.793291,24,16,1.000000,50.000,1,OK,DAMAGE DETECTED
563.000,2.5000,0.85370069,0.385000,1,2,2,0.808467,24,16,1.000000,51.000,1,OK,DAMAGE DETECTED
564.000,2.5000,0.86731524,0.385000,1,2,2,0.862656,24,16,1.000000,52.000,1,OK,DAMAGE DETECTED
565.000,2.5000,0.85229494,0.385000,1,2,2,0.823651,24,16,1.000000,53.000,1,OK,DAMAGE DETECTED
566.000,2.5000,0.85462172,0.385000,1,2,2,0.872685,24,16,1.000000,54.000,1,OK,DAMAGE DETECTED
567.000,2.5000,0.85995442,0.385000,1,2,2,0.852541,24,16,1.000000,55.000,1,OK,DAMAGE DETECTED
568.000,2.5000,0.85154353,0.385000,1,2,2,0.855523,24,16,1.000000,56.000,1,OK,DAMAGE DETECTED
569.000,2.5000,0.83777862,0.385000,1,2,2,0.857323,24,16,1.000000,57.000,1,OK,DAMAGE DETECTED
570.000,2.5000,0.83555379,0.385000,1,2,2,0.858185,24,16,1.000000,58.000,1,OK,DAMAGE DETECTED
571.000,2.5000,0.81688199,0.385000,1,2,2,0.796823,24,16,1.000000,59.000,1,OK,DAMAGE DETECTED
572.000,2.5000,0.85127413,0.385000,1,2,2,0.880707,24,16,1.000000,60.000,1,OK,DAMAGE DETECTED
573.000,2.5000,0.85291722,0.385000,1,2,2,0.897436,24,16,1.000000,61.000,1,OK,DAMAGE DETECTED
574.000,2.5000,0.87106508,0.385000,1,2,2,0.850090,24,16,1.000000,62.000,1,OK,DAMAGE DETECTED
575.000,2.5000,0.86227133,0.385000,1,2,2,0.874700,24,16,1.000000,63.000,1,OK,DAMAGE DETECTED
576.000,2.5000,0.77115710,0.385000,1,2,2,0.742303,24,16,1.000000,0.000,1,OK,DAMAGE DETECTED
577.000,2.5000,0.77365978,0.385000,1,2,2,0.776046,24,16,1.000000,1.000,1,OK,DAMAGE DETECTED
578.000,2.5000,0.76853191,0.385000,1,2,2,0.770177,24,16,1.000000,2.000,1,OK,DAMAGE DETECTED
579.000,2.5000,0.79147839,0.385000,1,2,2,0.808512,24,16,1.000000,3.000,1,OK,DAMAGE DETECTED
580.000,2.5000,0.80060268,0.385000,1,2,2,0.757528,24,16,1.000000,4.000,1,OK,DAMAGE DETECTED
581.000,2.5000,0.80254164,0.385000,1,2,2,0.715170,24,16,1.000000,5.000,1,OK,DAMAGE DETECTED
582.000,2.5000,0.80125475,0.385000,1,2,2,0.732430,24,16,1.000000,6.000,1,OK,DAMAGE DETECTED
583.000,2.5000,0.78054505,0.385000,1,2,2,0.738477,24,16,1.000000,7.000,1,OK,DAMAGE DETECTED
584.000,2.5000,0.78556106,0.385000,1,2,2,0.745247,24,16,1.000000,8.000,1,OK,DAMAGE DETECTED
585.000,2.5000,0.79160680,0.385000,1,2,2,0.792022,24,16,1.000000,9.000,1,OK,DAMAGE DETECTED
586.000,2.5000,0.78606919,0.385000,1,0,2,0.752456,24,16,1.000000,10.000,1,OK,DAMAGE DETECTED
587.000,2.5000,0.79793311,0.385000,1,2,2,0.766686,24,16,1.000000,11.000,1,OK,DAMAGE DETECTED
588.000,2.5000,0.79478901,0.385000,1,2,2,0.738731,24,16,1.000000,12.000,1,OK,DAMAGE DETECTED
589.000,2.5000,0.80856145,0.385000,1,2,2,0.716412,24,16,1.000000,13.000,1,OK,DAMAGE DETECTED
590.000,2.5000,0.77590511,0.385000,1,2,2,0.753459,24,16,1.000000,14.000,1,OK,DAMAGE DETECTED
591.000,2.5000,0.78841944,0.385000,1,2,2,0.774123,24,16,1.000000,15.000,1,OK,DAMAGE DETECTED
592.000,2.5000,0.77324268,0.385000,1,2,2,0.727856,24,16,1.000000,16.000,1,OK,DAMAGE DETECTED
593.000,2.5000,0.77722250,0.385000,1,2,2,0.719204,24,16,1.000000,17.000,1,OK,DAMAGE DETECTED
594.000,2.5000,0.79311791,0.385000,1,2,2,0.741316,24,16,1.000000,18.000,1,OK,DAMAGE DETECTED
595.000,2.5000,0.78947654,0.385000,1,2,2,0.756080,24,16,1.000000,19.000,1,OK,DAMAGE DETECTED
596.000,2.5000,0.74566200,0.385000,1,2,2,0.761169,24,16,1.000000,20.000,1,OK,DAMAGE DETECTED
597.000,2.5000,0.80456153,0.385000,1,2,2,0.710570,24,16,1.000000,21.000,1,OK,DAMAGE DETECTED
598.000,2.5000,0.80347965,0.385000,1,2,2,0.716453,24,16,1.000000,22.000,1,OK,DAMAGE DETECTED
599.000,2.5000,0.79763273,0.385000,1,2,2,0.770556,24,16,1.000000,23.000,1,OK,DAMAGE DETECTED
600.000,2.5000,0.78429037,0.385000,1,2,2,0.754052,24,16,1.000000,24.000,1,OK,DAMAGE DETECTED
601.000,2.5000,0.79550802,0.385000,1,2,2,0.701493,24,16,1.000000,25.000,1,OK,DAMAGE DETECTED
602.000,2.5000,0.79543637,0.385000,1,2,2,0.734320,24,16,1.000000,26.000,1,OK,DAMAGE DETECTED
603.000,2.5000,0.78021393,0.385000,1,2,2,0.737347,24,16,1.000000,27.000,1,OK,DAMAGE DETECTED
604.000,2.5000,0.78934866,0.385000,1,2,2,0.678151,24,16,1.000000,28.000,1,OK,DAMAGE DETECTED
605.000,2.5000,0.79520079,0.385000,1,2,2,0.787283,24,16,1.000000,29.000,1,OK,DAMAGE DETECTED
606.000,2.5000,0.78814311,0.385000,1,2,2,0.697992,24,16,1.000000,30.000,1,OK,DAMAGE DETECTED
607.000,2.5000,0.78161109,0.385000,1,2,2,0.824171,24,16,1.000000,31.000,1,OK,DAMAGE DETECTED
608.000,2.5000,0.78756160,0.385000,1,2,2,0.773467,24,16,1.000000,32.000,1,OK,DAMAGE DETECTED
609.000,2.5000,0.79325019,0.385000,1,2,2,0.778810,24,16,1.000000,33.000,1,OK,DAMAGE DETECTED
610.000,2.5000,0.78411554,0.385000,1,0,2,0.753294,24,16,1.000000,34.000,1,OK,DAMAGE DETECTED
611.000,2.5000,0.75643754,0.385000,1,0,2,0.727441,24,16,1.000000,35.000,1,OK,DAMAGE DETECTED
612.000,2.5000,0.77088051,0.385000,1,2,2,0.758063,24,16,1.000000,36.000,1,OK,DAMAGE DETECTED
613.000,2.5000,0.80065968,0.385000,1,2,2,0.734137,24,16,1.000000,37.000,1,OK,DAMAGE DETECTED
614.000,2.5000,0.79812935,0.385000,1,2,2,0.709764,24,16,1.000000,38.000,1,OK,DAMAGE DETECTED
615.000,2.5000,0.79645019,0.385000,1,2,2,0.759862,24,16,1.000000,39.000,1,OK,DAMAGE DETECTED
616.000,2.5000,0.77643460,0.385000,1,2,2,0.743054,24,16,1.000000,40.000,1,OK,DAMAGE DETECTED
617.000,2.5000,0.78757416,0.385000,1,2,2,0.723233,24,16,1.000000,41.000,1,OK,DAMAGE DETECTED
618.000,2.5000,0.80974839,0.385000,1,2,2,0.704214,24,16,1.000000,42.000,1,OK,DAMAGE DETECTED
619.000,2.5000,0.79319948,0.385000,1,2,2,0.776732,24,16,1.000000,43.000,1,OK,DAMAGE DETECTED
620.000,2.5000,0.76380696,0.385000,1,2,2,0.724328,24,16,1.000000,44.000,1,OK,DAMAGE DETECTED
621.000,2.5000,0.78911208,0.385000,1,2,2,0.788399,24,16,1.000000,45.000,1,OK,DAMAGE DETECTED
622.000,2.5000,0.77668774,0.385000,1,2,2,0.772821,24,16,1.000000,46.000,1,OK,DAMAGE DETECTED
623.000,2.5000,0.79134665,0.385000,1,2,2,0.755045,24,16,1.000000,47.000,1,OK,DAMAGE DETECTED
624.000,2.5000,0.78449100,0.385000,1,2,2,0.751763,24,16,1.000000,48.000,1,OK,DAMAGE DETECTED
625.000,2.5000,0.79527828,0.385000,1,2,2,0.756935,24,16,1.000000,49.000,1,OK,DAMAGE DETECTED
626.000,2.5000,0.78542988,0.385000,1,2,2,0.727437,24,16,1.000000,50.000,1,OK,DAMAGE DETECTED
627.000,2.5000,0.76147042,0.385000,1,2,2,0.734378,24,16,1.000000,51.000,1,OK,DAMAGE DETECTED
628.000,2.5000,0.80758936,0.385000,1,2,2,0.775456,24,16,1.000000,52.000,1,OK,DAMAGE DETECTED
629.000,2.5000,0.78404707,0.385000,1,2,2,0.735551,24,16,1.000000,53.000,1,OK,DAMAGE DETECTED
630.000,2.5000,0.78810473,0.385000,1,2,2,0.740208,24,16,1.000000,54.000,1,OK,DAMAGE DETECTED
631.000,2.5000,0.78426475,0.385000,1,2,2,0.711788,24,16,1.000000,55.000,1,OK,DAMAGE DETECTED
632.000,2.5000,0.79381281,0.385000,1,2,2,0.751942,24,16,1.000000,56.000,1,OK,DAMAGE DETECTED
633.000,2.5000,0.80806757,0.385000,1,2,2,0.687217,24,16,1.000000,57.000,1,OK,DAMAGE DETECTED
634.000,2.5000,0.80931125,0.385000,1,0,2,0.749165,24,16,1.000000,58.000,1,OK,DAMAGE DETECTED
635.000,2.5000,0.78186999,0.385000,1,2,2,0.747564,24,16,1.000000,59.000,1,OK,DAMAGE DETECTED
636.000,2.5000,0.78155902,0.385000,1,2,2,0.762310,24,16,1.000000,60.000,1,OK,DAMAGE DETECTED
637.000,2.5000,0.77413527,0.385000,1,2,2,0.708304,24,16,1.000000,61.000,1,OK,DAMAGE DETECTED
638.000,2.5000,0.80305681,0.385000,1,2,2,0.728726,24,16,1.000000,62.000,1,OK,DAMAGE DETECTED
639.000,2.5000,0.80059477,0.385000,1,2,2,0.809427,24,16,1.000000,63.000,1,OK,DAMAGE DETECTED
640.000,2.5000,0.78281222,0.385000,1,2,2,0.771427,24,16,1.000000,0.000,1,OK,DAMAGE DETECTED
641.000,2.5000,0.81763906,0.385000,1,2,2,0.835516,24,16,1.000000,1.000,1,OK,DAMAGE DETECTED
642.000,2.5000,0.79918649,0.385000,1,2,2,0.769460,24,16,1.000000,2.000,1,OK,DAMAGE DETECTED
643.000,2.5000,0.80103688,0.385000,1,2,2,0.739020,24,16,1.000000,3.000,1,OK,DAMAGE DETECTED
644.000,2.5000,0.77613377,0.385000,1,0,2,0.810920,24,16,1.000000,4.000,1,OK,DAMAGE DETECTED
645.000,2.5000,0.79231319,0.385000,1,2,2,0.838074,24,16,1.000000,5.000,1,OK,DAMAGE DETECTED
646.000,2.5000,0.80975377,0.385000,1,2,2,0.794839,24,16,1.000000,6.000,1,OK,DAMAGE DETECTED
647.000,2.5000,0.78976937,0.385000,1,0,2,0.741287,24,16,1.000000,7.000,1,OK,DAMAGE DETECTED
648.000,2.5000,0.77900819,0.385000,1,0,2,0.759608,24,16,1.000000,8.000,1,OK,DAMAGE DETECTED
649.000,2.5000,0.77225013,0.385000,1,0,2,0.827225,24,16,1.000000,9.000,1,OK,DAMAGE DETECTED
650.000,2.5000,0.82497295,0.385000,1,2,2,0.734178,24,16,1.000000,10.000,1,OK,DAMAGE DETECTED
651.000,2.5000,0.80636400,0.385000,1,2,2,0.796027,24,16,1.000000,11.000,1,OK,DAMAGE DETECTED
652.000,2.5000,0.77562927,0.385000,1,2,2,0.779927,24,16,1.000000,12.000,1,OK,DAMAGE DETECTED
653.000,2.5000,0.80639556,0.385000,1,2,2,0.774668,24,16,1.000000,13.000,1,OK,DAMAGE DETECTED
654.000,2.5000,0.80498509,0.385000,1,2,2,0.804291,24,16,1.000000,14.000,1,OK,DAMAGE DETECTED
655.000,2.5000,0.80199505,0.385000,1,2,2,0.695322,24,16,1.000000,15.000,1,OK,DAMAGE DETECTED
656.000,2.5000,0.82441359,0.385000,1,2,2,0.761989,24,16,1.000000,16.000,1,OK,DAMAGE DETECTED
657.000,2.5000,0.77948982,0.385000,1,0,2,0.769173,24,16,1.000000,17.000,1,OK,DAMAGE DETECTED
658.000,2.5000,0.80555478,0.385000,1,2,2,0.756396,24,16,1.000000,18.000,1,OK,DAMAGE DETECTED
659.000,2.5000,0.79213095,0.385000,1,2,2,0.742454,24,16,1.000000,19.000,1,OK,DAMAGE DETECTED
660.000,2.5000,0.79953670,0.385000,1,2,2,0.762410,24,16,1.000000,20.000,1,OK,DAMAGE DETECTED
661.000,2.5000,0.80404817,0.385000,1,2,2,0.813272,24,16,1.000000,21.000,1,OK,DAMAGE DETECTED
662.000,2.5000,0.77770635,0.385000,1,2,2,0.834582,24,16,1.000000,22.000,1,OK,DAMAGE DETECTED
663.000,2.5000,0.79919927,0.385000,1,2,2,0.847423,24,16,1.000000,23.000,1,OK,DAMAGE DETECTED
664.000,2.5000,0.80370292,0.385000,1,2,2,0.781405,24,16,1.000000,24.000,1,OK,DAMAGE DETECTED
665.000,2.5000,0.79792456,0.385000,1,2,2,0.736964,24,16,1.000000,25.000,1,OK,DAMAGE DETECTED
666.000,2.5000,0.80858733,0.385000,1,2,2,0.804903,24,16,1.000000,26.000,1,OK,DAMAGE DETECTED
667.000,2.5000,0.81548971,0.385000,1,2,2,0.819496,24,16,1.000000,27.000,1,OK,DAMAGE DETECTED
668.000,2.5000,0.79504933,0.385000,1,2,2,0.778518,24,16,1.000000,28.000,1,OK,DAMAGE DETECTED
669.000,2.5000,0.78563258,0.385000,1,2,2,0.815376,24,16,1.000000,29.000,1,OK,DAMAGE DETECTED
670.000,2.5000,0.80639119,0.385000,1,2,2,0.794568,24,16,1.000000,30.000,1,OK,DAMAGE DETECTED
671.000,2.5000,0.80070974,0.385000,1,2,2,0.800211,24,16,1.000000,31.000,1,OK,DAMAGE DETECTED
672.000,2.5000,0.79609487,0.385000,1,2,2,0.762256,24,16,1.000000,32.000,1,OK,DAMAGE DETECTED
673.000,2.5000,0.79703691,0.385000,1,2,2,0.791880,24,16,1.000000,33.000,1,OK,DAMAGE DETECTED
674.000,2.5000,0.80494524,0.385000,1,0,2,0.853976,24,16,1.000000,34.000,1,OK,DAMAGE DETECTED
675.000,2.5000,0.78866902,0.385000,1,2,2,0.804769,24,16,1.000000,35.000,1,OK,DAMAGE DETECTED
676.000,2.5000,0.79854587,0.385000,1,0,2,0.759976,24,16,1.000000,36.000,1,OK,DAMAGE DETECTED
677.000,2.5000,0.78815529,0.385000,1,2,2,0.774041,24,16,1.000000,37.000,1,OK,DAMAGE DETECTED
678.000,2.5000,0.82400367,0.385000,1,2,2,0.744142,24,16,1.000000,38.000,1,OK,DAMAGE DETECTED
679.000,2.5000,0.80694221,0.385000,1,2,2,0.705107,24,16,1.000000,39.000,1,OK,DAMAGE DETECTED
680.000,2.5000,0.80559464,0.385000,1,2,2,0.789944,24,16,1.000000,40.000,1,OK,DAMAGE DETECTED
681.000,2.5000,0.80322385,0.385000,1,0,2,0.769436,24,16,1.000000,41.000,1,OK,DAMAGE DETECTED
682.000,2.5000,0.81471273,0.385000,1,2,2,0.790305,24,16,1.000000,42.000,1,OK,DAMAGE DETECTED
683.000,2.5000,0.80676370,0.385000,1,0,2,0.762511,24,16,1.000000,43.000,1,OK,DAMAGE DETECTED
684.000,2.5000,0.81817736,0.385000,1,2,2,0.819083,24,16,1.000000,44.000,1,OK,DAMAGE DETECTED
685.000,2.5000,0.79119332,0.385000,1,0,2,0.831243,24,16,1.000000,45.000,1,OK,DAMAGE DETECTED
686.000,2.5000,0.79449929,0.385000,1,0,2,0.787524,24,16,1.000000,46.000,1,OK,DAMAGE DETECTED
687.000,2.5000,0.78451623,0.385000,1,0,2,0.787531,24,16,1.000000,47.000,1,OK,DAMAGE DETECTED
688.000,2.5000,0.80957958,0.385000,1,2,2,0.735741,24,16,1.000000,48.000,1,OK,DAMAGE DETECTED
689.000,2.5000,0.81270891,0.385000,1,2,2,0.807238,24,16,1.000000,49.000,1,OK,DAMAGE DETECTED
690.000,2.5000,0.80136592,0.385000,1,0,2,0.797671,24,16,1.000000,50.000,1,OK,DAMAGE DETECTED
691.000,2.5000,0.82293232,0.385000,1,2,2,0.817275,24,16,1.000000,51.000,1,OK,DAMAGE DETECTED
692.000,2.5000,0.81591975,0.385000,1,2,2,0.740015,24,16,1.000000,52.000,1,OK,DAMAGE DETECTED
693.000,2.5000,0.80396598,0.385000,1,2,2,0.800271,24,16,1.000000,53.000,1,OK,DAMAGE DETECTED
694.000,2.5000,0.79008702,0.385000,1,2,2,0.783988,24,16,1.000000,54.000,1,OK,DAMAGE DETECTED
695.000,2.5000,0.81234286,0.385000,1,2,2,0.757620,24,16,1.000000,55.000,1,OK,DAMAGE DETECTED
696.000,2.5000,0.80053113,0.385000,1,0,2,0.799260,24,16,1.000000,56.000,1,OK,DAMAGE DETECTED
697.000,2.5000,0.79558941,0.385000,1,2,2,0.708670,24,16,1.000000,57.000,1,OK,DAMAGE DETECTED
698.000,2.5000,0.79587098,0.385000,1,2,2,0.804168,24,16,1.000000,58.000,1,OK,DAMAGE DETECTED
699.000,2.5000,0.79656678,0.385000,1,2,2,0.775042,24,16,1.000000,59.000,1,OK,DAMAGE DETECTED
700.000,2.5000,0.79973000,0.385000,1,2,2,0.743996,24,16,1.000000,60.000,1,OK,DAMAGE DETECTED
701.000,2.5000,0.80327678,0.385000,1,2,2,0.771059,24,16,1.000000,61.000,1,OK,DAMAGE DETECTED
702.000,2.5000,0.78287510,0.385000,1,0,2,0.766724,24,16,1.000000,62.000,1,OK,DAMAGE DETECTED
703.000,2.5000,0.80728681,0.385000,1,2,2,0.856997,24,16,1.000000,63.000,1,OK,DAMAGE DETECTED
704.000,2.5000,0.78579471,0.385000,1,0,2,0.843346,24,16,1.000000,0.000,1,OK,DAMAGE DETECTED
705.000,2.5000,0.78223725,0.385000,1,0,2,0.832635,24,16,1.000000,1.000,1,OK,DAMAGE DETECTED
706.000,2.5000,0.78487323,0.385000,1,0,2,0.849654,24,16,1.000000,2.000,1,OK,DAMAGE DETECTED
707.000,2.5000,0.79012542,0.385000,1,0,2,0.837826,24,16,1.000000,3.000,1,OK,DAMAGE DETECTED
708.000,2.5000,0.78552312,0.385000,1,0,2,0.850420,24,16,1.000000,4.000,1,OK,DAMAGE DETECTED
709.000,2.5000,0.76480378,0.385000,1,0,2,0.787547,24,16,1.000000,5.000,1,OK,DAMAGE DETECTED
710.000,2.5000,0.78077581,0.385000,1,0,2,0.865699,24,16,1.000000,6.000,1,OK,DAMAGE DETECTED
711.000,2.5000,0.80639392,0.385000,1,0,2,0.832900,24,16,1.000000,7.000,1,OK,DAMAGE DETECTED
712.000,2.5000,0.76857820,0.385000,1,0,2,0.831304,24,16,1.000000,8.000,1,OK,DAMAGE DETECTED
713.000,2.5000,0.78877980,0.385000,1,0,2,0.814741,24,16,1.000000,9.000,1,OK,DAMAGE DETECTED
714.000,2.5000,0.77870961,0.385000,1,0,2,0.822163,24,16,1.000000,10.000,1,OK,DAMAGE DETECTED
715.000,2.5000,0.77632040,0.385000,1,0,2,0.846629,24,16,1.000000,11.000,1,OK,DAMAGE DETECTED
716.000,2.5000,0.76873821,0.385000,1,0,2,0.862218,24,16,1.000000,12.000,1,OK,DAMAGE DETECTED
717.000,2.5000,0.77633578,0.385000,1,0,2,0.815691,24,16,1.000000,13.000,1,OK,DAMAGE DETECTED
718.000,2.5000,0.78322831,0.385000,1,0,2,0.828197,24,16,1.000000,14.000,1,OK,DAMAGE DETECTED
719.000,2.5000,0.79188415,0.385000,1,0,2,0.848692,24,16,1.000000,15.000,1,OK,DAMAGE DETECTED
720.000,2.5000,0.79646466,0.385000,1,0,2,0.838175,24,16,1.000000,16.000,1,OK,DAMAGE DETECTED
721.000,2.5000,0.79184920,0.385000,1,0,2,0.860332,24,16,1.000000,17.000,1,OK,DAMAGE DETECTED
722.000,2.5000,0.77728931,0.385000,1,0,2,0.807390,24,16,1.000000,18.000,1,OK,DAMAGE DETECTED
723.000,2.5000,0.79223691,0.385000,1,0,2,0.841075,24,16,1.000000,19.000,1,OK,DAMAGE DETECTED
724.000,2.5000,0.79328709,0.385000,1,0,2,0.794890,24,16,1.000000,20.000,1,OK,DAMAGE DETECTED
725.000,2.5000,0.78612224,0.385000,1,2,2,0.807846,24,16,1.000000,21.000,1,OK,DAMAGE DETECTED
726.000,2.5000,0.78483584,0.385000,1,0,2,0.860140,24,16,1.000000,22.000,1,OK,DAMAGE DETECTED
727.000,2.5000,0.77285862,0.385000,1,0,2,0.856756,24,16,1.000000,23.000,1,OK,DAMAGE DETECTED
728.000,2.5000,0.78893603,0.385000,1,0,2,0.829619,24,16,1.000000,24.000,1,OK,DAMAGE DETECTED
729.000,2.5000,0.77994637,0.385000,1,0,2,0.823714,24,16,1.000000,25.000,1,OK,DAMAGE DETECTED
730.000,2.5000,0.78550933,0.385000,1,0,2,0.819329,24,16,1.000000,26.000,1,OK,DAMAGE DETECTED
731.000,2.5000,0.79791838,0.385000,1,0,2,0.802227,24,16,1.000000,27.000,1,OK,DAMAGE DETECTED
732.000,2.5000,0.78815299,0.385000,1,0,2,0.845282,24,16,1.000000,28.000,1,OK,DAMAGE DETECTED
733.000,2.5000,0.79236904,0.385000,1,0,2,0.832482,24,16,1.000000,29.000,1,OK,DAMAGE DETECTED
734.000,2.5000,0.78390218,0.385000,1,0,2,0.815615,24,16,1.000000,30.000,1,OK,DAMAGE DETECTED
735.000,2.5000,0.79293826,0.385000,1,0,2,0.820264,24,16,1.000000,31.000,1,OK,DAMAGE DETECTED
736.000,2.5000,0.77071421,0.385000,1,0,2,0.839678,24,16,1.000000,32.000,1,OK,DAMAGE DETECTED
737.000,2.5000,0.79840190,0.385000,1,0,2,0.817106,24,16,1.000000,33.000,1,OK,DAMAGE DETECTED
738.000,2.5000,0.78300611,0.385000,1,0,2,0.797245,24,16,1.000000,34.000,1,OK,DAMAGE DETECTED
739.000,2.5000,0.78060480,0.385000,1,0,2,0.797210,24,16,1.000000,35.000,1,OK,DAMAGE DETECTED
740.000,2.5000,0.78158108,0.385000,1,0,2,0.816257,24,16,1.000000,36.000,1,OK,DAMAGE DETECTED
741.000,2.5000,0.78187597,0.385000,1,0,2,0.827291,24,16,1.000000,37.000,1,OK,DAMAGE DETECTED
742.000,2.5000,0.79685705,0.385000,1,0,2,0.828896,24,16,1.000000,38.000,1,OK,DAMAGE DETECTED
743.000,2.5000,0.78901389,0.385000,1,0,2,0.849709,24,16,1.000000,39.000,1,OK,DAMAGE DETECTED
744.000,2.5000,0.76799826,0.385000,1,0,2,0.856652,24,16,1.000000,40.000,1,OK,DAMAGE DETECTED
745.000,2.5000,0.78352369,0.385000,1,0,2,0.851766,24,16,1.000000,41.000,1,OK,DAMAGE DETECTED
746.000,2.5000,0.77527107,0.385000,1,0,2,0.849512,24,16,1.000000,42.000,1,OK,DAMAGE DETECTED
747.000,2.5000,0.79428203,0.385000,1,0,2,0.841800,24,16,1.000000,43.000,1,OK,DAMAGE DETECTED
748.000,2.5000,0.79466240,0.385000,1,0,2,0.863357,24,16,1.000000,44.000,1,OK,DAMAGE DETECTED
749.000,2.5000,0.78722642,0.385000,1,0,2,0.839777,24,16,1.000000,45.000,1,OK,DAMAGE DETECTED
750.000,2.5000,0.78384255,0.385000,1,0,2,0.816513,24,16,1.000000,46.000,1,OK,DAMAGE DETECTED
751.000,2.5000,0.78505378,0.385000,1,0,2,0.822639,24,16,1.000000,47.000,1,OK,DAMAGE DETECTED
752.000,2.5000,0.77711332,0.385000,1,0,2,0.838627,24,16,1.000000,48.000,1,OK,DAMAGE DETECTED
753.000,2.5000,0.77841370,0.385000,1,0,2,0.810345,24,16,1.000000,49.000,1,OK,DAMAGE DETECTED
754.000,2.5000,0.79787459,0.385000,1,0,2,0.797421,24,16,1.000000,50.000,1,OK,DAMAGE DETECTED
755.000,2.5000,0.75652324,0.385000,1,0,2,0.827177,24,16,1.000000,51.000,1,OK,DAMAGE DETECTED
756.000,2.5000,0.79060255,0.385000,1,0,2,0.824640,24,16,1.000000,52.000,1,OK,DAMAGE DETECTED
757.000,2.5000,0.79278483,0.385000,1,0,2,0.828360,24,16,1.000000,53.000,1,OK,DAMAGE DETECTED
758.000,2.5000,0.77789503,0.385000,1,0,2,0.828887,24,16,1.000000,54.000,1,OK,DAMAGE DETECTED
759.000,2.5000,0.79545744,0.385000,1,0,2,0.814740,24,16,1.000000,55.000,1,OK,DAMAGE DETECTED
760.000,2.5000,0.79790867,0.385000,1,0,2,0.804962,24,16,1.000000,56.000,1,OK,DAMAGE DETECTED
761.000,2.5000,0.78497325,0.385000,1,0,2,0.826182,24,16,1.000000,57.000,1,OK,DAMAGE DETECTED
762.000,2.5000,0.79672057,0.385000,1,0,2,0.820974,24,16,1.000000,58.000,1,OK,DAMAGE DETECTED
763.000,2.5000,0.78686357,0.385000,1,0,2,0.837295,24,16,1.000000,59.000,1,OK,DAMAGE DETECTED
764.000,2.5000,0.77425260,0.385000,1,0,2,0.863455,24,16,1.000000,60.000,1,OK,DAMAGE DETECTED
765.000,2.5000,0.77523408,0.385000,1,0,2,0.828982,24,16,1.000000,61.000,1,OK,DAMAGE DETECTED
766.000,2.5000,0.78983980,0.385000,1,0,2,0.803567,24,16,1.000000,62.000,1,OK,DAMAGE DETECTED
767.000,2.5000,0.78827659,0.385000,1,2,2,0.820593,24,16,1.000000,63.000,1,OK,DAMAGE DETECTED
768.000,2.5000,0.77224543,0.385000,1,0,2,0.838274,24,16,1.000000,0.000,1,OK,DAMAGE DETECTED
769.000,2.5000,0.76177671,0.385000,1,0,2,0.874569,24,16,1.000000,1.000,1,OK,DAMAGE DETECTED
770.000,2.5000,0.75351872,0.385000,1,0,2,0.811456,24,16,1.000000,2.000,1,OK,DAMAGE DETECTED
771.000,2.5000,0.75980552,0.385000,1,0,2,0.852589,24,16,1.000000,3.000,1,OK,DAMAGE DETECTED
772.000,2.5000,0.76974023,0.385000,1,0,2,0.803565,24,16,1.000000,4.000,1,OK,DAMAGE DETECTED
773.000,2.5000,0.77218243,0.385000,1,0,2,0.855872,24,16,1.000000,5.000,1,OK,DAMAGE DETECTED
774.000,2.5000,0.78314459,0.385000,1,0,2,0.902880,24,16,1.000000,6.000,1,OK,DAMAGE DETECTED
775.000,2.5000,0.76750549,0.385000,1,0,2,0.864882,24,16,1.000000,7.000,1,OK,DAMAGE DETECTED
776.000,2.5000,0.76618103,0.385000,1,0,2,0.856113,24,16,1.000000,8.000,1,OK,DAMAGE DETECTED
777.000,2.5000,0.76616059,0.385000,1,0,2,0.853525,24,16,1.000000,9.000,1,OK,DAMAGE DETECTED
778.000,2.5000,0.77139580,0.385000,1,0,2,0.843869,24,16,1.000000,10.000,1,OK,DAMAGE DETECTED
779.000,2.5000,0.76897109,0.385000,1,0,2,0.829658,24,16,1.000000,11.000,1,OK,DAMAGE DETECTED
780.000,2.5000,0.77782292,0.385000,1,0,2,0.835314,24,16,1.000000,12.000,1,OK,DAMAGE DETECTED
781.000,2.5000,0.77933551,0.385000,1,0,2,0.875835,24,16,1.000000,13.000,1,OK,DAMAGE DETECTED
782.000,2.5000,0.77595564,0.385000,1,0,2,0.904296,24,16,1.000000,14.000,1,OK,DAMAGE DETECTED
783.000,2.5000,0.76533551,0.385000,1,0,2,0.803065,24,16,1.000000,15.000,1,OK,DAMAGE DETECTED
784.000,2.5000,0.76393715,0.385000,1,0,2,0.808852,24,16,1.000000,16.000,1,OK,DAMAGE DETECTED
785.000,2.5000,0.77564895,0.385000,1,0,2,0.879171,24,16,1.000000,17.000,1,OK,DAMAGE DETECTED
786.000,2.5000,0.76253523,0.385000,1,0,2,0.841682,24,16,1.000000,18.000,1,OK,DAMAGE DETECTED
787.000,2.5000,0.76825346,0.385000,1,0,2,0.855442,24,16,1.000000,19.000,1,OK,DAMAGE DETECTED
788.000,2.5000,0.77111332,0.385000,1,0,2,0.893684,24,16,1.000000,20.000,1,OK,DAMAGE DETECTED
789.000,2.5000,0.74582206,0.385000,1,0,2,0.805239,24,16,1.000000,21.000,1,OK,DAMAGE DETECTED
790.000,2.5000,0.76691150,0.385000,1,0,2,0.856611,24,16,1.000000,22.000,1,OK,DAMAGE DETECTED
791.000,2.5000,0.74524497,0.385000,1,0,2,0.808372,24,16,1.000000,23.000,1,OK,DAMAGE DETECTED
792.000,2.5000,0.76088765,0.385000,1,0,2,0.832504,24,16,1.000000,24.000,1,OK,DAMAGE DETECTED
793.000,2.5000,0.75739116,0.385000,1,0,2,0.833448,24,16,1.000000,25.000,1,OK,DAMAGE DETECTED
794.000,2.5000,0.77111678,0.385000,1,0,2,0.879837,24,16,1.000000,26.000,1,OK,DAMAGE DETECTED
795.000,2.5000,0.77073691,0.385000,1,0,2,0.853539,24,16,1.000000,27.000,1,OK,DAMAGE DETECTED
796.000,2.5000,0.77439977,0.385000,1,0,2,0.858409,24,16,1.000000,28.000,1,OK,DAMAGE DETECTED
797.000,2.5000,0.77103841,0.385000,1,0,2,0.877267,24,16,1.000000,29.000,1,OK,DAMAGE DETECTED
798.000,2.5000,0.77263286,0.385000,1,0,2,0.850894,24,16,1.000000,30.000,1,OK,DAMAGE DETECTED
799.000,2.5000,0.77726538,0.385000,1,0,2,0.877061,24,16,1.000000,31.000,1,OK,DAMAGE DETECTED
800.000,2.5000,0.78774878,0.385000,1,0,2,0.858587,24,16,1.000000,32.000,1,OK,DAMAGE DETECTED
801.000,2.5000,0.75970217,0.385000,1,0,2,0.824108,24,16,1.000000,33.000,1,OK,DAMAGE DETECTED
802.000,2.5000,0.77337493,0.385000,1,0,2,0.867576,24,16,1.000000,34.000,1,OK,DAMAGE DETECTED
803.000,2.5000,0.78488300,0.385000,1,0,2,0.874034,24,16,1.000000,35.000,1,OK,DAMAGE DETECTED
804.000,2.5000,0.75863605,0.385000,1,0,2,0.864362,24,16,1.000000,36.000,1,OK,DAMAGE DETECTED
805.000,2.5000,0.75755682,0.385000,1,0,2,0.896865,24,16,1.000000,37.000,1,OK,DAMAGE DETECTED
806.000,2.5000,0.77398913,0.385000,1,0,2,0.840291,24,16,1.000000,38.000,1,OK,DAMAGE DETECTED
807.000,2.5000,0.75317325,0.385000,1,0,2,0.749847,24,16,1.000000,39.000,1,OK,DAMAGE DETECTED
808.000,2.5000,0.76287370,0.385000,1,0,2,0.852450,24,16,1.000000,40.000,1,OK,DAMAGE DETECTED
809.000,2.5000,0.76723219,0.385000,1,0,2,0.856809,24,16,1.000000,41.000,1,OK,DAMAGE DETECTED
810.000,2.5000,0.76743798,0.385000,1,0,2,0.881861,24,16,1.000000,42.000,1,OK,DAMAGE DETECTED
811.000,2.5000,0.76728099,0.385000,1,0,2,0.843768,24,16,1.000000,43.000,1,OK,DAMAGE DETECTED
812.000,2.5000,0.76342726,0.385000,1,0,2,0.838527,24,16,1.000000,44.000,1,OK,DAMAGE DETECTED
813.000,2.5000,0.77474182,0.385000,1,0,2,0.863407,24,16,1.000000,45.000,1,OK,DAMAGE DETECTED
814.000,2.5000,0.76046608,0.385000,1,0,2,0.856319,24,16,1.000000,46.000,1,OK,DAMAGE DETECTED
815.000,2.5000,0.77298461,0.385000,1,0,2,0.825631,24,16,1.000000,47.000,1,OK,DAMAGE DETECTED
816.000,2.5000,0.78291627,0.385000,1,0,2,0.837087,24,16,1.000000,48.000,1,OK,DAMAGE DETECTED
817.000,2.5000,0.76420875,0.385000,1,0,2,0.905948,24,16,1.000000,49.000,1,OK,DAMAGE DETECTED
818.000,2.5000,0.76563551,0.385000,1,0,2,0.873596,24,16,1.000000,50.000,1,OK,DAMAGE DETECTED
819.000,2.5000,0.76659140,0.385000,1,0,2,0.821834,24,16,1.000000,51.000,1,OK,DAMAGE DETECTED
820.000,2.5000,0.75688615,0.385000,1,0,2,0.831112,24,16,1.000000,52.000,1,OK,DAMAGE DETECTED
821.000,2.5000,0.77024847,0.385000,1,0,2,0.849898,24,16,1.000000,53.000,1,OK,DAMAGE DETECTED
822.000,2.5000,0.77842638,0.385000,1,0,2,0.904748,24,16,1.000000,54.000,1,OK,DAMAGE DETECTED
823.000,2.5000,0.77248568,0.385000,1,0,2,0.913981,24,16,1.000000,55.000,1,OK,DAMAGE DETECTED
824.000,2.5000,0.76345685,0.385000,1,0,2,0.855246,24,16,1.000000,56.000,1,OK,DAMAGE DETECTED
825.000,2.5000,0.77045602,0.385000,1,0,2,0.828733,24,16,1.000000,57.000,1,OK,DAMAGE DETECTED
826.000,2.5000,0.76075618,0.385000,1,0,2,0.843306,24,16,1.000000,58.000,1,OK,DAMAGE DETECTED
827.000,2.5000,0.76936350,0.385000,1,0,2,0.867024,24,16,1.000000,59.000,1,OK,DAMAGE DETECTED
828.000,2.5000,0.76680156,0.385000,1,0,2,0.827438,24,16,1.000000,60.000,1,OK,DAMAGE DETECTED
829.000,2.5000,0.76469015,0.385000,1,0,2,0.868627,24,16,1.000000,61.000,1,OK,DAMAGE DETECTED
830.000,2.5000,0.76599950,0.385000,1,0,2,0.824431,24,16,1.000000,62.000,1,OK,DAMAGE DETECTED
831.000,2.5000,0.77108040,0.385000,1,0,2,0.902111,24,16,1.000000,63.000,1,OK,DAMAGE DETECTED
832.000,2.5000,0.72252442,0.385000,1,0,2,0.743119,24,16,1.000000,0.000,1,OK,DAMAGE DETECTED
833.000,2.5000,0.71339386,0.385000,1,0,2,0.688602,24,16,1.000000,1.000,1,OK,DAMAGE DETECTED
834.000,2.5000,0.73108558,0.385000,1,0,2,0.693018,24,16,1.000000,2.000,1,OK,DAMAGE DETECTED
835.000,2.5000,0.72882698,0.385000,1,0,2,0.715612,24,16,1.000000,3.000,1,OK,DAMAGE DETECTED
836.000,2.5000,0.71516803,0.385000,1,0,2,0.747727,24,16,1.000000,4.000,1,OK,DAMAGE DETECTED
837.000,2.5000,0.72143482,0.385000,1,0,2,0.707794,24,16,1.000000,5.000,1,OK,DAMAGE DETECTED
838.000,2.5000,0.71296745,0.385000,1,0,2,0.719737,24,16,1.000000,6.000,1,OK,DAMAGE DETECTED
839.000,2.5000,0.71365014,0.385000,1,0,2,0.694129,24,16,1.000000,7.000,1,OK,DAMAGE DETECTED
840.000,2.5000,0.70037037,0.385000,1,0,2,0.660817,24,16,1.000000,8.000,1,OK,DAMAGE DETECTED
841.000,2.5000,0.70951083,0.385000,1,0,2,0.743925,24,16,1.000000,9.000,1,OK,DAMAGE DETECTED
842.000,2.5000,0.72152413,0.385000,1,0,2,0.729148,24,16,1.000000,10.000,1,OK,DAMAGE DETECTED
843.000,2.5000,0.71952763,0.385000,1,0,2,0.683689,24,16,1.000000,11.000,1,OK,DAMAGE DETECTED
844.000,2.5000,0.70010139,0.385000,1,0,2,0.700465,24,16,1.000000,12.000,1,OK,DAMAGE DETECTED
845.000,2.5000,0.71033875,0.385000,1,0,2,0.667989,24,16,1.000000,13.000,1,OK,DAMAGE DETECTED
846.000,2.5000,0.72705838,0.385000,1,0,2,0.724700,24,16,1.000000,14.000,1,OK,DAMAGE DETECTED
847.000,2.5000,0.72680053,0.385000,1,0,2,0.742576,24,16,1.000000,15.000,1,OK,DAMAGE DETECTED
848.000,2.5000,0.72449716,0.385000,1,0,2,0.736467,24,16,1.000000,16.000,1,OK,DAMAGE DETECTED
849.000,2.5000,0.72628007,0.385000,1,0,2,0.720976,24,16,1.000000,17.000,1,OK,DAMAGE DETECTED
850.000,2.5000,0.71686174,0.385000,1,0,2,0.701506,24,16,1.000000,18.000,1,OK,DAMAGE DETECTED
851.000,2.5000,0.71464157,0.385000,1,0,2,0.726408,24,16,1.000000,19.000,1,OK,DAMAGE DETECTED
852.000,2.5000,0.71153316,0.385000,1,0,2,0.700360,24,16,1.000000,20.000,1,OK,DAMAGE DETECTED
853.000,2.5000,0.71243545,0.385000,1,0,2,0.690459,24,16,1.000000,21.000,1,OK,DAMAGE DETECTED
854.000,2.5000,0.72875719,0.385000,1,0,2,0.755054,24,16,1.000000,22.000,1,OK,DAMAGE DETECTED
855.000,2.5000,0.72247695,0.385000,1,0,2,0.756744,24,16,1.000000,23.000,1,OK,DAMAGE DETECTED
856.000,2.5000,0.71965603,0.385000,1,0,2,0.655527,24,16,1.000000,24.000,1,OK,DAMAGE DETECTED
857.000,2.5000,0.69479010,0.385000,1,0,2,0.612118,24,16,1.000000,25.000,1,OK,DAMAGE DETECTED
858.000,2.5000,0.74791800,0.385000,1,0,2,0.737630,24,16,1.000000,26.000,1,OK,DAMAGE DETECTED
859.000,2.5000,0.71569802,0.385000,1,0,2,0.738905,24,16,1.000000,27.000,1,OK,DAMAGE DETECTED
860.000,2.5000,0.70593465,0.385000,1,0,2,0.653855,24,16,1.000000,28.000,1,OK,DAMAGE DETECTED
861.000,2.5000,0.70074227,0.385000,1,0,2,0.681880,24,16,1.000000,29.000,1,OK,DAMAGE DETECTED
862.000,2.5000,0.69035637,0.385000,1,0,2,0.679682,24,16,1.000000,30.000,1,OK,DAMAGE DETECTED
863.000,2.5000,0.70863596,0.385000,1,0,2,0.643663,24,16,1.000000,31.000,1,OK,DAMAGE DETECTED
864.000,2.5000,0.68904201,0.385000,1,0,2,0.668289,24,16,1.000000,32.000,1,OK,DAMAGE DETECTED
865.000,2.5000,0.71325315,0.385000,1,0,2,0.712060,24,16,1.000000,33.000,1,OK,DAMAGE DETECTED
866.000,2.5000,0.69516529,0.385000,1,0,2,0.687495,24,16,1.000000,34.000,1,OK,DAMAGE DETECTED
867.000,2.5000,0.70217476,0.385000,1,0,2,0.709029,24,16,1.000000,35.000,1,OK,DAMAGE DETECTED
868.000,2.5000,0.71616706,0.385000,1,0,2,0.679138,24,16,1.000000,36.000,1,OK,DAMAGE DETECTED
869.000,2.5000,0.70580644,0.385000,1,0,2,0.683470,24,16,1.000000,37.000,1,OK,DAMAGE DETECTED
870.000,2.5000,0.69221583,0.385000,1,0,2,0.676046,24,16,1.000000,38.000,1,OK,DAMAGE DETECTED
871.000,2.5000,0.73504314,0.385000,1,0,2,0.735115,24,16,1.000000,39.000,1,OK,DAMAGE DETECTED
872.000,2.5000,0.70759803,0.385000,1,0,2,0.672210,24,16,1.000000,40.000,1,OK,DAMAGE DETECTED
873.000,2.5000,0.70544118,0.385000,1,0,2,0.704271,24,16,1.000000,41.000,1,OK,DAMAGE DETECTED
874.000,2.5000,0.71097800,0.385000,1,0,2,0.667497,24,16,1.000000,42.000,1,OK,DAMAGE DETECTED
875.000,2.5000,0.69764948,0.385000,1,0,2,0.757103,24,16,1.000000,43.000,1,OK,DAMAGE DETECTED
876.000,2.5000,0.70724680,0.385000,1,0,2,0.689914,24,16,1.000000,44.000,1,OK,DAMAGE DETECTED
877.000,2.5000,0.71985656,0.385000,1,0,2,0.692238,24,16,1.000000,45.000,1,OK,DAMAGE DETECTED
878.000,2.5000,0.72564612,0.385000,1,0,2,0.680568,24,16,1.000000,46.000,1,OK,DAMAGE DETECTED
879.000,2.5000,0.69562774,0.385000,1,0,2,0.686025,24,16,1.000000,47.000,1,OK,DAMAGE DETECTED
880.000,2.5000,0.72358948,0.385000,1,0,2,0.738973,24,16,1.000000,48.000,1,OK,DAMAGE DETECTED
881.000,2.5000,0.70390708,0.385000,1,0,2,0.659901,24,16,1.000000,49.000,1,OK,DAMAGE DETECTED
882.000,2.5000,0.70110369,0.385000,1,0,2,0.693718,24,16,1.000000,50.000,1,OK,DAMAGE DETECTED
883.000,2.5000,0.70587864,0.385000,1,0,2,0.721049,24,16,1.000000,51.000,1,OK,DAMAGE DETECTED
884.000,2.5000,0.70520679,0.385000,1,0,2,0.736681,24,16,1.000000,52.000,1,OK,DAMAGE DETECTED
885.000,2.5000,0.71737010,0.385000,1,0,2,0.708403,24,16,1.000000,53.000,1,OK,DAMAGE DETECTED
886.000,2.5000,0.72032070,0.385000,1,0,2,0.674307,24,16,1.000000,54.000,1,OK,DAMAGE DETECTED
887.000,2.5000,0.70107695,0.385000,1,0,2,0.707607,24,16,1.000000,55.000,1,OK,DAMAGE DETECTED
888.000,2.5000,0.75000007,0.385000,1,0,2,0.694084,24,16,1.000000,56.000,1,OK,DAMAGE DETECTED
889.000,2.5000,0.69586550,0.385000,1,0,2,0.687414,24,16,1.000000,57.000,1,OK,DAMAGE DETECTED
890.000,2.5000,0.70112580,0.385000,1,0,2,0.690852,24,16,1.000000,58.000,1,OK,DAMAGE DETECTED
891.000,2.5000,0.71343420,0.385000,1,0,2,0.668896,24,16,1.000000,59.000,1,OK,DAMAGE DETECTED
892.000,2.5000,0.71452724,0.385000,1,0,2,0.722850,24,16,1.000000,60.000,1,OK,DAMAGE DETECTED
893.000,2.5000,0.69868046,0.385000,1,0,2,0.716160,24,16,1.000000,61.000,1,OK,DAMAGE DETECTED
894.000,2.5000,0.73601919,0.385000,1,0,2,0.740456,24,16,1.000000,62.000,1,OK,DAMAGE DETECTED
895.000,2.5000,0.71454963,0.385000,1,0,2,0.709940,24,16,1.000000,63.000,1,OK,DAMAGE DETECTED
896.000,2.5000,0.68901162,0.385000,1,0,1,0.712729,22,16,0.958333,0.000,1,DEGRADED,DAMAGE DETECTED (DEGRADED)
897.000,2.5000,0.66319963,0.385000,1,0,1,0.690862,22,16,0.958333,1.000,1,DEGRADED,DAMAGE DETECTED (DEGRADED)
898.000,2.5000,0.67921421,0.385000,1,0,1,0.710677,22,16,0.958333,2.000,1,DEGRADED,DAMAGE DETECTED (DEGRADED)
899.000,2.5000,0.66437124,0.385000,1,0,1,0.712139,22,16,0.958333,3.000,1,DEGRADED,DAMAGE DETECTED (DEGRADED)
900.000,2.5000,0.69290930,0.385000,1,0,1,0.703698,22,16,0.958333,4.000,1,DEGRADED,DAMAGE DETECTED (DEGRADED)
901.000,2.5000,0.66219706,0.385000,1,0,1,0.693611,22,16,0.958333,5.000,1,DEGRADED,DAMAGE DETECTED (DEGRADED)
902.000,2.5000,0.66573339,0.385000,1,0,1,0.698416,22,16,0.958333,6.000,1,DEGRADED,DAMAGE DETECTED (DEGRADED)
903.000,2.5000,0.66649888,0.385000,1,0,1,0.696075,22,16,0.958333,7.000,1,DEGRADED,DAMAGE DETECTED (DEGRADED)
904.000,2.5000,0.68025319,0.385000,1,0,1,0.711902,22,16,0.958333,8.000,1,DEGRADED,DAMAGE DETECTED (DEGRADED)
905.000,2.5000,0.68512411,0.385000,1,0,1,0.707136,22,16,0.958333,9.000,1,DEGRADED,DAMAGE DETECTED (DEGRADED)
906.000,2.5000,0.66770571,0.385000,1,0,1,0.702904,22,16,0.958333,10.000,1,DEGRADED,DAMAGE DETECTED (DEGRADED)
907.000,2.5000,0.68454199,0.385000,1,0,1,0.706385,22,16,0.958333,11.000,1,DEGRADED,DAMAGE DETECTED (DEGRADED)
908.000,2.5000,0.66245604,0.385000,1,0,1,0.693960,22,16,0.958333,12.000,1,DEGRADED,DAMAGE DETECTED (DEGRADED)
909.000,2.5000,0.67666894,0.385000,1,0,1,0.710715,22,16,0.958333,13.000,1,DEGRADED,DAMAGE DETECTED (DEGRADED)
910.000,2.5000,0.67159145,0.385000,1,0,1,0.709645,22,16,0.958333,14.000,1,DEGRADED,DAMAGE DETECTED (DEGRADED)
911.000,2.5000,0.67665855,0.385000,1,0,1,0.712663,22,16,0.958333,15.000,1,DEGRADED,DAMAGE DETECTED (DEGRADED)
912.000,2.5000,0.67156033,0.385000,1,0,1,0.698748,22,16,0.958333,16.000,1,DEGRADED,DAMAGE DETECTED (DEGRADED)
913.000,2.5000,0.66758852,0.385000,1,0,1,0.711702,22,16,0.958333,17.000,1,DEGRADED,DAMAGE DETECTED (DEGRADED)
914.000,2.5000,0.67368979,0.385000,1,0,1,0.696526,22,16,0.958333,18.000,1,DEGRADED,DAMAGE DETECTED (DEGRADED)
915.000,2.5000,0.67970947,0.385000,1,0,1,0.714317,22,16,0.958333,19.000,1,DEGRADED,DAMAGE DETECTED (DEGRADED)
916.000,2.5000,0.67754437,0.385000,1,0,1,0.689011,22,16,0.958333,20.000,1,DEGRADED,DAMAGE DETECTED (DEGRADED)
917.000,2.5000,0.67630478,0.385000,1,0,1,0.713090,22,16,0.958333,21.000,1,DEGRADED,DAMAGE DETECTED (DEGRADED)
918.000,2.5000,0.68600433,0.385000,1,0,1,0.711745,22,16,0.958333,22.000,1,DEGRADED,DAMAGE DETECTED (DEGRADED)
919.000,2.5000,0.68730266,0.385000,1,0,1,0.705961,22,16,0.958333,23.000,1,DEGRADED,DAMAGE DETECTED (DEGRADED)
920.000,2.5000,0.67845740,0.385000,1,0,1,0.710485,22,16,0.958333,24.000,1,DEGRADED,DAMAGE DETECTED (DEGRADED)
921.000,2.5000,0.67692825,0.385000,1,0,1,0.694710,22,16,0.958333,25.000,1,DEGRADED,DAMAGE DETECTED (DEGRADED)
922.000,2.5000,0.67816492,0.385000,1,0,1,0.701249,22,16,0.958333,26.000,1,DEGRADED,DAMAGE DETECTED (DEGRADED)
923.000,2.5000,0.68423456,0.385000,1,0,1,0.709712,22,16,0.958333,27.000,1,DEGRADED,DAMAGE DETECTED (DEGRADED)
924.000,2.5000,0.67662561,0.385000,1,0,1,0.710994,22,16,0.958333,28.000,1,DEGRADED,DAMAGE DETECTED (DEGRADED)
925.000,2.5000,0.67531399,0.385000,1,0,1,0.710877,22,16,0.958333,29.000,1,DEGRADED,DAMAGE DETECTED (DEGRADED)
926.000,2.5000,0.66140615,0.385000,1,0,1,0.692180,22,16,0.958333,30.000,1,DEGRADED,DAMAGE DETECTED (DEGRADED)
927.000,2.5000,0.68884205,0.385000,1,0,1,0.704431,22,16,0.958333,31.000,1,DEGRADED,DAMAGE DETECTED (DEGRADED)
928.000,2.5000,0.67577779,0.385000,1,0,1,0.708510,22,16,0.958333,32.000,1,DEGRADED,DAMAGE DETECTED (DEGRADED)
929.000,2.5000,0.65011374,0.385000,1,0,1,0.666691,22,16,0.958333,33.000,1,DEGRADED,DAMAGE DETECTED (DEGRADED)
930.000,2.5000,0.66162269,0.385000,1,0,1,0.684572,22,16,0.958333,34.000,1,DEGRADED,DAMAGE DETECTED (DEGRADED)
931.000,2.5000,0.67025336,0.385000,1,0,1,0.708903,22,16,0.958333,35.000,1,DEGRADED,DAMAGE DETECTED (DEGRADED)
932.000,2.5000,0.66643251,0.385000,1,0,1,0.699136,22,16,0.958333,36.000,1,DEGRADED,DAMAGE DETECTED (DEGRADED)
933.000,2.5000,0.67896168,0.385000,1,0,1,0.714092,22,16,0.958333,37.000,1,DEGRADED,DAMAGE DETECTED (DEGRADED)
934.000,2.5000,0.66670017,0.385000,1,0,1,0.702312,22,16,0.958333,38.000,1,DEGRADED,DAMAGE DETECTED (DEGRADED)
935.000,2.5000,0.66883283,0.385000,1,0,1,0.700721,22,16,0.958333,39.000,1,DEGRADED,DAMAGE DETECTED (DEGRADED)
936.000,2.5000,0.68424394,0.385000,1,0,1,0.709957,22,16,0.958333,40.000,1,DEGRADED,DAMAGE DETECTED (DEGRADED)
937.000,2.5000,0.67937835,0.385000,1,0,1,0.711091,22,16,0.958333,41.000,1,DEGRADED,DAMAGE DETECTED (DEGRADED)
938.000,2.5000,0.66458382,0.385000,1,0,1,0.703828,22,16,0.958333,42.000,1,DEGRADED,DAMAGE DETECTED (DEGRADED)
939.000,2.5000,0.67604578,0.385000,1,0,1,0.697021,22,16,0.958333,43.000,1,DEGRADED,DAMAGE DETECTED (DEGRADED)
940.000,2.5000,0.67530128,0.385000,1,0,1,0.696989,22,16,0.958333,44.000,1,DEGRADED,DAMAGE DETECTED (DEGRADED)
941.000,2.5000,0.67678378,0.385000,1,0,1,0.708043,22,16,0.958333,45.000,1,DEGRADED,DAMAGE DETECTED (DEGRADED)
942.000,2.5000,0.67636811,0.385000,1,0,1,0.689285,22,16,0.958333,46.000,1,DEGRADED,DAMAGE DETECTED (DEGRADED)
943.000,2.5000,0.67336571,0.385000,1,0,1,0.693815,22,16,0.958333,47.000,1,DEGRADED,DAMAGE DETECTED (DEGRADED)
944.000,2.5000,0.64897595,0.385000,1,0,1,0.670412,22,16,0.958333,48.000,1,DEGRADED,DAMAGE DETECTED (DEGRADED)
945.000,2.5000,0.68454549,0.385000,1,0,1,0.721844,22,16,0.958333,49.000,1,DEGRADED,DAMAGE DETECTED (DEGRADED)
946.000,2.5000,0.68283918,0.385000,1,0,1,0.716193,22,16,0.958333,50.000,1,DEGRADED,DAMAGE DETECTED (DEGRADED)
947.000,2.5000,0.66822154,0.385000,1,0,1,0.702496,22,16,0.958333,51.000,1,DEGRADED,DAMAGE DETECTED (DEGRADED)
948.000,2.5000,0.67615840,0.385000,1,0,1,0.704379,22,16,0.958333,52.000,1,DEGRADED,DAMAGE DETECTED (DEGRADED)
949.000,2.5000,0.66499513,0.385000,1,0,1,0.701148,22,16,0.958333,53.000,1,DEGRADED,DAMAGE DETECTED (DEGRADED)
950.000,2.5000,0.66711079,0.385000,1,0,1,0.677635,22,16,0.958333,54.000,1,DEGRADED,DAMAGE DETECTED (DEGRADED)
951.000,2.5000,0.67653002,0.385000,1,0,1,0.706200,22,16,0.958333,55.000,1,DEGRADED,DAMAGE DETECTED (DEGRADED)
952.000,2.5000,0.67188446,0.385000,1,0,1,0.704998,22,16,0.958333,56.000,1,DEGRADED,DAMAGE DETECTED (DEGRADED)
953.000,2.5000,0.66426382,0.385000,1,0,1,0.698470,22,16,0.958333,57.000,1,DEGRADED,DAMAGE DETECTED (DEGRADED)
954.000,2.5000,0.70002965,0.385000,1,0,1,0.720270,22,16,0.958333,58.000,1,DEGRADED,DAMAGE DETECTED (DEGRADED)
955.000,2.5000,0.67429878,0.385000,1,0,1,0.706547,22,16,0.958333,59.000,1,DEGRADED,DAMAGE DETECTED (DEGRADED)
956.000,2.5000,0.68250707,0.385000,1,0,1,0.712359,22,16,0.958333,60.000,1,DEGRADED,DAMAGE DETECTED (DEGRADED)
957.000,2.5000,0.67572301,0.385000,1,0,1,0.717196,22,16,0.958333,61.000,1,DEGRADED,DAMAGE DETECTED (DEGRADED)
958.000,2.5000,0.66839904,0.385000,1,0,1,0.712568,22,16,0.958333,62.000,1,DEGRADED,DAMAGE DETECTED (DEGRADED)
959.000,2.5000,0.68314085,0.385000,1,0,1,0.694966,22,16,0.958333,63.000,1,DEGRADED,DAMAGE DETECTED (DEGRADED)
960.000,2.5000,0.80980296,0.385000,1,0,1,0.853717,22,16,0.958333,0.000,1,DEGRADED,DAMAGE DETECTED (DEGRADED)
961.000,2.5000,0.80851511,0.385000,1,0,1,0.819103,22,16,0.958333,1.000,1,DEGRADED,DAMAGE DETECTED (DEGRADED)
962.000,2.5000,0.80501161,0.385000,1,0,1,0.828899,22,16,0.958333,2.000,1,DEGRADED,DAMAGE DETECTED (DEGRADED)
963.000,2.5000,0.79298679,0.385000,1,0,1,0.821408,22,16,0.958333,3.000,1,DEGRADED,DAMAGE DETECTED (DEGRADED)
964.000,2.5000,0.80828660,0.385000,1,0,1,0.822049,22,16,0.958333,4.000,1,DEGRADED,DAMAGE DETECTED (DEGRADED)
965.000,2.5000,0.80490723,0.385000,1,0,1,0.858384,22,16,0.958333,5.000,1,DEGRADED,DAMAGE DETECTED (DEGRADED)
966.000,2.5000,0.79296715,0.385000,1,0,1,0.850222,22,16,0.958333,6.000,1,DEGRADED,DAMAGE DETECTED (DEGRADED)
967.000,2.5000,0.80558858,0.385000,1,0,1,0.800807,22,16,0.958333,7.000,1,DEGRADED,DAMAGE DETECTED (DEGRADED)
968.000,2.5000,0.80675135,0.385000,1,0,1,0.799215,22,16,0.958333,8.000,1,DEGRADED,DAMAGE DETECTED (DEGRADED)
969.000,2.5000,0.80274680,0.385000,1,0,1,0.810644,22,16,0.958333,9.000,1,DEGRADED,DAMAGE DETECTED (DEGRADED)
970.000,2.5000,0.82313990,0.385000,1,0,1,0.872440,22,16,0.958333,10.000,1,DEGRADED,DAMAGE DETECTED (DEGRADED)
971.000,2.5000,0.80655651,0.385000,1,0,1,0.826509,22,16,0.958333,11.000,1,DEGRADED,DAMAGE DETECTED (DEGRADED)
972.000,2.5000,0.81512727,0.385000,1,0,1,0.836439,22,16,0.958333,12.000,1,DEGRADED,DAMAGE DETECTED (DEGRADED)
973.000,2.5000,0.80414368,0.385000,1,0,1,0.802937,22,16,0.958333,13.000,1,DEGRADED,DAMAGE DETECTED (DEGRADED)
974.000,2.5000,0.80937232,0.385000,1,0,1,0.825544,22,16,0.958333,14.000,1,DEGRADED,DAMAGE DETECTED (DEGRADED)
975.000,2.5000,0.80180694,0.385000,1,0,1,0.828657,22,16,0.958333,15.000,1,DEGRADED,DAMAGE DETECTED (DEGRADED)
976.000,2.5000,0.82657222,0.385000,1,0,1,0.857485,22,16,0.958333,16.000,1,DEGRADED,DAMAGE DETECTED (DEGRADED)
977.000,2.5000,0.80965482,0.385000,1,0,1,0.833645,22,16,0.958333,17.000,1,DEGRADED,DAMAGE DETECTED (DEGRADED)
978.000,2.5000,0.79812611,0.385000,1,0,1,0.832962,22,16,0.958333,18.000,1,DEGRADED,DAMAGE DETECTED (DEGRADED)
979.000,2.5000,0.79842258,0.385000,1,0,1,0.833159,22,16,0.958333,19.000,1,DEGRADED,DAMAGE DETECTED (DEGRADED)
980.000,2.5000,0.81058501,0.385000,1,0,1,0.810008,22,16,0.958333,20.000,1,DEGRADED,DAMAGE DETECTED (DEGRADED)
981.000,2.5000,0.80632429,0.385000,1,0,1,0.808248,22,16,0.958333,21.000,1,DEGRADED,DAMAGE DETECTED (DEGRADED)
982.000,2.5000,0.79843971,0.385000,1,0,1,0.826325,22,16,0.958333,22.000,1,DEGRADED,DAMAGE DETECTED (DEGRADED)
983.000,2.5000,0.81198356,0.385000,1,0,1,0.803696,22,16,0.958333,23.000,1,DEGRADED,DAMAGE DETECTED (DEGRADED)
984.000,2.5000,0.80824053,0.385000,1,0,1,0.813159,22,16,0.958333,24.000,1,DEGRADED,DAMAGE DETECTED (DEGRADED)
985.000,2.5000,0.79356030,0.385000,1,0,1,0.808110,22,16,0.958333,25.000,1,DEGRADED,DAMAGE DETECTED (DEGRADED)
986.000,2.5000,0.79874556,0.385000,1,0,1,0.812992,22,16,0.958333,26.000,1,DEGRADED,DAMAGE DETECTED (DEGRADED)
987.000,2.5000,0.80010674,0.385000,1,0,1,0.814676,22,16,0.958333,27.000,1,DEGRADED,DAMAGE DETECTED (DEGRADED)
988.000,2.5000,0.80619531,0.385000,1,0,1,0.824750,22,16,0.958333,28.000,1,DEGRADED,DAMAGE DETECTED (DEGRADED)
989.000,2.5000,0.79246403,0.385000,1,0,1,0.820643,22,16,0.958333,29.000,1,DEGRADED,DAMAGE DETECTED (DEGRADED)
990.000,2.5000,0.80697982,0.385000,1,0,1,0.831956,22,16,0.958333,30.000,1,DEGRADED,DAMAGE DETECTED (DEGRADED)
991.000,2.5000,0.80877803,0.385000,1,0,1,0.834949,22,16,0.958333,31.000,1,DEGRADED,DAMAGE DETECTED (DEGRADED)
992.000,2.5000,0.80469503,0.385000,1,0,1,0.830598,22,16,0.958333,32.000,1,DEGRADED,DAMAGE DETECTED (DEGRADED)
993.000,2.5000,0.79227145,0.385000,1,0,1,0.829571,22,16,0.958333,33.000,1,DEGRADED,DAMAGE DETECTED (DEGRADED)
994.000,2.5000,0.78979910,0.385000,1,0,1,0.794371,22,16,0.958333,34.000,1,DEGRADED,DAMAGE DETECTED (DEGRADED)
995.000,2.5000,0.80165040,0.385000,1,0,1,0.837017,22,16,0.958333,35.000,1,DEGRADED,DAMAGE DETECTED (DEGRADED)
996.000,2.5000,0.80466486,0.385000,1,0,1,0.839165,22,16,0.958333,36.000,1,DEGRADED,DAMAGE DETECTED (DEGRADED)
997.000,2.5000,0.80203729,0.385000,1,0,1,0.834179,22,16,0.958333,37.000,1,DEGRADED,DAMAGE DETECTED (DEGRADED)
998.000,2.5000,0.82923285,0.385000,1,0,1,0.858415,22,16,0.958333,38.000,1,DEGRADED,DAMAGE DETECTED (DEGRADED)
999.000,2.5000,0.80445218,0.385000,1,0,1,0.812671,22,16,0.958333,39.000,1,DEGRADED,DAMAGE DETECTED (DEGRADED)
1000.000,2.5000,0.80361806,0.385000,1,0,1,0.834219,22,16,0.958333,40.000,1,DEGRADED,DAMAGE DETECTED (DEGRADED)
1001.000,2.5000,0.80245218,0.385000,1,0,1,0.856642,22,16,0.958333,41.000,1,DEGRADED,DAMAGE DETECTED (DEGRADED)
1002.000,2.5000,0.80723906,0.385000,1,0,1,0.825451,22,16,0.958333,42.000,1,DEGRADED,DAMAGE DETECTED (DEGRADED)
1003.000,2.5000,0.81187522,0.385000,1,0,1,0.831676,22,16,0.958333,43.000,1,DEGRADED,DAMAGE DETECTED (DEGRADED)
1004.000,2.5000,0.80734796,0.385000,1,0,1,0.837058,22,16,0.958333,44.000,1,DEGRADED,DAMAGE DETECTED (DEGRADED)
1005.000,2.5000,0.81257211,0.385000,1,0,1,0.818755,22,16,0.958333,45.000,1,DEGRADED,DAMAGE DETECTED (DEGRADED)
1006.000,2.5000,0.79738666,0.385000,1,0,1,0.790966,22,16,0.958333,46.000,1,DEGRADED,DAMAGE DETECTED (DEGRADED)
1007.000,2.5000,0.81768446,0.385000,1,0,1,0.848658,22,16,0.958333,47.000,1,DEGRADED,DAMAGE DETECTED (DEGRADED)
1008.000,2.5000,0.80188019,0.385000,1,0,1,0.850756,22,16,0.958333,48.000,1,DEGRADED,DAMAGE DETECTED (DEGRADED)
1009.000,2.5000,0.81696955,0.385000,1,0,1,0.859135,22,16,0.958333,49.000,1,DEGRADED,DAMAGE DETECTED (DEGRADED)
1010.000,2.5000,0.81386831,0.385000,1,0,1,0.845322,22,16,0.958333,50.000,1,DEGRADED,DAMAGE DETECTED (DEGRADED)
1011.000,2.5000,0.79961200,0.385000,1,0,1,0.812897,22,16,0.958333,51.000,1,DEGRADED,DAMAGE DETECTED (DEGRADED)
1012.000,2.5000,0.79971470,0.385000,1,0,1,0.828319,22,16,0.958333,52.000,1,DEGRADED,DAMAGE DETECTED (DEGRADED)
1013.000,2.5000,0.79993587,0.385000,1,4,1,0.799443,22,16,0.958333,53.000,1,DEGRADED,DAMAGE DETECTED (DEGRADED)
1014.000,2.5000,0.79988492,0.385000,1,0,1,0.813610,22,16,0.958333,54.000,1,DEGRADED,DAMAGE DETECTED (DEGRADED)
1015.000,2.5000,0.79968056,0.385000,1,0,1,0.817282,22,16,0.958333,55.000,1,DEGRADED,DAMAGE DETECTED (DEGRADED)
1016.000,2.5000,0.81234084,0.385000,1,0,1,0.819976,22,16,0.958333,56.000,1,DEGRADED,DAMAGE DETECTED (DEGRADED)
1017.000,2.5000,0.80168935,0.385000,1,0,1,0.814270,22,16,0.958333,57.000,1,DEGRADED,DAMAGE DETECTED (DEGRADED)
1018.000,2.5000,0.81439502,0.385000,1,0,1,0.849680,22,16,0.958333,58.000,1,DEGRADED,DAMAGE DETECTED (DEGRADED)
1019.000,2.5000,0.79178791,0.385000,1,0,1,0.813494,22,16,0.958333,59.000,1,DEGRADED,DAMAGE DETECTED (DEGRADED)
1020.000,2.5000,0.79816746,0.385000,1,0,1,0.821506,22,16,0.958333,60.000,1,DEGRADED,DAMAGE DETECTED (DEGRADED)
1021.000,2.5000,0.79113212,0.385000,1,0,1,0.817988,22,16,0.958333,61.000,1,DEGRADED,DAMAGE DETECTED (DEGRADED)
1022.000,2.5000,0.80211885,0.385000,1,0,1,0.823941,22,16,0.958333,62.000,1,DEGRADED,DAMAGE DETECTED (DEGRADED)
1023.000,2.5000,0.79920894,0.385000,1,0,1,0.826484,22,16,0.958333,63.000,1,DEGRADED,DAMAGE DETECTED (DEGRADED)
1024.000,2.5000,-1.00000000,0.385000,0,0,0,0.000000,12,13,0.656250,0.000,0,INSUFFICIENT DATA,NO VERDICT
1025.000,2.5000,-1.00000000,0.385000,0,0,0,0.000000,12,13,0.656250,1.000,0,INSUFFICIENT DATA,NO VERDICT
1026.000,2.5000,-1.00000000,0.385000,0,0,0,0.000000,12,13,0.656250,2.000,0,INSUFFICIENT DATA,NO VERDICT
1027.000,2.5000,-1.00000000,0.385000,0,0,0,0.000000,12,13,0.656250,3.000,0,INSUFFICIENT DATA,NO VERDICT
1028.000,2.5000,-1.00000000,0.385000,0,0,0,0.000000,12,13,0.656250,4.000,0,INSUFFICIENT DATA,NO VERDICT
1029.000,2.5000,-1.00000000,0.385000,0,0,0,0.000000,12,13,0.656250,5.000,0,INSUFFICIENT DATA,NO VERDICT
1030.000,2.5000,-1.00000000,0.385000,0,0,0,0.000000,12,13,0.656250,6.000,0,INSUFFICIENT DATA,NO VERDICT
1031.000,2.5000,-1.00000000,0.385000,0,0,0,0.000000,12,13,0.656250,7.000,0,INSUFFICIENT DATA,NO VERDICT
1032.000,2.5000,-1.00000000,0.385000,0,0,0,0.000000,12,13,0.656250,8.000,0,INSUFFICIENT DATA,NO VERDICT
1033.000,2.5000,-1.00000000,0.385000,0,0,0,0.000000,12,13,0.656250,9.000,0,INSUFFICIENT DATA,NO VERDICT
1034.000,2.5000,-1.00000000,0.385000,0,0,0,0.000000,12,13,0.656250,10.000,0,INSUFFICIENT DATA,NO VERDICT
1035.000,2.5000,-1.00000000,0.385000,0,0,0,0.000000,12,13,0.656250,11.000,0,INSUFFICIENT DATA,NO VERDICT
1036.000,2.5000,-1.00000000,0.385000,0,0,0,0.000000,12,13,0.656250,12.000,0,INSUFFICIENT DATA,NO VERDICT
1037.000,2.5000,-1.00000000,0.385000,0,0,0,0.000000,12,13,0.656250,13.000,0,INSUFFICIENT DATA,NO VERDICT
1038.000,2.5000,-1.00000000,0.385000,0,0,0,0.000000,12,13,0.656250,14.000,0,INSUFFICIENT DATA,NO VERDICT
1039.000,2.5000,-1.00000000,0.385000,0,0,0,0.000000,12,13,0.656250,15.000,0,INSUFFICIENT DATA,NO VERDICT
1040.000,2.5000,-1.00000000,0.385000,0,0,0,0.000000,12,13,0.656250,16.000,0,INSUFFICIENT DATA,NO VERDICT
1041.000,2.5000,-1.00000000,0.385000,0,0,0,0.000000,12,13,0.656250,17.000,0,INSUFFICIENT DATA,NO VERDICT
1042.000,2.5000,-1.00000000,0.385000,0,0,0,0.000000,12,13,0.656250,18.000,0,INSUFFICIENT DATA,NO VERDICT
1043.000,2.5000,-1.00000000,0.385000,0,0,0,0.000000,12,13,0.656250,19.000,0,INSUFFICIENT DATA,NO VERDICT
1044.000,2.5000,-1.00000000,0.385000,0,0,0,0.000000,12,13,0.656250,20.000,0,INSUFFICIENT DATA,NO VERDICT
1045.000,2.5000,-1.00000000,0.385000,0,0,0,0.000000,12,13,0.656250,21.000,0,INSUFFICIENT DATA,NO VERDICT
1046.000,2.5000,-1.00000000,0.385000,0,0,0,0.000000,12,13,0.656250,22.000,0,INSUFFICIENT DATA,NO VERDICT
1047.000,2.5000,-1.00000000,0.385000,0,0,0,0.000000,12,13,0.656250,23.000,0,INSUFFICIENT DATA,NO VERDICT
1048.000,2.5000,-1.00000000,0.385000,0,0,0,0.000000,12,13,0.656250,24.000,0,INSUFFICIENT DATA,NO VERDICT
1049.000,2.5000,-1.00000000,0.385000,0,0,0,0.000000,12,13,0.656250,25.000,0,INSUFFICIENT DATA,NO VERDICT
1050.000,2.5000,-1.00000000,0.385000,0,0,0,0.000000,12,13,0.656250,26.000,0,INSUFFICIENT DATA,NO VERDICT
1051.000,2.5000,-1.00000000,0.385000,0,0,0,0.000000,12,13,0.656250,27.000,0,INSUFFICIENT DATA,NO VERDICT
1052.000,2.5000,-1.00000000,0.385000,0,0,0,0.000000,12,13,0.656250,28.000,0,INSUFFICIENT DATA,NO VERDICT
1053.000,2.5000,-1.00000000,0.385000,0,0,0,0.000000,12,13,0.656250,29.000,0,INSUFFICIENT DATA,NO VERDICT
1054.000,2.5000,-1.00000000,0.385000,0,0,0,0.000000,12,13,0.656250,30.000,0,INSUFFICIENT DATA,NO VERDICT
1055.000,2.5000,-1.00000000,0.385000,0,0,0,0.000000,12,13,0.656250,31.000,0,INSUFFICIENT DATA,NO VERDICT
1056.000,2.5000,-1.00000000,0.385000,0,0,0,0.000000,12,13,0.656250,32.000,0,INSUFFICIENT DATA,NO VERDICT
1057.000,2.5000,-1.00000000,0.385000,0,0,0,0.000000,12,13,0.656250,33.000,0,INSUFFICIENT DATA,NO VERDICT
1058.000,2.5000,-1.00000000,0.385000,0,0,0,0.000000,12,13,0.656250,34.000,0,INSUFFICIENT DATA,NO VERDICT
1059.000,2.5000,-1.00000000,0.385000,0,0,0,0.000000,12,13,0.656250,35.000,0,INSUFFICIENT DATA,NO VERDICT
1060.000,2.5000,-1.00000000,0.385000,0,0,0,0.000000,12,13,0.656250,36.000,0,INSUFFICIENT DATA,NO VERDICT
1061.000,2.5000,-1.00000000,0.385000,0,0,0,0.000000,12,13,0.656250,37.000,0,INSUFFICIENT DATA,NO VERDICT
1062.000,2.5000,-1.00000000,0.385000,0,0,0,0.000000,12,13,0.656250,38.000,0,INSUFFICIENT DATA,NO VERDICT
1063.000,2.5000,-1.00000000,0.385000,0,0,0,0.000000,12,13,0.656250,39.000,0,INSUFFICIENT DATA,NO VERDICT
1064.000,2.5000,-1.00000000,0.385000,0,0,0,0.000000,12,13,0.656250,40.000,0,INSUFFICIENT DATA,NO VERDICT
1065.000,2.5000,-1.00000000,0.385000,0,0,0,0.000000,12,13,0.656250,41.000,0,INSUFFICIENT DATA,NO VERDICT
1066.000,2.5000,-1.00000000,0.385000,0,0,0,0.000000,12,13,0.656250,42.000,0,INSUFFICIENT DATA,NO VERDICT
1067.000,2.5000,-1.00000000,0.385000,0,0,0,0.000000,12,13,0.656250,43.000,0,INSUFFICIENT DATA,NO VERDICT
1068.000,2.5000,-1.00000000,0.385000,0,0,0,0.000000,12,13,0.656250,44.000,0,INSUFFICIENT DATA,NO VERDICT
1069.000,2.5000,-1.00000000,0.385000,0,0,0,0.000000,12,13,0.656250,45.000,0,INSUFFICIENT DATA,NO VERDICT
1070.000,2.5000,-1.00000000,0.385000,0,0,0,0.000000,12,13,0.656250,46.000,0,INSUFFICIENT DATA,NO VERDICT
1071.000,2.5000,-1.00000000,0.385000,0,0,0,0.000000,12,13,0.656250,47.000,0,INSUFFICIENT DATA,NO VERDICT
1072.000,2.5000,-1.00000000,0.385000,0,0,0,0.000000,12,13,0.656250,48.000,0,INSUFFICIENT DATA,NO VERDICT
1073.000,2.5000,-1.00000000,0.385000,0,0,0,0.000000,12,13,0.656250,49.000,0,INSUFFICIENT DATA,NO VERDICT
1074.000,2.5000,-1.00000000,0.385000,0,0,0,0.000000,12,13,0.656250,50.000,0,INSUFFICIENT DATA,NO VERDICT
1075.000,2.5000,-1.00000000,0.385000,0,0,0,0.000000,12,13,0.656250,51.000,0,INSUFFICIENT DATA,NO VERDICT
1076.000,2.5000,-1.00000000,0.385000,0,0,0,0.000000,12,13,0.656250,52.000,0,INSUFFICIENT DATA,NO VERDICT
1077.000,2.5000,-1.00000000,0.385000,0,0,0,0.000000,12,13,0.656250,53.000,0,INSUFFICIENT DATA,NO VERDICT
1078.000,2.5000,-1.00000000,0.385000,0,0,0,0.000000,12,13,0.656250,54.000,0,INSUFFICIENT DATA,NO VERDICT
1079.000,2.5000,-1.00000000,0.385000,0,0,0,0.000000,12,13,0.656250,55.000,0,INSUFFICIENT DATA,NO VERDICT
1080.000,2.5000,-1.00000000,0.385000,0,0,0,0.000000,12,13,0.656250,56.000,0,INSUFFICIENT DATA,NO VERDICT
1081.000,2.5000,-1.00000000,0.385000,0,0,0,0.000000,12,13,0.656250,57.000,0,INSUFFICIENT DATA,NO VERDICT
1082.000,2.5000,-1.00000000,0.385000,0,0,0,0.000000,12,13,0.656250,58.000,0,INSUFFICIENT DATA,NO VERDICT
1083.000,2.5000,-1.00000000,0.385000,0,0,0,0.000000,12,13,0.656250,59.000,0,INSUFFICIENT DATA,NO VERDICT
1084.000,2.5000,-1.00000000,0.385000,0,0,0,0.000000,12,13,0.656250,60.000,0,INSUFFICIENT DATA,NO VERDICT
1085.000,2.5000,-1.00000000,0.385000,0,0,0,0.000000,12,13,0.656250,61.000,0,INSUFFICIENT DATA,NO VERDICT
1086.000,2.5000,-1.00000000,0.385000,0,0,0,0.000000,12,13,0.656250,62.000,0,INSUFFICIENT DATA,NO VERDICT
1087.000,2.5000,-1.00000000,0.385000,0,0,0,0.000000,12,13,0.656250,63.000,0,INSUFFICIENT DATA,NO VERDICT
1088.000,2.5000,-1.00000000,0.385000,0,0,0,0.000000,12,13,0.656250,0.000,0,INSUFFICIENT DATA,NO VERDICT
1089.000,2.5000,-1.00000000,0.385000,0,0,0,0.000000,12,13,0.656250,1.000,0,INSUFFICIENT DATA,NO VERDICT
1090.000,2.5000,-1.00000000,0.385000,0,0,0,0.000000,12,13,0.656250,2.000,0,INSUFFICIENT DATA,NO VERDICT
1091.000,2.5000,-1.00000000,0.385000,0,0,0,0.000000,12,13,0.656250,3.000,0,INSUFFICIENT DATA,NO VERDICT
1092.000,2.5000,-1.00000000,0.385000,0,0,0,0.000000,12,13,0.656250,4.000,0,INSUFFICIENT DATA,NO VERDICT
1093.000,2.5000,-1.00000000,0.385000,0,0,0,0.000000,12,13,0.656250,5.000,0,INSUFFICIENT DATA,NO VERDICT
1094.000,2.5000,-1.00000000,0.385000,0,0,0,0.000000,12,13,0.656250,6.000,0,INSUFFICIENT DATA,NO VERDICT
1095.000,2.5000,-1.00000000,0.385000,0,0,0,0.000000,12,13,0.656250,7.000,0,INSUFFICIENT DATA,NO VERDICT
1096.000,2.5000,-1.00000000,0.385000,0,0,0,0.000000,12,13,0.656250,8.000,0,INSUFFICIENT DATA,NO VERDICT
1097.000,2.5000,-1.00000000,0.385000,0,0,0,0.000000,12,13,0.656250,9.000,0,INSUFFICIENT DATA,NO VERDICT
1098.000,2.5000,-1.00000000,0.385000,0,0,0,0.000000,12,13,0.656250,10.000,0,INSUFFICIENT DATA,NO VERDICT
1099.000,2.5000,-1.00000000,0.385000,0,0,0,0.000000,12,13,0.656250,11.000,0,INSUFFICIENT DATA,NO VERDICT
1100.000,2.5000,-1.00000000,0.385000,0,0,0,0.000000,12,13,0.656250,12.000,0,INSUFFICIENT DATA,NO VERDICT
1101.000,2.5000,-1.00000000,0.385000,0,0,0,0.000000,12,13,0.656250,13.000,0,INSUFFICIENT DATA,NO VERDICT
1102.000,2.5000,-1.00000000,0.385000,0,0,0,0.000000,12,13,0.656250,14.000,0,INSUFFICIENT DATA,NO VERDICT
1103.000,2.5000,-1.00000000,0.385000,0,0,0,0.000000,12,13,0.656250,15.000,0,INSUFFICIENT DATA,NO VERDICT
1104.000,2.5000,-1.00000000,0.385000,0,0,0,0.000000,12,13,0.656250,16.000,0,INSUFFICIENT DATA,NO VERDICT
1105.000,2.5000,-1.00000000,0.385000,0,0,0,0.000000,12,13,0.656250,17.000,0,INSUFFICIENT DATA,NO VERDICT
1106.000,2.5000,-1.00000000,0.385000,0,0,0,0.000000,12,13,0.656250,18.000,0,INSUFFICIENT DATA,NO VERDICT
1107.000,2.5000,-1.00000000,0.385000,0,0,0,0.000000,12,13,0.656250,19.000,0,INSUFFICIENT DATA,NO VERDICT
1108.000,2.5000,-1.00000000,0.385000,0,0,0,0.000000,12,13,0.656250,20.000,0,INSUFFICIENT DATA,NO VERDICT
1109.000,2.5000,-1.00000000,0.385000,0,0,0,0.000000,12,13,0.656250,21.000,0,INSUFFICIENT DATA,NO VERDICT
1110.000,2.5000,-1.00000000,0.385000,0,0,0,0.000000,12,13,0.656250,22.000,0,INSUFFICIENT DATA,NO VERDICT
1111.000,2.5000,-1.00000000,0.385000,0,0,0,0.000000,12,13,0.656250,23.000,0,INSUFFICIENT DATA,NO VERDICT
1112.000,2.5000,-1.00000000,0.385000,0,0,0,0.000000,12,13,0.656250,24.000,0,INSUFFICIENT DATA,NO VERDICT
1113.000,2.5000,-1.00000000,0.385000,0,0,0,0.000000,12,13,0.656250,25.000,0,INSUFFICIENT DATA,NO VERDICT
1114.000,2.5000,-1.00000000,0.385000,0,0,0,0.000000,12,13,0.656250,26.000,0,INSUFFICIENT DATA,NO VERDICT
1115.000,2.5000,-1.00000000,0.385000,0,0,0,0.000000,12,13,0.656250,27.000,0,INSUFFICIENT DATA,NO VERDICT
1116.000,2.5000,-1.00000000,0.385000,0,0,0,0.000000,12,13,0.656250,28.000,0,INSUFFICIENT DATA,NO VERDICT
1117.000,2.5000,-1.00000000,0.385000,0,0,0,0.000000,12,13,0.656250,29.000,0,INSUFFICIENT DATA,NO VERDICT
1118.000,2.5000,-1.00000000,0.385000,0,0,0,0.000000,12,13,0.656250,30.000,0,INSUFFICIENT DATA,NO VERDICT
1119.000,2.5000,-1.00000000,0.385000,0,0,0,0.000000,12,13,0.656250,31.000,0,INSUFFICIENT DATA,NO VERDICT
1120.000,2.5000,-1.00000000,0.385000,0,0,0,0.000000,12,13,0.656250,32.000,0,INSUFFICIENT DATA,NO VERDICT
1121.000,2.5000,-1.00000000,0.385000,0,0,0,0.000000,12,13,0.656250,33.000,0,INSUFFICIENT DATA,NO VERDICT
1122.000,2.5000,-1.00000000,0.385000,0,0,0,0.000000,12,13,0.656250,34.000,0,INSUFFICIENT DATA,NO VERDICT
1123.000,2.5000,-1.00000000,0.385000,0,0,0,0.000000,12,13,0.656250,35.000,0,INSUFFICIENT DATA,NO VERDICT
1124.000,2.5000,-1.00000000,0.385000,0,0,0,0.000000,12,13,0.656250,36.000,0,INSUFFICIENT DATA,NO VERDICT
1125.000,2.5000,-1.00000000,0.385000,0,0,0,0.000000,12,13,0.656250,37.000,0,INSUFFICIENT DATA,NO VERDICT
1126.000,2.5000,-1.00000000,0.385000,0,0,0,0.000000,12,13,0.656250,38.000,0,INSUFFICIENT DATA,NO VERDICT
1127.000,2.5000,-1.00000000,0.385000,0,0,0,0.000000,12,13,0.656250,39.000,0,INSUFFICIENT DATA,NO VERDICT
1128.000,2.5000,-1.00000000,0.385000,0,0,0,0.000000,12,13,0.656250,40.000,0,INSUFFICIENT DATA,NO VERDICT
1129.000,2.5000,-1.00000000,0.385000,0,0,0,0.000000,12,13,0.656250,41.000,0,INSUFFICIENT DATA,NO VERDICT
1130.000,2.5000,-1.00000000,0.385000,0,0,0,0.000000,12,13,0.656250,42.000,0,INSUFFICIENT DATA,NO VERDICT
1131.000,2.5000,-1.00000000,0.385000,0,0,0,0.000000,12,13,0.656250,43.000,0,INSUFFICIENT DATA,NO VERDICT
1132.000,2.5000,-1.00000000,0.385000,0,0,0,0.000000,12,13,0.656250,44.000,0,INSUFFICIENT DATA,NO VERDICT
1133.000,2.5000,-1.00000000,0.385000,0,0,0,0.000000,12,13,0.656250,45.000,0,INSUFFICIENT DATA,NO VERDICT
1134.000,2.5000,-1.00000000,0.385000,0,0,0,0.000000,12,13,0.656250,46.000,0,INSUFFICIENT DATA,NO VERDICT
1135.000,2.5000,-1.00000000,0.385000,0,0,0,0.000000,12,13,0.656250,47.000,0,INSUFFICIENT DATA,NO VERDICT
1136.000,2.5000,-1.00000000,0.385000,0,0,0,0.000000,12,13,0.656250,48.000,0,INSUFFICIENT DATA,NO VERDICT
1137.000,2.5000,-1.00000000,0.385000,0,0,0,0.000000,12,13,0.656250,49.000,0,INSUFFICIENT DATA,NO VERDICT
1138.000,2.5000,-1.00000000,0.385000,0,0,0,0.000000,12,13,0.656250,50.000,0,INSUFFICIENT DATA,NO VERDICT
1139.000,2.5000,-1.00000000,0.385000,0,0,0,0.000000,12,13,0.656250,51.000,0,INSUFFICIENT DATA,NO VERDICT
1140.000,2.5000,-1.00000000,0.385000,0,0,0,0.000000,12,13,0.656250,52.000,0,INSUFFICIENT DATA,NO VERDICT
1141.000,2.5000,-1.00000000,0.385000,0,0,0,0.000000,12,13,0.656250,53.000,0,INSUFFICIENT DATA,NO VERDICT
1142.000,2.5000,-1.00000000,0.385000,0,0,0,0.000000,12,13,0.656250,54.000,0,INSUFFICIENT DATA,NO VERDICT
1143.000,2.5000,-1.00000000,0.385000,0,0,0,0.000000,12,13,0.656250,55.000,0,INSUFFICIENT DATA,NO VERDICT
1144.000,2.5000,-1.00000000,0.385000,0,0,0,0.000000,12,13,0.656250,56.000,0,INSUFFICIENT DATA,NO VERDICT
1145.000,2.5000,-1.00000000,0.385000,0,0,0,0.000000,12,13,0.656250,57.000,0,INSUFFICIENT DATA,NO VERDICT
1146.000,2.5000,-1.00000000,0.385000,0,0,0,0.000000,12,13,0.656250,58.000,0,INSUFFICIENT DATA,NO VERDICT
1147.000,2.5000,-1.00000000,0.385000,0,0,0,0.000000,12,13,0.656250,59.000,0,INSUFFICIENT DATA,NO VERDICT
1148.000,2.5000,-1.00000000,0.385000,0,0,0,0.000000,12,13,0.656250,60.000,0,INSUFFICIENT DATA,NO VERDICT
1149.000,2.5000,-1.00000000,0.385000,0,0,0,0.000000,12,13,0.656250,61.000,0,INSUFFICIENT DATA,NO VERDICT
1150.000,2.5000,-1.00000000,0.385000,0,0,0,0.000000,12,13,0.656250,62.000,0,INSUFFICIENT DATA,NO VERDICT
1151.000,2.5000,-1.00000000,0.385000,0,0,0,0.000000,12,13,0.656250,63.000,0,INSUFFICIENT DATA,NO VERDICT
1152.000,2.5000,0.75698851,0.385000,1,0,2,0.870782,24,16,1.000000,0.000,1,OK,DAMAGE DETECTED
1153.000,2.5000,0.74471782,0.385000,1,0,2,0.766208,24,16,1.000000,1.000,1,OK,DAMAGE DETECTED
1154.000,2.5000,0.72987569,0.385000,1,0,2,0.799558,24,16,1.000000,2.000,1,OK,DAMAGE DETECTED
1155.000,2.5000,0.74013390,0.385000,1,0,2,0.817445,24,16,1.000000,3.000,1,OK,DAMAGE DETECTED
1156.000,2.5000,0.74042664,0.385000,1,0,2,0.877251,24,16,1.000000,4.000,1,OK,DAMAGE DETECTED
1157.000,2.5000,0.72721076,0.385000,1,0,2,0.749305,24,16,1.000000,5.000,1,OK,DAMAGE DETECTED
1158.000,2.5000,0.76107925,0.385000,1,0,2,0.778132,24,16,1.000000,6.000,1,OK,DAMAGE DETECTED
1159.000,2.5000,0.73494581,0.385000,1,0,2,0.782064,24,16,1.000000,7.000,1,OK,DAMAGE DETECTED
1160.000,2.5000,0.73984451,0.385000,1,0,2,0.783749,24,16,1.000000,8.000,1,OK,DAMAGE DETECTED
1161.000,2.5000,0.75932227,0.385000,1,0,2,0.835434,24,16,1.000000,9.000,1,OK,DAMAGE DETECTED
1162.000,2.5000,0.75066682,0.385000,1,0,2,0.806246,24,16,1.000000,10.000,1,OK,DAMAGE DETECTED
1163.000,2.5000,0.73534505,0.385000,1,0,2,0.862314,24,16,1.000000,11.000,1,OK,DAMAGE DETECTED
1164.000,2.5000,0.72984208,0.385000,1,0,2,0.815524,24,16,1.000000,12.000,1,OK,DAMAGE DETECTED
1165.000,2.5000,0.74887691,0.385000,1,0,2,0.857918,24,16,1.000000,13.000,1,OK,DAMAGE DETECTED
1166.000,2.5000,0.74043360,0.385000,1,0,2,0.788553,24,16,1.000000,14.000,1,OK,DAMAGE DETECTED
1167.000,2.5000,0.74246084,0.385000,1,0,2,0.845094,24,16,1.000000,15.000,1,OK,DAMAGE DETECTED
1168.000,2.5000,0.74408701,0.385000,1,0,2,0.762123,24,16,1.000000,16.000,1,OK,DAMAGE DETECTED
1169.000,2.5000,0.74787775,0.385000,1,0,2,0.847285,24,16,1.000000,17.000,1,OK,DAMAGE DETECTED
1170.000,2.5000,0.76967675,0.385000,1,0,2,0.765294,24,16,1.000000,18.000,1,OK,DAMAGE DETECTED
1171.000,2.5000,0.76040663,0.385000,1,0,2,0.747439,24,16,1.000000,19.000,1,OK,DAMAGE DETECTED
1172.000,2.5000,0.74709133,0.385000,1,0,2,0.787144,24,16,1.000000,20.000,1,OK,DAMAGE DETECTED
1173.000,2.5000,0.73765535,0.385000,1,0,2,0.789430,24,16,1.000000,21.000,1,OK,DAMAGE DETECTED
1174.000,2.5000,0.74082734,0.385000,1,0,2,0.811402,24,16,1.000000,22.000,1,OK,DAMAGE DETECTED
1175.000,2.5000,0.76334975,0.385000,1,0,2,0.814289,24,16,1.000000,23.000,1,OK,DAMAGE DETECTED
1176.000,2.5000,0.74537884,0.385000,1,0,2,0.825862,24,16,1.000000,24.000,1,OK,DAMAGE DETECTED
1177.000,2.5000,0.75870071,0.385000,1,0,2,0.859538,24,16,1.000000,25.000,1,OK,DAMAGE DETECTED
1178.000,2.5000,0.74363149,0.385000,1,0,2,0.837601,24,16,1.000000,26.000,1,OK,DAMAGE DETECTED
1179.000,2.5000,0.73877035,0.385000,1,0,2,0.799642,24,16,1.000000,27.000,1,OK,DAMAGE DETECTED
1180.000,2.5000,0.73746766,0.385000,1,0,2,0.782265,24,16,1.000000,28.000,1,OK,DAMAGE DETECTED
1181.000,2.5000,0.72987846,0.385000,1,0,2,0.772311,24,16,1.000000,29.000,1,OK,DAMAGE DETECTED
1182.000,2.5000,0.74107690,0.385000,1,0,2,0.815051,24,16,1.000000,30.000,1,OK,DAMAGE DETECTED
1183.000,2.5000,0.75428789,0.385000,1,0,2,0.773024,24,16,1.000000,31.000,1,OK,DAMAGE DETECTED
1184.000,2.5000,0.74485038,0.385000,1,0,2,0.782972,24,16,1.000000,32.000,1,OK,DAMAGE DETECTED
1185.000,2.5000,0.75447327,0.385000,1,0,2,0.800237,24,16,1.000000,33.000,1,OK,DAMAGE DETECTED
1186.000,2.5000,0.74127773,0.385000,1,0,2,0.784933,24,16,1.000000,34.000,1,OK,DAMAGE DETECTED
1187.000,2.5000,0.75249373,0.385000,1,0,2,0.860917,24,16,1.000000,35.000,1,OK,DAMAGE DETECTED
1188.000,2.5000,0.73130642,0.385000,1,0,2,0.777139,24,16,1.000000,36.000,1,OK,DAMAGE DETECTED
1189.000,2.5000,0.74256740,0.385000,1,0,2,0.855093,24,16,1.000000,37.000,1,OK,DAMAGE DETECTED
1190.000,2.5000,0.73875444,0.385000,1,0,2,0.783380,24,16,1.000000,38.000,1,OK,DAMAGE DETECTED
1191.000,2.5000,0.75035625,0.385000,1,0,2,0.870925,24,16,1.000000,39.000,1,OK,DAMAGE DETECTED
1192.000,2.5000,0.75728254,0.385000,1,0,2,0.800419,24,16,1.000000,40.000,1,OK,DAMAGE DETECTED
1193.000,2.5000,0.73439659,0.385000,1,0,2,0.802240,24,16,1.000000,41.000,1,OK,DAMAGE DETECTED
1194.000,2.5000,0.74340431,0.385000,1,0,2,0.797948,24,16,1.000000,42.000,1,OK,DAMAGE DETECTED
1195.000,2.5000,0.74945705,0.385000,1,0,2,0.795051,24,16,1.000000,43.000,1,OK,DAMAGE DETECTED
1196.000,2.5000,0.75461196,0.385000,1,0,2,0.843716,24,16,1.000000,44.000,1,OK,DAMAGE DETECTED
1197.000,2.5000,0.74841280,0.385000,1,0,2,0.798075,24,16,1.000000,45.000,1,OK,DAMAGE DETECTED
1198.000,2.5000,0.74830992,0.385000,1,0,2,0.782967,24,16,1.000000,46.000,1,OK,DAMAGE DETECTED
1199.000,2.5000,0.75021428,0.385000,1,0,2,0.843414,24,16,1.000000,47.000,1,OK,DAMAGE DETECTED
1200.000,2.5000,0.74743589,0.385000,1,0,2,0.777035,24,16,1.000000,48.000,1,OK,DAMAGE DETECTED
1201.000,2.5000,0.73688347,0.385000,1,0,2,0.825239,24,16,1.000000,49.000,1,OK,DAMAGE DETECTED
1202.000,2.5000,0.73779275,0.385000,1,0,2,0.802292,24,16,1.000000,50.000,1,OK,DAMAGE DETECTED
1203.000,2.5000,0.74698271,0.385000,1,0,2,0.827026,24,16,1.000000,51.000,1,OK,DAMAGE DETECTED
1204.000,2.5000,0.75994383,0.385000,1,0,2,0.802080,24,16,1.000000,52.000,1,OK,DAMAGE DETECTED
1205.000,2.5000,0.74315406,0.385000,1,0,2,0.859747,24,16,1.000000,53.000,1,OK,DAMAGE DETECTED
1206.000,2.5000,0.73236973,0.385000,1,0,2,0.833915,24,16,1.000000,54.000,1,OK,DAMAGE DETECTED
1207.000,2.5000,0.72748376,0.385000,1,0,2,0.803215,24,16,1.000000,55.000,1,OK,DAMAGE DETECTED
1208.000,2.5000,0.75302745,0.385000,1,0,2,0.819302,24,16,1.000000,56.000,1,OK,DAMAGE DETECTED
1209.000,2.5000,0.74130407,0.385000,1,0,2,0.841061,24,16,1.000000,57.000,1,OK,DAMAGE DETECTED
1210.000,2.5000,0.74777645,0.385000,1,0,2,0.796855,24,16,1.000000,58.000,1,OK,DAMAGE DETECTED
1211.000,2.5000,0.74911016,0.385000,1,0,2,0.794950,24,16,1.000000,59.000,1,OK,DAMAGE DETECTED
1212.000,2.5000,0.74280877,0.385000,1,0,2,0.815964,24,16,1.000000,60.000,1,OK,DAMAGE DETECTED
1213.000,2.5000,0.75293359,0.385000,1,0,2,0.761228,24,16,1.000000,61.000,1,OK,DAMAGE DETECTED
1214.000,2.5000,0.76070059,0.385000,1,0,2,0.824858,24,16,1.000000,62.000,1,OK,DAMAGE DETECTED
1215.000,2.5000,0.74575178,0.385000,1,0,2,0.818159,24,16,1.000000,63.000,1,OK,DAMAGE DETECTED
1216.000,2.5000,0.70723972,0.385000,1,0,1,0.810097,24,16,1.000000,0.000,1,OK,DAMAGE DETECTED
1217.000,2.5000,0.69159710,0.385000,1,0,2,0.826973,24,16,1.000000,1.000,1,OK,DAMAGE DETECTED
1218.000,2.5000,0.68559980,0.385000,1,0,1,0.801529,24,16,1.000000,2.000,1,OK,DAMAGE DETECTED
1219.000,2.5000,0.69309050,0.385000,1,0,1,0.833003,24,16,1.000000,3.000,1,OK,DAMAGE DETECTED
1220.000,2.5000,0.68060901,0.385000,1,0,1,0.803634,24,16,1.000000,4.000,1,OK,DAMAGE DETECTED
1221.000,2.5000,0.70298958,0.385000,1,0,1,0.814369,24,16,1.000000,5.000,1,OK,DAMAGE DETECTED
1222.000,2.5000,0.70263932,0.385000,1,0,2,0.797916,24,16,1.000000,6.000,1,OK,DAMAGE DETECTED
1223.000,2.5000,0.69621567,0.385000,1,0,1,0.793046,24,16,1.000000,7.000,1,OK,DAMAGE DETECTED
1224.000,2.5000,0.69258593,0.385000,1,0,2,0.882754,24,16,1.000000,8.000,1,OK,DAMAGE DETECTED
1225.000,2.5000,0.68780711,0.385000,1,0,1,0.823032,24,16,1.000000,9.000,1,OK,DAMAGE DETECTED
1226.000,2.5000,0.68793423,0.385000,1,0,1,0.823408,24,16,1.000000,10.000,1,OK,DAMAGE DETECTED
1227.000,2.5000,0.68448960,0.385000,1,0,1,0.843075,24,16,1.000000,11.000,1,OK,DAMAGE DETECTED
1228.000,2.5000,0.69789289,0.385000,1,0,1,0.832742,24,16,1.000000,12.000,1,OK,DAMAGE DETECTED
1229.000,2.5000,0.69678927,0.385000,1,0,2,0.804694,24,16,1.000000,13.000,1,OK,DAMAGE DETECTED
1230.000,2.5000,0.69227457,0.385000,1,0,1,0.776475,24,16,1.000000,14.000,1,OK,DAMAGE DETECTED
1231.000,2.5000,0.67176708,0.385000,1,0,1,0.777829,24,16,1.000000,15.000,1,OK,DAMAGE DETECTED
1232.000,2.5000,0.68600336,0.385000,1,0,1,0.787650,24,16,1.000000,16.000,1,OK,DAMAGE DETECTED
1233.000,2.5000,0.70554123,0.385000,1,0,2,0.831531,24,16,1.000000,17.000,1,OK,DAMAGE DETECTED
1234.000,2.5000,0.68879575,0.385000,1,0,1,0.829502,24,16,1.000000,18.000,1,OK,DAMAGE DETECTED
1235.000,2.5000,0.69911414,0.385000,1,0,1,0.716393,24,16,1.000000,19.000,1,OK,DAMAGE DETECTED
1236.000,2.5000,0.70282102,0.385000,1,0,2,0.811427,24,16,1.000000,20.000,1,OK,DAMAGE DETECTED
1237.000,2.5000,0.70146539,0.385000,1,0,2,0.821049,24,16,1.000000,21.000,1,OK,DAMAGE DETECTED
1238.000,2.5000,0.70470850,0.385000,1,0,1,0.808667,24,16,1.000000,22.000,1,OK,DAMAGE DETECTED
1239.000,2.5000,0.67959663,0.385000,1,0,1,0.797194,24,16,1.000000,23.000,1,OK,DAMAGE DETECTED
1240.000,2.5000,0.68735192,0.385000,1,0,1,0.842837,24,16,1.000000,24.000,1,OK,DAMAGE DETECTED
1241.000,2.5000,0.70765136,0.385000,1,0,1,0.851663,24,16,1.000000,25.000,1,OK,DAMAGE DETECTED
1242.000,2.5000,0.65241641,0.385000,1,0,1,0.731091,24,16,1.000000,26.000,1,OK,DAMAGE DETECTED
1243.000,2.5000,0.71107795,0.385000,1,0,1,0.827778,24,16,1.000000,27.000,1,OK,DAMAGE DETECTED
1244.000,2.5000,0.69721417,0.385000,1,0,1,0.821710,24,16,1.000000,28.000,1,OK,DAMAGE DETECTED
1245.000,2.5000,0.69772281,0.385000,1,0,2,0.822131,24,16,1.000000,29.000,1,OK,DAMAGE DETECTED
1246.000,2.5000,0.69702863,0.385000,1,0,1,0.804377,24,16,1.000000,30.000,1,OK,DAMAGE DETECTED
1247.000,2.5000,0.66884160,0.385000,1,0,1,0.836272,24,16,1.000000,31.000,1,OK,DAMAGE DETECTED
1248.000,2.5000,0.68333920,0.385000,1,0,1,0.830846,24,16,1.000000,32.000,1,OK,DAMAGE DETECTED
1249.000,2.5000,0.69183256,0.385000,1,0,1,0.805663,24,16,1.000000,33.000,1,OK,DAMAGE DETECTED
1250.000,2.5000,0.69238796,0.385000,1,0,1,0.808090,24,16,1.000000,34.000,1,OK,DAMAGE DETECTED
1251.000,2.5000,0.69830382,0.385000,1,0,2,0.848501,24,16,1.000000,35.000,1,OK,DAMAGE DETECTED
1252.000,2.5000,0.69404618,0.385000,1,0,2,0.821159,24,16,1.000000,36.000,1,OK,DAMAGE DETECTED
1253.000,2.5000,0.69938220,0.385000,1,0,1,0.804422,24,16,1.000000,37.000,1,OK,DAMAGE DETECTED
1254.000,2.5000,0.69224323,0.385000,1,0,2,0.820937,24,16,1.000000,38.000,1,OK,DAMAGE DETECTED
1255.000,2.5000,0.70818886,0.385000,1,0,2,0.831088,24,16,1.000000,39.000,1,OK,DAMAGE DETECTED
1256.000,2.5000,0.71272008,0.385000,1,0,1,0.834786,24,16,1.000000,40.000,1,OK,DAMAGE DETECTED
1257.000,2.5000,0.68799812,0.385000,1,0,2,0.846949,24,16,1.000000,41.000,1,OK,DAMAGE DETECTED
1258.000,2.5000,0.68529709,0.385000,1,0,1,0.765781,24,16,1.000000,42.000,1,OK,DAMAGE DETECTED
1259.000,2.5000,0.65974180,0.385000,1,0,1,0.805619,24,16,1.000000,43.000,1,OK,DAMAGE DETECTED
1260.000,2.5000,0.70764985,0.385000,1,0,2,0.816234,24,16,1.000000,44.000,1,OK,DAMAGE DETECTED
1261.000,2.5000,0.69303059,0.385000,1,0,1,0.865145,24,16,1.000000,45.000,1,OK,DAMAGE DETECTED
1262.000,2.5000,0.70536950,0.385000,1,0,1,0.781675,24,16,1.000000,46.000,1,OK,DAMAGE DETECTED
1263.000,2.5000,0.68782997,0.385000,1,0,1,0.824213,24,16,1.000000,47.000,1,OK,DAMAGE DETECTED
1264.000,2.5000,0.69352104,0.385000,1,0,1,0.767269,24,16,1.000000,48.000,1,OK,DAMAGE DETECTED
1265.000,2.5000,0.69931662,0.385000,1,0,1,0.794241,24,16,1.000000,49.000,1,OK,DAMAGE DETECTED
1266.000,2.5000,0.68304019,0.385000,1,0,1,0.785818,24,16,1.000000,50.000,1,OK,DAMAGE DETECTED
1267.000,2.5000,0.69899392,0.385000,1,0,1,0.790482,24,16,1.000000,51.000,1,OK,DAMAGE DETECTED
1268.000,2.5000,0.67645710,0.385000,1,0,1,0.781080,24,16,1.000000,52.000,1,OK,DAMAGE DETECTED
1269.000,2.5000,0.69957704,0.385000,1,0,1,0.805116,24,16,1.000000,53.000,1,OK,DAMAGE DETECTED
1270.000,2.5000,0.69504873,0.385000,1,0,1,0.855790,24,16,1.000000,54.000,1,OK,DAMAGE DETECTED
1271.000,2.5000,0.68704905,0.385000,1,0,1,0.835049,24,16,1.000000,55.000,1,OK,DAMAGE DETECTED
1272.000,2.5000,0.67533683,0.385000,1,0,1,0.762857,24,16,1.000000,56.000,1,OK,DAMAGE DETECTED
1273.000,2.5000,0.67940021,0.385000,1,0,1,0.820676,24,16,1.000000,57.000,1,OK,DAMAGE DETECTED
1274.000,2.5000,0.70188361,0.385000,1,0,1,0.788564,24,16,1.000000,58.000,1,OK,DAMAGE DETECTED
1275.000,2.5000,0.69862558,0.385000,1,0,2,0.822635,24,16,1.000000,59.000,1,OK,DAMAGE DETECTED
1276.000,2.5000,0.71211716,0.385000,1,0,1,0.855522,24,16,1.000000,60.000,1,OK,DAMAGE DETECTED
1277.000,2.5000,0.68975130,0.385000,1,0,1,0.779558,24,16,1.000000,61.000,1,OK,DAMAGE DETECTED
1278.000,2.5000,0.70472734,0.385000,1,0,1,0.806717,24,16,1.000000,62.000,1,OK,DAMAGE DETECTED
1279.000,2.5000,0.69531008,0.385000,1,0,2,0.877050,24,16,1.000000,63.000,1,OK,DAMAGE DETECTED
1280.000,2.5000,0.79858269,0.385000,1,2,2,0.862553,24,16,1.000000,0.000,1,OK,DAMAGE DETECTED
1281.000,2.5000,0.80219349,0.385000,1,2,2,0.822322,24,16,1.000000,1.000,1,OK,DAMAGE DETECTED
1282.000,2.5000,0.81777369,0.385000,1,2,2,0.806966,24,16,1.000000,2.000,1,OK,DAMAGE DETECTED
1283.000,2.5000,0.81683107,0.385000,1,2,2,0.861992,24,16,1.000000,3.000,1,OK,DAMAGE DETECTED
1284.000,2.5000,0.83093872,0.385000,1,2,2,0.752130,24,16,1.000000,4.000,1,OK,DAMAGE DETECTED
1285.000,2.5000,0.83593837,0.385000,1,2,2,0.835528,24,16,1.000000,5.000,1,OK,DAMAGE DETECTED
1286.000,2.5000,0.80840617,0.385000,1,2,2,0.775199,24,16,1.000000,6.000,1,OK,DAMAGE DETECTED
1287.000,2.5000,0.82018156,0.385000,1,2,2,0.813401,24,16,1.000000,7.000,1,OK,DAMAGE DETECTED
1288.000,2.5000,0.81612253,0.385000,1,2,2,0.804588,24,16,1.000000,8.000,1,OK,DAMAGE DETECTED
1289.000,2.5000,0.80098354,0.385000,1,2,2,0.774653,24,16,1.000000,9.000,1,OK,DAMAGE DETECTED
1290.000,2.5000,0.82637409,0.385000,1,2,2,0.799980,24,16,1.000000,10.000,1,OK,DAMAGE DETECTED
1291.000,2.5000,0.81390785,0.385000,1,2,2,0.807301,24,16,1.000000,11.000,1,OK,DAMAGE DETECTED
1292.000,2.5000,0.81721629,0.385000,1,2,2,0.822413,24,16,1.000000,12.000,1,OK,DAMAGE DETECTED
1293.000,2.5000,0.81853661,0.385000,1,2,2,0.783834,24,16,1.000000,13.000,1,OK,DAMAGE DETECTED
1294.000,2.5000,0.82064292,0.385000,1,2,2,0.799769,24,16,1.000000,14.000,1,OK,DAMAGE DETECTED
1295.000,2.5000,0.81272628,0.385000,1,2,2,0.765043,24,16,1.000000,15.000,1,OK,DAMAGE DETECTED
1296.000,2.5000,0.81462483,0.385000,1,2,2,0.804675,24,16,1.000000,16.000,1,OK,DAMAGE DETECTED
1297.000,2.5000,0.81196030,0.385000,1,2,2,0.849816,24,16,1.000000,17.000,1,OK,DAMAGE DETECTED
1298.000,2.5000,0.81695012,0.385000,1,2,2,0.766583,24,16,1.000000,18.000,1,OK,DAMAGE DETECTED
1299.000,2.5000,0.80371510,0.385000,1,2,2,0.839435,24,16,1.000000,19.000,1,OK,DAMAGE DETECTED
1300.000,2.5000,0.81809093,0.385000,1,2,2,0.847760,24,16,1.000000,20.000,1,OK,DAMAGE DETECTED
1301.000,2.5000,0.81649591,0.385000,1,2,2,0.827607,24,16,1.000000,21.000,1,OK,DAMAGE DETECTED
1302.000,2.5000,0.82491142,0.385000,1,2,2,0.802614,24,16,1.000000,22.000,1,OK,DAMAGE DETECTED
1303.000,2.5000,0.80721345,0.385000,1,2,2,0.837932,24,16,1.000000,23.000,1,OK,DAMAGE DETECTED
1304.000,2.5000,0.82033509,0.385000,1,2,2,0.870043,24,16,1.000000,24.000,1,OK,DAMAGE DETECTED
1305.000,2.5000,0.83496209,0.385000,1,2,2,0.839209,24,16,1.000000,25.000,1,OK,DAMAGE DETECTED
1306.000,2.5000,0.81773929,0.385000,1,2,2,0.827599,24,16,1.000000,26.000,1,OK,DAMAGE DETECTED
1307.000,2.5000,0.82076633,0.385000,1,2,2,0.833045,24,16,1.000000,27.000,1,OK,DAMAGE DETECTED
1308.000,2.5000,0.81406788,0.385000,1,2,2,0.853535,24,16,1.000000,28.000,1,OK,DAMAGE DETECTED
1309.000,2.5000,0.81001846,0.385000,1,2,2,0.780816,24,16,1.000000,29.000,1,OK,DAMAGE DETECTED
1310.000,2.5000,0.83112468,0.385000,1,2,2,0.811290,24,16,1.000000,30.000,1,OK,DAMAGE DETECTED
1311.000,2.5000,0.81451770,0.385000,1,2,2,0.858639,24,16,1.000000,31.000,1,OK,DAMAGE DETECTED
1312.000,2.5000,0.82268651,0.385000,1,2,2,0.759668,24,16,1.000000,32.000,1,OK,DAMAGE DETECTED
1313.000,2.5000,0.81646191,0.385000,1,2,2,0.849866,24,16,1.000000,33.000,1,OK,DAMAGE DETECTED
1314.000,2.5000,0.80998785,0.385000,1,2,2,0.883531,24,16,1.000000,34.000,1,OK,DAMAGE DETECTED
1315.000,2.5000,0.82770536,0.385000,1,2,2,0.795787,24,16,1.000000,35.000,1,OK,DAMAGE DETECTED
1316.000,2.5000,0.82723601,0.385000,1,2,2,0.820357,24,16,1.000000,36.000,1,OK,DAMAGE DETECTED
1317.000,2.5000,0.82193959,0.385000,1,2,2,0.807109,24,16,1.000000,37.000,1,OK,DAMAGE DETECTED
1318.000,2.5000,0.81204031,0.385000,1,2,2,0.797747,24,16,1.000000,38.000,1,OK,DAMAGE DETECTED
1319.000,2.5000,0.81901498,0.385000,1,2,2,0.828396,24,16,1.000000,39.000,1,OK,DAMAGE DETECTED
1320.000,2.5000,0.81631521,0.385000,1,2,2,0.854729,24,16,1.000000,40.000,1,OK,DAMAGE DETECTED
1321.000,2.5000,0.81637533,0.385000,1,2,2,0.837040,24,16,1.000000,41.000,1,OK,DAMAGE DETECTED
1322.000,2.5000,0.83709755,0.385000,1,2,2,0.841620,24,16,1.000000,42.000,1,OK,DAMAGE DETECTED
1323.000,2.5000,0.84519482,0.385000,1,2,2,0.795375,24,16,1.000000,43.000,1,OK,DAMAGE DETECTED
1324.000,2.5000,0.81851832,0.385000,1,2,2,0.827601,24,16,1.000000,44.000,1,OK,DAMAGE DETECTED
1325.000,2.5000,0.81974478,0.385000,1,2,2,0.793148,24,16,1.000000,45.000,1,OK,DAMAGE DETECTED
1326.000,2.5000,0.80149514,0.385000,1,2,2,0.858536,24,16,1.000000,46.000,1,OK,DAMAGE DETECTED
1327.000,2.5000,0.81005209,0.385000,1,2,2,0.841909,24,16,1.000000,47.000,1,OK,DAMAGE DETECTED
1328.000,2.5000,0.82213717,0.385000,1,2,2,0.805659,24,16,1.000000,48.000,1,OK,DAMAGE DETECTED
1329.000,2.5000,0.80755111,0.385000,1,2,2,0.793861,24,16,1.000000,49.000,1,OK,DAMAGE DETECTED
1330.000,2.5000,0.81871888,0.385000,1,2,2,0.863562,24,16,1.000000,50.000,1,OK,DAMAGE DETECTED
1331.000,2.5000,0.80679479,0.385000,1,2,2,0.900374,24,16,1.000000,51.000,1,OK,DAMAGE DETECTED
1332.000,2.5000,0.81761903,0.385000,1,2,2,0.790237,24,16,1.000000,52.000,1,OK,DAMAGE DETECTED
1333.000,2.5000,0.82949234,0.385000,1,2,2,0.833076,24,16,1.000000,53.000,1,OK,DAMAGE DETECTED
1334.000,2.5000,0.82760806,0.385000,1,2,2,0.846609,24,16,1.000000,54.000,1,OK,DAMAGE DETECTED
1335.000,2.5000,0.83001778,0.385000,1,2,2,0.811001,24,16,1.000000,55.000,1,OK,DAMAGE DETECTED
1336.000,2.5000,0.81457111,0.385000,1,2,2,0.807889,24,16,1.000000,56.000,1,OK,DAMAGE DETECTED
1337.000,2.5000,0.82997755,0.385000,1,2,2,0.767342,24,16,1.000000,57.000,1,OK,DAMAGE DETECTED
1338.000,2.5000,0.81545553,0.385000,1,2,2,0.831841,24,16,1.000000,58.000,1,OK,DAMAGE DETECTED
1339.000,2.5000,0.80623294,0.385000,1,2,2,0.778362,24,16,1.000000,59.000,1,OK,DAMAGE DETECTED
1340.000,2.5000,0.79865430,0.385000,1,2,2,0.849537,24,16,1.000000,60.000,1,OK,DAMAGE DETECTED
1341.000,2.5000,0.81548909,0.385000,1,2,2,0.820483,24,16,1.000000,61.000,1,OK,DAMAGE DETECTED
1342.000,2.5000,0.82584295,0.385000,1,2,2,0.800561,24,16,1.000000,62.000,1,OK,DAMAGE DETECTED
1343.000,2.5000,0.82018331,0.385000,1,2,2,0.823109,24,16,1.000000,63.000,1,OK,DAMAGE DETECTED
1344.000,2.5000,0.79255676,0.385000,1,0,2,0.799379,24,16,1.000000,0.000,1,OK,DAMAGE DETECTED
1345.000,2.5000,0.77445517,0.385000,1,0,2,0.849505,24,16,1.000000,1.000,1,OK,DAMAGE DETECTED
1346.000,2.5000,0.80015473,0.385000,1,0,2,0.813862,24,16,1.000000,2.000,1,OK,DAMAGE DETECTED
1347.000,2.5000,0.79797067,0.385000,1,2,2,0.808325,24,16,1.000000,3.000,1,OK,DAMAGE DETECTED
1348.000,2.5000,0.77516040,0.385000,1,0,2,0.815425,24,16,1.000000,4.000,1,OK,DAMAGE DETECTED
1349.000,2.5000,0.80083378,0.385000,1,0,2,0.847347,24,16,1.000000,5.000,1,OK,DAMAGE DETECTED
1350.000,2.5000,0.78907292,0.385000,1,0,2,0.795424,24,16,1.000000,6.000,1,OK,DAMAGE DETECTED
1351.000,2.5000,0.78084297,0.385000,1,0,2,0.797301,24,16,1.000000,7.000,1,OK,DAMAGE DETECTED
1352.000,2.5000,0.77569439,0.385000,1,0,2,0.808327,24,16,1.000000,8.000,1,OK,DAMAGE DETECTED
1353.000,2.5000,0.78313934,0.385000,1,2,2,0.799280,24,16,1.000000,9.000,1,OK,DAMAGE DETECTED
1354.000,2.5000,0.78877227,0.385000,1,0,2,0.798778,24,16,1.000000,10.000,1,OK,DAMAGE DETECTED
1355.000,2.5000,0.78043121,0.385000,1,0,2,0.805626,24,16,1.000000,11.000,1,OK,DAMAGE DETECTED
1356.000,2.5000,0.79735050,0.385000,1,0,2,0.817168,24,16,1.000000,12.000,1,OK,DAMAGE DETECTED
1357.000,2.5000,0.77538915,0.385000,1,0,2,0.827278,24,16,1.000000,13.000,1,OK,DAMAGE DETECTED
1358.000,2.5000,0.74623129,0.385000,1,0,2,0.756894,24,16,1.000000,14.000,1,OK,DAMAGE DETECTED
1359.000,2.5000,0.79858614,0.385000,1,2,2,0.792185,24,16,1.000000,15.000,1,OK,DAMAGE DETECTED
1360.000,2.5000,0.79210413,0.385000,1,0,2,0.846974,24,16,1.000000,16.000,1,OK,DAMAGE DETECTED
1361.000,2.5000,0.77739889,0.385000,1,0,2,0.774285,24,16,1.000000,17.000,1,OK,DAMAGE DETECTED
1362.000,2.5000,0.76348457,0.385000,1,0,2,0.783199,24,16,1.000000,18.000,1,OK,DAMAGE DETECTED
1363.000,2.5000,0.77230864,0.385000,1,0,2,0.778767,24,16,1.000000,19.000,1,OK,DAMAGE DETECTED
1364.000,2.5000,0.78426020,0.385000,1,0,2,0.781263,24,16,1.000000,20.000,1,OK,DAMAGE DETECTED
1365.000,2.5000,0.76473339,0.385000,1,0,2,0.789806,24,16,1.000000,21.000,1,OK,DAMAGE DETECTED
1366.000,2.5000,0.78594847,0.385000,1,0,2,0.759463,24,16,1.000000,22.000,1,OK,DAMAGE DETECTED
1367.000,2.5000,0.78583737,0.385000,1,0,2,0.805548,24,16,1.000000,23.000,1,OK,DAMAGE DETECTED
1368.000,2.5000,0.77477427,0.385000,1,0,2,0.817765,24,16,1.000000,24.000,1,OK,DAMAGE DETECTED
1369.000,2.5000,0.77687534,0.385000,1,0,2,0.823608,24,16,1.000000,25.000,1,OK,DAMAGE DETECTED
1370.000,2.5000,0.79590751,0.385000,1,0,2,0.850432,24,16,1.000000,26.000,1,OK,DAMAGE DETECTED
1371.000,2.5000,0.76349133,0.385000,1,0,2,0.786650,24,16,1.000000,27.000,1,OK,DAMAGE DETECTED
1372.000,2.5000,0.77783070,0.385000,1,0,2,0.744720,24,16,1.000000,28.000,1,OK,DAMAGE DETECTED
1373.000,2.5000,0.77736806,0.385000,1,0,2,0.726514,24,16,1.000000,29.000,1,OK,DAMAGE DETECTED
1374.000,2.5000,0.75952933,0.385000,1,0,2,0.795873,24,16,1.000000,30.000,1,OK,DAMAGE DETECTED
1375.000,2.5000,0.77217465,0.385000,1,0,2,0.788948,24,16,1.000000,31.000,1,OK,DAMAGE DETECTED
1376.000,2.5000,0.77412215,0.385000,1,0,2,0.806979,24,16,1.000000,32.000,1,OK,DAMAGE DETECTED
1377.000,2.5000,0.76735767,0.385000,1,0,2,0.824721,24,16,1.000000,33.000,1,OK,DAMAGE DETECTED
1378.000,2.5000,0.78023204,0.385000,1,0,2,0.841611,24,16,1.000000,34.000,1,OK,DAMAGE DETECTED
1379.000,2.5000,0.78685617,0.385000,1,0,2,0.806513,24,16,1.000000,35.000,1,OK,DAMAGE DETECTED
1380.000,2.5000,0.78173772,0.385000,1,2,2,0.757308,24,16,1.000000,36.000,1,OK,DAMAGE DETECTED
1381.000,2.5000,0.78501332,0.385000,1,0,2,0.835982,24,16,1.000000,37.000,1,OK,DAMAGE DETECTED
1382.000,2.5000,0.78075890,0.385000,1,0,2,0.840607,24,16,1.000000,38.000,1,OK,DAMAGE DETECTED
1383.000,2.5000,0.78746602,0.385000,1,0,2,0.768427,24,16,1.000000,39.000,1,OK,DAMAGE DETECTED
1384.000,2.5000,0.78518212,0.385000,1,0,2,0.754432,24,16,1.000000,40.000,1,OK,DAMAGE DETECTED
1385.000,2.5000,0.77861743,0.385000,1,2,2,0.791073,24,16,1.000000,41.000,1,OK,DAMAGE DETECTED
1386.000,2.5000,0.78353593,0.385000,1,0,2,0.803493,24,16,1.000000,42.000,1,OK,DAMAGE DETECTED
1387.000,2.5000,0.79460990,0.385000,1,0,2,0.767340,24,16,1.000000,43.000,1,OK,DAMAGE DETECTED
1388.000,2.5000,0.77948005,0.385000,1,0,2,0.820833,24,16,1.000000,44.000,1,OK,DAMAGE DETECTED
1389.000,2.5000,0.77154873,0.385000,1,0,2,0.795838,24,16,1.000000,45.000,1,OK,DAMAGE DETECTED
1390.000,2.5000,0.78417382,0.385000,1,0,2,0.797977,24,16,1.000000,46.000,1,OK,DAMAGE DETECTED
1391.000,2.5000,0.78961272,0.385000,1,0,2,0.814808,24,16,1.000000,47.000,1,OK,DAMAGE DETECTED
1392.000,2.5000,0.77967350,0.385000,1,0,2,0.744781,24,16,1.000000,48.000,1,OK,DAMAGE DETECTED
1393.000,2.5000,0.75962306,0.385000,1,0,2,0.787343,24,16,1.000000,49.000,1,OK,DAMAGE DETECTED
1394.000,2.5000,0.78985252,0.385000,1,0,2,0.809401,24,16,1.000000,50.000,1,OK,DAMAGE DETECTED
1395.000,2.5000,0.77636472,0.385000,1,0,2,0.724088,24,16,1.000000,51.000,1,OK,DAMAGE DETECTED
1396.000,2.5000,0.78853707,0.385000,1,0,2,0.775871,24,16,1.000000,52.000,1,OK,DAMAGE DETECTED
1397.000,2.5000,0.78658669,0.385000,1,0,2,0.805073,24,16,1.000000,53.000,1,OK,DAMAGE DETECTED
1398.000,2.5000,0.76706823,0.385000,1,0,2,0.738023,24,16,1.000000,54.000,1,OK,DAMAGE DETECTED
1399.000,2.5000,0.78811108,0.385000,1,0,2,0.822073,24,16,1.000000,55.000,1,OK,DAMAGE DETECTED
1400.000,2.5000,0.77558819,0.385000,1,0,2,0.847095,24,16,1.000000,56.000,1,OK,DAMAGE DETECTED
1401.000,2.5000,0.78828885,0.385000,1,0,2,0.772690,24,16,1.000000,57.000,1,OK,DAMAGE DETECTED
1402.000,2.5000,0.78649824,0.385000,1,0,2,0.735768,24,16,1.000000,58.000,1,OK,DAMAGE DETECTED
1403.000,2.5000,0.79482190,0.385000,1,0,2,0.769913,24,16,1.000000,59.000,1,OK,DAMAGE DETECTED
1404.000,2.5000,0.77472825,0.385000,1,0,2,0.801723,24,16,1.000000,60.000,1,OK,DAMAGE DETECTED
1405.000,2.5000,0.78780046,0.385000,1,0,2,0.822695,24,16,1.000000,61.000,1,OK,DAMAGE DETECTED
1406.000,2.5000,0.79235534,0.385000,1,0,2,0.813833,24,16,1.000000,62.000,1,OK,DAMAGE DETECTED
1407.000,2.5000,0.78180316,0.385000,1,0,2,0.794032,24,16,1.000000,63.000,1,OK,DAMAGE DETECTED
1408.000,2.5000,0.81123646,0.385000,1,2,2,0.750447,24,16,1.000000,0.000,1,OK,DAMAGE DETECTED
