t_s,p_upper,p_lower,p_front,p_rear,p_mech1,p_mech2,p_mech3
0.000,0.13887625,0.11304805,0.41234531,0.33573040,0.30055442,0.16319226,0.53625332
1.000,0.09689580,0.26786103,0.27651401,0.35872915,0.50033337,0.24679512,0.25287151
2.000,0.30018180,0.08446856,0.26315781,0.35219182,0.33990475,0.31777091,0.34232434
3.000,0.13651656,0.09345008,0.37818446,0.39184889,0.23957074,0.14505546,0.61537381
4.000,0.40455339,0.04424046,0.26886220,0.28234395,0.32330988,0.38553431,0.29115581
5.000,0.32680172,0.06650376,0.27936075,0.32733377,0.39322015,0.35729089,0.24948896
6.000,0.27850341,0.05465380,0.29101459,0.37582819,0.45018226,0.17935901,0.37045873
7.000,0.11189293,0.18227614,0.37071010,0.33512084,0.42420693,0.23714076,0.33865231
8.000,0.06818707,0.35831524,0.30072425,0.27277344,0.45182359,0.22862212,0.31955429
9.000,0.31660865,0.06608971,0.39511400,0.22218764,0.50657049,0.22421270,0.26921681
10.000,0.27330156,0.12558699,0.42649480,0.17461665,0.45240762,0.22182724,0.32576514
11.000,0.19424404,0.08015530,0.36044180,0.36515886,0.26190567,0.29295517,0.44513916
12.000,0.14569803,0.17004348,0.39183993,0.29241856,0.34903781,0.21058282,0.44037937
13.000,0.32207646,0.06698833,0.42088345,0.19005176,0.41965055,0.29658009,0.28376935
14.000,0.47375960,0.02592554,0.26495728,0.23535758,0.36731611,0.20066004,0.43202385
15.000,0.09303905,0.16737574,0.38278390,0.35680131,0.31035307,0.23411277,0.45553416
16.000,0.19885209,0.11771051,0.34351144,0.33992596,0.37830832,0.25171443,0.36997725
17.000,0.10807416,0.34207472,0.31086989,0.23898123,0.43563362,0.32750187,0.23686451
18.000,0.06417628,0.24639180,0.40903052,0.28040140,0.28751291,0.15374786,0.55873923
19.000,0.02900724,0.51743180,0.27384468,0.17971628,0.53156532,0.16596929,0.30246540
20.000,0.26979840,0.02870700,0.30996306,0.39153154,0.28718136,0.12019912,0.59261952
21.000,0.41488923,0.02220283,0.33048882,0.23241912,0.26050169,0.15168125,0.58781706
22.000,0.10084819,0.32752087,0.26908288,0.30254806,0.46353321,0.29533414,0.24113265
23.000,0.21394853,0.20495189,0.36807926,0.21302032,0.31537280,0.49313697,0.19149023
24.000,0.17205084,0.10393623,0.37444229,0.34957065,0.28073308,0.25476826,0.46449867
25.000,0.25757508,0.18603434,0.27079683,0.28559375,0.40499602,0.20519255,0.38981143
26.000,0.13903840,0.27155653,0.35759609,0.23180898,0.48881012,0.26523017,0.24595971
27.000,0.28324184,0.04451228,0.27569210,0.39655378,0.27347550,0.24676958,0.47975492
28.000,0.28631433,0.13054617,0.34213116,0.24100834,0.42144809,0.33241842,0.24613349
29.000,0.09024930,0.19660421,0.35219385,0.36095263,0.38822410,0.20651514,0.40526076
30.000,0.24276833,0.26829120,0.22430655,0.26463392,0.46552852,0.26904367,0.26542781
31.000,0.30726550,0.06196691,0.30639214,0.32437545,0.31136595,0.30305744,0.38557661
32.000,0.10354984,0.09210624,0.36138620,0.44295772,0.28009869,0.20493427,0.51496704
33.000,0.44410962,0.02481789,0.25584023,0.27523226,0.26683062,0.10143642,0.63173296
34.000,0.04877596,0.24119436,0.29657891,0.41345077,0.26775870,0.18752297,0.54471833
35.000,0.47298857,0.08366970,0.20562080,0.23772093,0.47432130,0.27064903,0.25502967
36.000,0.12216329,0.13096736,0.42815859,0.31871076,0.29618023,0.20037584,0.50344393
37.000,0.15489250,0.07673459,0.33032622,0.43804669,0.24465721,0.16738942,0.58795337
38.000,0.18926659,0.11449102,0.32394378,0.37229860,0.41326272,0.11827833,0.46845895
39.000,0.29947296,0.08506040,0.30200108,0.31346556,0.33807331,0.38696229,0.27496440
40.000,0.15208804,0.26431821,0.25618762,0.32740613,0.33294405,0.24758540,0.41947055
41.000,0.12980126,0.19716821,0.27547973,0.39755080,0.41112211,0.23700702,0.35187086
42.000,0.14916806,0.16270707,0.32520069,0.36292418,0.40199102,0.25065738,0.34735160
43.000,0.26884753,0.06582218,0.27538280,0.38994750,0.33901450,0.17816615,0.48281935
44.000,0.08464786,0.09421196,0.43888927,0.38225092,0.19419446,0.06773296,0.73807259
45.000,0.45466891,0.04222980,0.30408983,0.19901145,0.51573222,0.21518456,0.26908322
46.000,0.38237554,0.03052448,0.27694256,0.31015743,0.33318601,0.10086536,0.56594863
47.000,0.27796298,0.05587619,0.28661838,0.37954246,0.30346282,0.24119617,0.45534100
48.000,0.07976495,0.45693133,0.22762389,0.23567983,0.45245923,0.36606632,0.18147445
49.000,0.05293564,0.25108099,0.30566472,0.39031865,0.41429512,0.17629323,0.40941165
50.000,0.16531929,0.16230756,0.42082814,0.25154502,0.37159519,0.32980584,0.29859897
51.000,0.15097017,0.11157619,0.39169039,0.34576324,0.31619065,0.14951530,0.53429405
52.000,0.06518842,0.13240714,0.32668346,0.47572099,0.22968616,0.05738083,0.71293301
53.000,0.26313279,0.08159230,0.38482413,0.27045078,0.29540774,0.15248968,0.55210257
54.000,0.36609884,0.03706822,0.37230301,0.22452993,0.41384247,0.13722708,0.44893045
55.000,0.13133271,0.11181417,0.32463173,0.43222139,0.25486297,0.24462364,0.50051340
56.000,0.24291769,0.08629731,0.34665682,0.32412817,0.41524654,0.24908451,0.33566895
57.000,0.27209025,0.11116779,0.32292324,0.29381872,0.46814216,0.26707234,0.26478549
58.000,0.23583282,0.12414502,0.34395631,0.29606586,0.38870682,0.30094669,0.31034649
59.000,0.20610304,0.16899822,0.35355001,0.27134873,0.34008398,0.34782310,0.31209292
60.000,0.19753377,0.07514141,0.28659178,0.44073304,0.28941366,0.14225594,0.56833040
61.000,0.26320183,0.08298688,0.30797467,0.34583662,0.41823319,0.15613008,0.42563672
62.000,0.08750035,0.16250430,0.27537459,0.47462076,0.29386012,0.30813509,0.39800478
63.000,0.43208380,0.05647281,0.23918553,0.27225786,0.41439808,0.28042346,0.30517845
64.000,0.41374803,0.19771113,0.22745853,0.16108231,0.18516407,0.34241788,0.47241805
65.000,0.10824210,0.25008941,0.27171249,0.36995600,0.19523567,0.05847982,0.74628451
66.000,0.28870533,0.27091299,0.19933631,0.24104538,0.19858217,0.28034938,0.52106845
67.000,0.03051696,0.60641182,0.15998819,0.20308303,0.27804739,0.18188907,0.54006354
68.000,0.17206271,0.27019013,0.27456863,0.28317853,0.29415302,0.13892184,0.56692514
69.000,0.20657516,0.21591870,0.32836383,0.24914232,0.26243418,0.11573640,0.62182941
70.000,0.11874234,0.41839362,0.16603276,0.29683128,0.28187233,0.31083500,0.40729267
71.000,0.12626610,0.24076557,0.35743566,0.27553266,0.24672270,0.11247267,0.64080463
72.000,0.07475940,0.40030596,0.31182396,0.21311068,0.30596898,0.20309764,0.49093338
73.000,0.04962601,0.47593777,0.23918417,0.23525205,0.27467253,0.22247371,0.50285377
74.000,0.16589135,0.25883230,0.21678327,0.35849308,0.35491345,0.20103487,0.44405168
75.000,0.07158191,0.33369038,0.22180698,0.37292072,0.23127203,0.15680202,0.61192594
76.000,0.16142363,0.31842947,0.24919166,0.27095525,0.34397295,0.16711532,0.48891173
77.000,0.04423646,0.57955490,0.19659310,0.17961555,0.20174161,0.28395518,0.51430321
78.000,0.28988028,0.39382078,0.16598141,0.15031752,0.32644340,0.34302175,0.33053485
79.000,0.04748776,0.65222135,0.11315479,0.18713610,0.36364794,0.17210161,0.46425046
80.000,0.12691214,0.40903556,0.23360899,0.23044330,0.28355522,0.15367825,0.56276653
81.000,0.06980142,0.70101750,0.11308913,0.11609195,0.39818165,0.26001763,0.34180072
82.000,0.11585877,0.45972943,0.15719637,0.26721543,0.23820241,0.30640265,0.45539494
83.000,0.03651278,0.74474684,0.10294904,0.11579134,0.38180099,0.23104894,0.38715007
84.000,0.02239892,0.74014341,0.13697889,0.10047878,0.38194793,0.32468675,0.29336532
85.000,0.12193474,0.53152285,0.13646926,0.21007315,0.32343506,0.38599766,0.29056728
86.000,0.06032965,0.51224353,0.14909145,0.27833536,0.36190445,0.19823481,0.43986074
87.000,0.05746154,0.33542819,0.32772213,0.27938815,0.22728301,0.12448893,0.64822806
88.000,0.07042192,0.57845647,0.16609520,0.18502641,0.39578266,0.25587528,0.34834206
89.000,0.25255032,0.11704040,0.35194119,0.27846809,0.26484396,0.07736550,0.65779054
90.000,0.35301199,0.18266965,0.33715379,0.12716458,0.20257922,0.35069436,0.44672642
91.000,0.09804757,0.23567307,0.24327880,0.42300056,0.25127684,0.12914819,0.61957497
92.000,0.07445848,0.51137679,0.14332492,0.27083982,0.20764076,0.23902412,0.55333512
93.000,0.05060573,0.33714920,0.24718689,0.36505818,0.24088448,0.11260868,0.64650684
94.000,0.01327624,0.79832324,0.08374375,0.10465677,0.40696405,0.26704296,0.32599299
95.000,0.01428182,0.80872889,0.08761218,0.08937711,0.30289088,0.25796384,0.43914528
96.000,0.12577717,0.32840047,0.26554804,0.28027432,0.28381747,0.26639302,0.44978950
97.000,0.04994120,0.69851458,0.15724113,0.09430310,0.41568926,0.22988458,0.35442616
98.000,0.05622643,0.40108569,0.25955063,0.28313724,0.26069054,0.12071399,0.61859546
99.000,0.15999051,0.33326028,0.22670275,0.28004645,0.27483384,0.13255518,0.59261099
100.000,0.28021662,0.07536972,0.25673791,0.38767575,0.26967218,0.11424025,0.61608757
101.000,0.05980399,0.41065597,0.23336962,0.29617042,0.24662907,0.15088428,0.60248665
102.000,0.32808789,0.13446806,0.24131758,0.29612648,0.34853168,0.12901504,0.52245328
103.000,0.10557866,0.34836321,0.19166079,0.35439734,0.24564056,0.27094099,0.48341845
104.000,0.68619907,0.03624622,0.11173159,0.16582311,0.37715699,0.22446371,0.39837930
105.000,0.08300785,0.43108580,0.23012527,0.25578108,0.23793750,0.17420413,0.58785837
106.000,0.05993813,0.59257957,0.18676635,0.16071595,0.26232907,0.17711189,0.56055904
107.000,0.10538104,0.43802226,0.16045565,0.29614104,0.31413973,0.25820936,0.42765091
108.000,0.26624278,0.28577882,0.22129057,0.22668783,0.22417063,0.31319310,0.46263628
109.000,0.27689277,0.07536469,0.28302147,0.36472108,0.17195958,0.09583421,0.73220621
110.000,0.19810051,0.24810431,0.29328040,0.26051478,0.20181817,0.34958177,0.44860006
111.000,0.06161046,0.60380002,0.16251943,0.17207009,0.25080122,0.25350522,0.49569357
112.000,0.03100559,0.58308962,0.19381912,0.19208567,0.20360517,0.10140015,0.69499468
113.000,0.01591020,0.69472410,0.10321227,0.18615343,0.36059100,0.10334225,0.53606674
114.000,0.10750604,0.25641005,0.26802858,0.36805533,0.28542763,0.19601112,0.51856125
115.000,0.07343588,0.32145990,0.30193935,0.30316488,0.22629749,0.12360339,0.65009912
116.000,0.14594996,0.27561820,0.27312891,0.30530293,0.19806310,0.17253560,0.62940130
117.000,0.12323511,0.35957912,0.26207546,0.25511030,0.33245033,0.26393999,0.40360968
118.000,0.17416211,0.17835595,0.39952061,0.24796133,0.21908339,0.20556777,0.57534884
119.000,0.13228576,0.35089141,0.29668969,0.22013314,0.27860885,0.09089224,0.63049892
120.000,0.07194691,0.52081603,0.21085150,0.19638555,0.28772931,0.19313314,0.51913754
121.000,0.16945857,0.33796228,0.19400321,0.29857594,0.24510830,0.37970646,0.37518524
122.000,0.08024793,0.50720442,0.22623170,0.18631594,0.30142965,0.28183042,0.41673992
123.000,0.11998119,0.24869876,0.30446114,0.32685890,0.15989187,0.17911988,0.66098825
124.000,0.03386965,0.72318638,0.08475238,0.15819159,0.37830183,0.33519482,0.28650335
125.000,0.08131912,0.44447673,0.18975089,0.28445326,0.25337871,0.14854793,0.59807335
126.000,0.03963733,0.52098594,0.23433796,0.20503877,0.23636002,0.25192796,0.51171202
127.000,0.03254853,0.66566001,0.18345054,0.11834092,0.34120184,0.34634380,0.31245436
128.000,0.12710697,0.06946514,0.41643495,0.38699294,0.37502597,0.29079247,0.33418156
129.000,0.17335978,0.02265627,0.35027656,0.45370738,0.42901337,0.12291876,0.44806787
130.000,0.42393507,0.01772884,0.27309486,0.28524124,0.41438785,0.38942696,0.19618519
131.000,0.19118933,0.08234108,0.35833329,0.36813630,0.36643542,0.20417765,0.42938692
132.000,0.28346068,0.02513403,0.39017720,0.30122809,0.36529376,0.17591653,0.45878971
133.000,0.20934310,0.13502511,0.30038372,0.35524807,0.36718587,0.40142133,0.23139280
134.000,0.11561734,0.09833621,0.45739980,0.32864666,0.45346333,0.22694130,0.31959537
135.000,0.14850811,0.08514934,0.35671835,0.40962420,0.49955059,0.26578131,0.23466810
136.000,0.25263265,0.02546699,0.38416412,0.33773624,0.28409519,0.17100299,0.54490182
137.000,0.10639617,0.18426300,0.35067228,0.35866855,0.41526048,0.19325319,0.39148633
138.000,0.28816155,0.02488286,0.31595460,0.37100099,0.39669758,0.21712316,0.38617926
139.000,0.20213182,0.05572733,0.33665983,0.40548101,0.43210812,0.19397918,0.37391269
140.000,0.14923322,0.10767062,0.44828533,0.29481083,0.39128984,0.18699938,0.42171078
141.000,0.39359498,0.01934032,0.37306918,0.21399552,0.62389263,0.16199290,0.21411447
142.000,0.17557844,0.05461184,0.45074600,0.31906372,0.47582174,0.18272762,0.34145064
143.000,0.13130725,0.10361257,0.39433553,0.37074464,0.42974831,0.27074809,0.29950360
144.000,0.31996492,0.02359865,0.38760432,0.26883211,0.45159374,0.20974573,0.33866054
145.000,0.20824830,0.07608720,0.35345977,0.36220472,0.52048641,0.21594803,0.26356557
146.000,0.20862972,0.03172747,0.35967224,0.39997057,0.34824380,0.30849449,0.34326170
147.000,0.27098626,0.04638080,0.31863944,0.36399351,0.53979931,0.23489558,0.22530512
148.000,0.59606067,0.01181953,0.24245408,0.14966572,0.46826485,0.28591712,0.24581802
149.000,0.33818735,0.03538398,0.34936308,0.27706560,0.47467956,0.29930287,0.22601756
150.000,0.16369228,0.07226893,0.38588883,0.37814996,0.34497120,0.22984526,0.42518355
151.000,0.19667983,0.04360710,0.43774954,0.32196353,0.46127956,0.08993230,0.44878814
152.000,0.14383598,0.11355874,0.38845668,0.35414859,0.51247759,0.25053083,0.23699157
153.000,0.15517752,0.04501507,0.40036277,0.39944464,0.42968804,0.16438304,0.40592892
154.000,0.07916144,0.06182857,0.48170772,0.37730227,0.36726960,0.09853421,0.53419619
155.000,0.29128217,0.02762024,0.32635628,0.35474131,0.32512521,0.20484765,0.47002714
156.000,0.11095346,0.09529705,0.45909787,0.33465161,0.46351530,0.24844714,0.28803756
157.000,0.26789382,0.04545841,0.30916690,0.37748087,0.39830027,0.25826022,0.34343951
158.000,0.33104334,0.03132918,0.38734661,0.25028087,0.49130406,0.28061828,0.22807766
159.000,0.13714700,0.08006503,0.52206912,0.26071885,0.37633710,0.15881211,0.46485078
160.000,0.10249490,0.16033952,0.36341872,0.37374686,0.54420037,0.16344385,0.29235578
161.000,0.29526091,0.01888507,0.42874673,0.25710728,0.34876995,0.11187958,0.53935047
162.000,0.19365286,0.04367405,0.30975129,0.45292180,0.34926543,0.29567418,0.35506039
163.000,0.07360237,0.27035209,0.38881279,0.26723276,0.59146822,0.29280876,0.11572302
164.000,0.09541040,0.08583410,0.27018638,0.54856912,0.42683767,0.20556034,0.36760199
165.000,0.33326366,0.03444994,0.41485107,0.21743533,0.57292758,0.17394619,0.25312624
166.000,0.16170661,0.02095789,0.32331093,0.49402456,0.25204200,0.15311490,0.59484311
167.000,0.15438618,0.11695246,0.34318481,0.38547655,0.39225582,0.36941366,0.23833053
168.000,0.35177826,0.03453111,0.30142159,0.31226903,0.46217683,0.31363598,0.22418719
169.000,0.25140752,0.02420861,0.41170349,0.31268038,0.45068304,0.10117185,0.44814512
170.000,0.13808662,0.10241108,0.44554273,0.31395957,0.41311910,0.30607617,0.28080473
171.000,0.22206082,0.02964942,0.43626685,0.31202290,0.35071662,0.16472202,0.48456136
172.000,0.27013176,0.03560399,0.33207433,0.36218992,0.43475861,0.23461693,0.33062445
173.000,0.21852383,0.05785007,0.33119374,0.39243236,0.50593284,0.20286310,0.29120406
174.000,0.36319162,0.04772372,0.32399793,0.26508673,0.43751424,0.20969519,0.35279057
175.000,0.11270340,0.05814266,0.43424734,0.39490660,0.40867131,0.15687643,0.43445226
176.000,0.23769414,0.05872409,0.35070594,0.35287584,0.45952591,0.21392623,0.32654787
177.000,0.07363085,0.16863700,0.45090726,0.30682489,0.52272262,0.28321733,0.19406004
178.000,0.13764982,0.12835456,0.42193784,0.31205779,0.68996006,0.18937409,0.12066585
179.000,0.15041701,0.02951565,0.35325108,0.46681626,0.50590016,0.20702802,0.28707182
180.000,0.17026900,0.03834734,0.36216033,0.42922334,0.52469796,0.21902017,0.25628187
181.000,0.26459654,0.01488508,0.30178358,0.41873480,0.34494750,0.21370492,0.44134757
182.000,0.14524518,0.05358951,0.46189431,0.33927100,0.39674877,0.29733858,0.30591265
183.000,0.09299694,0.07152416,0.36859473,0.46688417,0.42453661,0.28655209,0.28891130
184.000,0.10941013,0.13276542,0.43789806,0.31992639,0.43566241,0.23274470,0.33159289
185.000,0.14742974,0.05363436,0.45730795,0.34162795,0.27260754,0.21642277,0.51096969
186.000,0.08625949,0.10680703,0.35720317,0.44973031,0.28615058,0.22564634,0.48820308
187.000,0.36901049,0.02403173,0.28856010,0.31839768,0.40249812,0.24384042,0.35366145
188.000,0.14992511,0.07074970,0.40984143,0.36948375,0.42512807,0.20211023,0.37276171
189.000,0.32219319,0.02723451,0.35612029,0.29445201,0.38469978,0.14353100,0.47176922
190.000,0.12303735,0.04256531,0.38761162,0.44678572,0.45603789,0.25250277,0.29145934
191.000,0.19383933,0.03167091,0.32076862,0.45372114,0.40542925,0.21175309,0.38281766
192.000,0.17973558,0.21812023,0.28371711,0.31842708,0.43512268,0.30164276,0.26323456
193.000,0.15737712,0.13933773,0.37378328,0.32950186,0.34619476,0.14251989,0.51128535
194.000,0.38978668,0.08117775,0.28087599,0.24815958,0.33916618,0.29002956,0.37080426
195.000,0.21710880,0.29078570,0.26492994,0.22717556,0.41679059,0.33748192,0.24572749
196.000,0.02615593,0.69541688,0.14263563,0.13579156,0.42448624,0.33129537,0.24421839
197.000,0.08702401,0.20680930,0.38648027,0.31968642,0.24835372,0.09521042,0.65643586
198.000,0.39874273,0.04439541,0.21515573,0.34170613,0.39455745,0.26384891,0.34159364
199.000,0.23529447,0.14259008,0.40170285,0.22041259,0.42629494,0.16071757,0.41298749
200.000,0.09727062,0.23320121,0.38040751,0.28912066,0.32300908,0.16405357,0.51293734
201.000,0.32036555,0.17529992,0.28970635,0.21462818,0.38201437,0.37077344,0.24721219
202.000,0.09883982,0.31939720,0.28272236,0.29904061,0.43695902,0.32437455,0.23866643
203.000,0.22192211,0.20482993,0.30108884,0.27215912,0.44422763,0.28528076,0.27049162
204.000,0.10932685,0.33188232,0.22271010,0.33608072,0.41975920,0.40831734,0.17192346
205.000,0.22776327,0.13654420,0.39718569,0.23850684,0.36507829,0.13798589,0.49693582
206.000,0.17039767,0.24776651,0.31742382,0.26441200,0.36023177,0.31398510,0.32578313
207.000,0.20895946,0.07659699,0.38433386,0.33010969,0.32403907,0.15863458,0.51732635
208.000,0.13999673,0.18276328,0.29844092,0.37879907,0.45110299,0.33608381,0.21281320
209.000,0.39561765,0.05683567,0.23177908,0.31576760,0.27587377,0.45232794,0.27179828
210.000,0.20734815,0.10290980,0.37813846,0.31160359,0.25603378,0.25983038,0.48413584
211.000,0.36035942,0.04237064,0.23441894,0.36285100,0.27297167,0.35470457,0.37232376
212.000,0.08389151,0.33042159,0.32028888,0.26539802,0.35203039,0.18660109,0.46136853
213.000,0.27412993,0.12655426,0.34570620,0.25360961,0.44379274,0.26352262,0.29268465
214.000,0.28414987,0.09323563,0.27843439,0.34418011,0.36512210,0.30782492,0.32705298
215.000,0.07622886,0.31233651,0.29303461,0.31840002,0.42086416,0.18314974,0.39598610
216.000,0.09969056,0.24825975,0.35930401,0.29274569,0.39737257,0.12856104,0.47406639
217.000,0.12157203,0.12383881,0.37677901,0.37781015,0.30440020,0.09373052,0.60186928
218.000,0.10166906,0.39872379,0.29989878,0.19970836,0.45699198,0.14239849,0.40060953
219.000,0.07139394,0.22628647,0.46178616,0.24053343,0.33944532,0.15456828,0.50598640
220.000,0.19133647,0.08915390,0.27254462,0.44696502,0.25897157,0.19745771,0.54357072
221.000,0.11682870,0.16646033,0.35879110,0.35791987,0.46219907,0.20159725,0.33620368
222.000,0.12496513,0.18830219,0.25247253,0.43426015,0.45334509,0.11567031,0.43098460
223.000,0.05413335,0.26586539,0.31307474,0.36692652,0.33387320,0.20188946,0.46423734
224.000,0.29490865,0.11573877,0.35528041,0.23407217,0.36479209,0.21627944,0.41892848
225.000,0.11474634,0.57830970,0.17793202,0.12901195,0.48454244,0.35459733,0.16086022
226.000,0.14142945,0.25292321,0.29889569,0.30675164,0.36841890,0.31026598,0.32131512
227.000,0.15769094,0.20799152,0.33003563,0.30428191,0.50542162,0.18684585,0.30773253
228.000,0.08308889,0.31700594,0.35877480,0.24113037,0.35729103,0.20639929,0.43630968
229.000,0.15311162,0.16994936,0.34529434,0.33164467,0.42026989,0.20645040,0.37327971
230.000,0.13862557,0.19266741,0.40695080,0.26175622,0.38711160,0.19290348,0.41998492
231.000,0.08518109,0.13237242,0.38010662,0.40233986,0.25167802,0.15123504,0.59708693
232.000,0.11815708,0.27529239,0.29223182,0.31431871,0.38153379,0.16228394,0.45618228
233.000,0.16247291,0.20081757,0.26744905,0.36926047,0.39796885,0.26607769,0.33595346
234.000,0.11091835,0.25049895,0.34638763,0.29219508,0.25476136,0.22410665,0.52113199
235.000,0.05806644,0.26335499,0.30562026,0.37295831,0.35755014,0.21724607,0.42520379
236.000,0.10997286,0.18395118,0.30942077,0.39665519,0.33263965,0.20643525,0.46092510
237.000,0.04711772,0.44180684,0.26199434,0.24908110,0.40603096,0.20293475,0.39103428
238.000,0.09825490,0.28691617,0.34688288,0.26794605,0.55812943,0.12829688,0.31357369
239.000,0.12623412,0.20107504,0.30833411,0.36435673,0.35830796,0.28672133,0.35497071
240.000,0.05936653,0.54855057,0.24803010,0.14405280,0.58928994,0.22747486,0.18323520
241.000,0.26083710,0.05407819,0.33421249,0.35087222,0.31111437,0.16430775,0.52457788
242.000,0.09888615,0.10397356,0.36988635,0.42725393,0.33221955,0.08871126,0.57906919
243.000,0.16335727,0.10883046,0.31774065,0.41007162,0.31316454,0.21188349,0.47495197
244.000,0.01062483,0.75000202,0.11177985,0.12759331,0.44157403,0.35214939,0.20627658
245.000,0.48100315,0.08973858,0.18104416,0.24821411,0.39917084,0.31932318,0.28150598
246.000,0.15764902,0.18920797,0.36285078,0.29029223,0.29887996,0.19530763,0.50581241
247.000,0.17764324,0.08881348,0.41095272,0.32259056,0.31233527,0.10800373,0.57966100
248.000,0.10579548,0.31263388,0.27224114,0.30932950,0.45598356,0.27563044,0.26838600
249.000,0.09654635,0.26920231,0.30222813,0.33202322,0.36955528,0.16949522,0.46094950
250.000,0.30484744,0.04950216,0.28725522,0.35839517,0.28146203,0.28172511,0.43681286
251.000,0.19398068,0.11993143,0.34494504,0.34114285,0.31284637,0.31600455,0.37114908
252.000,0.30077387,0.10452767,0.27611323,0.31858523,0.45778596,0.37354885,0.16866519
253.000,0.26747895,0.18237815,0.32598851,0.22415438,0.47681684,0.23512617,0.28805699
254.000,0.10920877,0.12075886,0.24983951,0.52019286,0.29430309,0.15817068,0.54752623
255.000,0.20050400,0.12625757,0.37558017,0.29765827,0.44291511,0.20673879,0.35034610
256.000,0.14238883,0.04502866,0.31225061,0.50033190,0.27454761,0.12116897,0.60428343
257.000,0.13941436,0.06278909,0.40162096,0.39617558,0.31020113,0.13500408,0.55479479
258.000,0.20523066,0.08770852,0.35120585,0.35585497,0.44415483,0.26401622,0.29182895
259.000,0.13952479,0.10272452,0.36056866,0.39718202,0.35237793,0.20641211,0.44120996
260.000,0.13937727,0.09923785,0.39684035,0.36454454,0.41124763,0.17420810,0.41454426
261.000,0.22289102,0.04710970,0.30093347,0.42906581,0.42537548,0.17500467,0.39961985
262.000,0.08895515,0.14046402,0.36484365,0.40573718,0.40893262,0.20043975,0.39062762
263.000,0.26881426,0.06824256,0.36434907,0.29859411,0.42793476,0.22739780,0.34466744
264.000,0.17679585,0.05847227,0.32826605,0.43646584,0.34749113,0.18230784,0.47020103
265.000,0.13862261,0.10096667,0.36985123,0.39055949,0.42328193,0.13295145,0.44376662
266.000,0.08375421,0.15917987,0.36389232,0.39317360,0.42471011,0.15801460,0.41727529
267.000,0.17790893,0.05152673,0.33535199,0.43521234,0.32835438,0.13328045,0.53836517
268.000,0.28266261,0.05645782,0.31923302,0.34164655,0.40537815,0.19917103,0.39545081
269.000,0.09140488,0.16271802,0.35990642,0.38597068,0.38428751,0.15205424,0.46365825
270.000,0.25971729,0.05622254,0.31237067,0.37168950,0.43867974,0.15607287,0.40524740
271.000,0.27084969,0.04246558,0.30128785,0.38539688,0.40720812,0.21444693,0.37834495
272.000,0.23422806,0.05921961,0.31950167,0.38705066,0.41114660,0.25616947,0.33268393
273.000,0.11382949,0.12513931,0.33780082,0.42323038,0.39242917,0.22400280,0.38356803
274.000,0.10329874,0.13149133,0.31573764,0.44947229,0.40585290,0.19620456,0.39794254
275.000,0.17060928,0.07618277,0.35914570,0.39406225,0.39122574,0.19662720,0.41214707
276.000,0.11868563,0.13403967,0.32396738,0.42330732,0.41004805,0.26433168,0.32562026
277.000,0.17360253,0.07699750,0.36842854,0.38097142,0.36820110,0.16398362,0.46781528
278.000,0.10677462,0.12819728,0.36825993,0.39676818,0.41636230,0.27712999,0.30650771
279.000,0.20207982,0.04438865,0.33636954,0.41716199,0.36679314,0.18771698,0.44548988
280.000,0.10493713,0.14969040,0.35814501,0.38722746,0.46118860,0.24457355,0.29423785
281.000,0.15626015,0.06533978,0.32843771,0.44996236,0.39201368,0.17184626,0.43614006
282.000,0.16961708,0.12711571,0.34853598,0.35473123,0.36148423,0.16542034,0.47309544
283.000,0.18470049,0.06401270,0.41266218,0.33862463,0.40787747,0.19059187,0.40153066
284.000,0.17878305,0.06124489,0.38552433,0.37444774,0.37910449,0.19191666,0.42897885
285.000,0.23006687,0.07635965,0.31337953,0.38019395,0.46168628,0.27090140,0.26741232
286.000,0.06779529,0.17896744,0.33018737,0.42304990,0.38169506,0.17178215,0.44652279
287.000,0.14070994,0.11948276,0.34431076,0.39549654,0.34578996,0.28420930,0.37000074
288.000,0.21917678,0.06117434,0.30768640,0.41196247,0.36896941,0.24731446,0.38371613
289.000,0.11803522,0.13052702,0.34831142,0.40312634,0.42546550,0.16629098,0.40824352
290.000,0.15442693,0.12825637,0.33869959,0.37861711,0.42238777,0.22850340,0.34910883
291.000,0.11727209,0.12824377,0.34443757,0.41004658,0.38773552,0.21872954,0.39353493
292.000,0.10031700,0.10686588,0.34547746,0.44733966,0.36375440,0.17940000,0.45684560
293.000,0.10901001,0.09693236,0.37705235,0.41700529,0.36254292,0.22608183,0.41137524
294.000,0.17783098,0.08989458,0.33805904,0.39421541,0.37809011,0.17662228,0.44528761
295.000,0.15328137,0.08593028,0.39546068,0.36532768,0.35626255,0.20371429,0.44002316
296.000,0.08400602,0.16197621,0.36322929,0.39078847,0.43685419,0.21959967,0.34354614
297.000,0.20722912,0.06938399,0.28408610,0.43930078,0.39537899,0.22759568,0.37702532
298.000,0.27493570,0.08169627,0.32142362,0.32194442,0.51489001,0.17923256,0.30587743
299.000,0.19353768,0.08831982,0.35466135,0.36348114,0.39485287,0.18595858,0.41918855
300.000,0.15286926,0.08242556,0.37529050,0.38941468,0.37202652,0.22053806,0.40743542
301.000,0.12996625,0.09316444,0.39096523,0.38590407,0.34952899,0.16421876,0.48625225
302.000,0.35028423,0.02975128,0.28859370,0.33137080,0.42061631,0.16834368,0.41104001
303.000,0.13622254,0.07146595,0.38289741,0.40941410,0.32635312,0.19041500,0.48323188
304.000,0.09407124,0.21856210,0.28579218,0.40157448,0.49486198,0.20744844,0.29768958
305.000,0.19729660,0.05828334,0.35124481,0.39317525,0.36779098,0.18267331,0.44953571
306.000,0.14395188,0.09878112,0.35917457,0.39809243,0.41197422,0.18028480,0.40774098
307.000,0.12208325,0.13672413,0.35712493,0.38406769,0.40204037,0.25445522,0.34350442
308.000,0.06978747,0.18081442,0.32832626,0.42107185,0.40303233,0.15366781,0.44329987
309.000,0.20834866,0.07375850,0.36691809,0.35097475,0.43551035,0.26260935,0.30188029
310.000,0.22678188,0.05961629,0.36902265,0.34457918,0.33248401,0.21605102,0.45146497
311.000,0.16167713,0.09279209,0.41420531,0.33132547,0.35248331,0.21539147,0.43212522
312.000,0.14901752,0.06025616,0.42831678,0.36240954,0.34505441,0.19643202,0.45851356
313.000,0.19259279,0.04817849,0.36491250,0.39431622,0.30885784,0.16997618,0.52116598
314.000,0.12580275,0.08424715,0.30757419,0.48237591,0.34322029,0.14563632,0.51114338
315.000,0.15434448,0.13595843,0.38048745,0.32920964,0.40679438,0.16274382,0.43046180
316.000,0.18055402,0.05255051,0.38561522,0.38128025,0.33056750,0.19289736,0.47653514
317.000,0.18277874,0.09121674,0.32371588,0.40228865,0.46446670,0.18546211,0.35007120
318.000,0.14548540,0.08227945,0.38353453,0.38870062,0.33160252,0.14396008,0.52443739
319.000,0.17236708,0.05461856,0.32636819,0.44664618,0.38658825,0.19405875,0.41935300
320.000,0.09743496,0.07540568,0.41377058,0.41338878,0.39105776,0.22601002,0.38293222
321.000,0.16714527,0.05833336,0.36609202,0.40842935,0.38051355,0.20198660,0.41749985
322.000,0.18813207,0.05142781,0.37003862,0.39040150,0.43620263,0.27503896,0.28875841
323.000,0.25788826,0.05315110,0.37544493,0.31351571,0.50766212,0.21967591,0.27266196
324.000,0.07997504,0.10792050,0.43148665,0.38061780,0.34197303,0.16204690,0.49598007
325.000,0.16927969,0.06138767,0.45565271,0.31367993,0.40929159,0.27959136,0.31111704
326.000,0.22706287,0.02701338,0.39674412,0.34917962,0.33940409,0.11662197,0.54397393
327.000,0.26385520,0.02565160,0.30258929,0.40790392,0.44090453,0.20918214,0.34991333
328.000,0.13992776,0.05902705,0.43435908,0.36668611,0.37847084,0.21687643,0.40465274
329.000,0.24884529,0.03074855,0.34122470,0.37918146,0.41773392,0.20473493,0.37753114
330.000,0.27725638,0.02451352,0.34687365,0.35135645,0.42885225,0.20908621,0.36206154
331.000,0.17996585,0.04000610,0.33941130,0.44061675,0.35255269,0.18310445,0.46434286
332.000,0.22951672,0.02367511,0.30677721,0.44003096,0.36011669,0.24546642,0.39441689
333.000,0.14804169,0.07570102,0.40600376,0.37025353,0.43213051,0.22577058,0.34209891
334.000,0.26438241,0.04192390,0.34327033,0.35042335,0.45018321,0.19381681,0.35599999
335.000,0.25905309,0.02550955,0.34793365,0.36750372,0.38948684,0.21823846,0.39227469
336.000,0.20232574,0.05216221,0.43904143,0.30647062,0.34716886,0.27521913,0.37761201
337.000,0.17933828,0.05799754,0.38523472,0.37742947,0.53528546,0.16449755,0.30021699
338.000,0.22693896,0.02841222,0.35784152,0.38680731,0.41562804,0.16277435,0.42159760
339.000,0.09144660,0.09335324,0.38358511,0.43161505,0.38479837,0.20512757,0.41007406
340.000,0.19531973,0.03699842,0.39909948,0.36858237,0.38458896,0.15803890,0.45737214
341.000,0.12431514,0.03346925,0.37550494,0.46671067,0.31619091,0.17001655,0.51379254
342.000,0.25736133,0.03906434,0.33416500,0.36940932,0.46520336,0.23140031,0.30339633
343.000,0.27322112,0.02154779,0.34597835,0.35925274,0.43023143,0.16327258,0.40649599
344.000,0.19177533,0.04346763,0.39550497,0.36925208,0.36468975,0.19171029,0.44359996
345.000,0.12714190,0.09110643,0.42714113,0.35461055,0.41822609,0.21984929,0.36192462
346.000,0.31862721,0.03783567,0.35233750,0.29119962,0.42372340,0.26898679,0.30728982
347.000,0.13749397,0.04576393,0.39796239,0.41877971,0.45161550,0.18396162,0.36442288
348.000,0.27046266,0.03084037,0.36757272,0.33112426,0.39495875,0.19201329,0.41302796
349.000,0.14768364,0.08384450,0.34329646,0.42517540,0.39900984,0.29101462,0.30997554
350.000,0.09123630,0.08579407,0.38134419,0.44162544,0.41753231,0.27397753,0.30849017
351.000,0.09512950,0.14561165,0.45652921,0.30272964,0.39864541,0.31317000,0.28818458
352.000,0.09478017,0.07386679,0.35874559,0.47260744,0.34791000,0.23194365,0.42014634
353.000,0.18235104,0.05297584,0.37205090,0.39262222,0.42743262,0.26355762,0.30900975
354.000,0.13838748,0.05379635,0.40559517,0.40222100,0.31833905,0.19459505,0.48706590
355.000,0.14353225,0.08383656,0.43474986,0.33788132,0.37309586,0.18756085,0.43934328
356.000,0.34568989,0.02087791,0.28300405,0.35042816,0.36574590,0.21008614,0.42416796
357.000,0.21057303,0.03068975,0.41066214,0.34807509,0.39470954,0.16429251,0.44099795
358.000,0.16595266,0.04620760,0.44132028,0.34651947,0.34682219,0.14866062,0.50451720
359.000,0.42406742,0.01265214,0.29113899,0.27214145,0.42346519,0.15160184,0.42493297
360.000,0.09796770,0.06189044,0.39143506,0.44870680,0.37274404,0.19477787,0.43247809
361.000,0.09853046,0.06578257,0.40622122,0.42946575,0.35197839,0.20110606,0.44691554
362.000,0.15613924,0.04648171,0.36465499,0.43272407,0.38869549,0.17141933,0.43988519
363.000,0.19777077,0.03460561,0.35975830,0.40786532,0.38535117,0.19862787,0.41602096
364.000,0.19726662,0.03634483,0.39384719,0.37254136,0.38313668,0.20055843,0.41630489
365.000,0.18996820,0.03760484,0.40014594,0.37228102,0.36369026,0.19730645,0.43900329
366.000,0.20258097,0.03664205,0.39484190,0.36593508,0.36428259,0.25382464,0.38189277
367.000,0.20510147,0.02792881,0.30424556,0.46272416,0.33600271,0.18967285,0.47432445
368.000,0.27150156,0.02261246,0.37490759,0.33097839,0.32796813,0.16591048,0.50612139
369.000,0.14948768,0.05739519,0.39315124,0.39996590,0.42254946,0.24335853,0.33409201
370.000,0.35705541,0.02145867,0.29390856,0.32757735,0.42354644,0.26487545,0.31157811
371.000,0.11517083,0.04779583,0.41094456,0.42608877,0.35756596,0.23710170,0.40533234
372.000,0.34228250,0.01933030,0.32849922,0.30988798,0.47932605,0.15276972,0.36790422
373.000,0.20554344,0.05058536,0.30239560,0.44147560,0.42515690,0.29196687,0.28287623
374.000,0.17743426,0.06140782,0.35238331,0.40877461,0.47355003,0.19010933,0.33634065
375.000,0.21015457,0.03063038,0.34777932,0.41143573,0.38002360,0.18257351,0.43740289
376.000,0.15191237,0.02761436,0.37077849,0.44969478,0.32767078,0.19823533,0.47409389
377.000,0.16618667,0.06180794,0.39206476,0.37994063,0.44811644,0.25113560,0.30074796
378.000,0.08608347,0.05088829,0.38508882,0.47793941,0.33861466,0.16439165,0.49699369
379.000,0.24138052,0.03613142,0.27987494,0.44261313,0.37343729,0.28407889,0.34248382
380.000,0.19034687,0.03593204,0.32282080,0.45090029,0.34859762,0.22078763,0.43061475
381.000,0.24977970,0.02491178,0.37327010,0.35203842,0.35349323,0.14735111,0.49915565
382.000,0.16810480,0.04208623,0.36120360,0.42860537,0.45986209,0.15621320,0.38392471
383.000,0.21812905,0.02555641,0.31940509,0.43690944,0.38617505,0.20173256,0.41209239
384.000,0.26213108,0.01971424,0.39237413,0.32578056,0.38845815,0.16134748,0.45019437
385.000,0.21290704,0.05878343,0.41300479,0.31530475,0.45406177,0.23091557,0.31502267
386.000,0.22247585,0.07003467,0.36426130,0.34322818,0.40646417,0.33769856,0.25583727
387.000,0.31242560,0.02453165,0.32512126,0.33792148,0.42713490,0.18778794,0.38507716
388.000,0.22563925,0.03738312,0.41018868,0.32678895,0.41308538,0.21183671,0.37507791
389.000,0.24723132,0.04465151,0.43269911,0.27541806,0.40991732,0.24673152,0.34335115
390.000,0.32654483,0.02840021,0.38246929,0.26258568,0.38016440,0.19531416,0.42452145
391.000,0.23256417,0.03115065,0.34869194,0.38759323,0.45809854,0.16359927,0.37830219
392.000,0.30639436,0.04088185,0.38373278,0.26899102,0.39012603,0.27352046,0.33635350
393.000,0.21041214,0.04723913,0.32563539,0.41671333,0.49264327,0.25858129,0.24877544
394.000,0.21660090,0.03629955,0.37134237,0.37575718,0.37637367,0.17407707,0.44954926
395.000,0.25610528,0.04875790,0.33010416,0.36503265,0.45917938,0.30200268,0.23881794
396.000,0.22278460,0.02684683,0.35660934,0.39375924,0.42803887,0.19909846,0.37286267
397.000,0.26338174,0.04881171,0.35276297,0.33504358,0.42478609,0.30824892,0.26696499
398.000,0.10980651,0.10941579,0.38679058,0.39398711,0.43364045,0.25531409,0.31104545
399.000,0.16046674,0.05844183,0.46058854,0.32050289,0.43511140,0.13625700,0.42863160
400.000,0.16244416,0.06647802,0.40715875,0.36391907,0.39537971,0.20628577,0.39833451
401.000,0.22465682,0.04661237,0.45981186,0.26891894,0.37066840,0.23171692,0.39761468
402.000,0.20268305,0.04655512,0.36968118,0.38108065,0.39378706,0.23897878,0.36723416
403.000,0.25662162,0.02632133,0.35520444,0.36185260,0.41100971,0.21483914,0.37415115
404.000,0.30196501,0.02589085,0.28735749,0.38478664,0.39322168,0.31219171,0.29458661
405.000,0.18221736,0.06741103,0.34262077,0.40775084,0.41804650,0.23263541,0.34931809
406.000,0.17756960,0.03682423,0.42082351,0.36478266,0.35372977,0.18214423,0.46412600
407.000,0.34780607,0.01804332,0.33014995,0.30400065,0.39518956,0.18760151,0.41720893
408.000,0.24346713,0.05800911,0.37117419,0.32734957,0.44833984,0.29939030,0.25226985
409.000,0.36273091,0.02963868,0.31503763,0.29259279,0.45579401,0.20568621,0.33851978
410.000,0.28766912,0.04306170,0.39998488,0.26928430,0.49727410,0.19601254,0.30671336
411.000,0.26426667,0.04354286,0.40786269,0.28432778,0.47214310,0.19840415,0.32945275
412.000,0.29208433,0.02653228,0.31667129,0.36471209,0.37488736,0.21828803,0.40682462
413.000,0.26453223,0.04431217,0.40215463,0.28900097,0.42486166,0.22429197,0.35084637
414.000,0.22943916,0.06090971,0.39372562,0.31592551,0.43294836,0.32856207,0.23848957
415.000,0.42219598,0.01997420,0.28691629,0.27091353,0.51371109,0.23026367,0.25602524
416.000,0.30720922,0.02585462,0.36672553,0.30021063,0.42837405,0.24458040,0.32704555
417.000,0.20771846,0.04812712,0.35850647,0.38564794,0.35695792,0.20483253,0.43820956
418.000,0.33108184,0.03200164,0.32467546,0.31224106,0.48595253,0.19561991,0.31842756
419.000,0.20921987,0.04159473,0.39420574,0.35497966,0.40945759,0.16127535,0.42926706
420.000,0.15270120,0.09512432,0.41029751,0.34187697,0.39766248,0.34365783,0.25867969
421.000,0.18712868,0.05224653,0.36988687,0.39073792,0.40142437,0.22399251,0.37458312
422.000,0.19057997,0.07267013,0.42083006,0.31591985,0.49133580,0.25024426,0.25841994
423.000,0.24753196,0.08291064,0.40075901,0.26879839,0.48264577,0.28017575,0.23717848
424.000,0.22883965,0.05166642,0.38490643,0.33458751,0.46969528,0.22026431,0.31004041
425.000,0.22672378,0.04904251,0.34856969,0.37566402,0.44626074,0.24022816,0.31351110
426.000,0.12176061,0.05736942,0.45042355,0.37044643,0.36337434,0.15751940,0.47910626
427.000,0.31193334,0.01960499,0.33616870,0.33229296,0.38833411,0.18444106,0.42722482
428.000,0.20009628,0.05342329,0.36931589,0.37716454,0.44767653,0.21488999,0.33743347
429.000,0.21675929,0.03333538,0.36226762,0.38763771,0.40466858,0.18440187,0.41092955
430.000,0.20463197,0.04513970,0.42184524,0.32838309,0.48890464,0.19317309,0.31792227
431.000,0.16510865,0.05077245,0.42120900,0.36290990,0.40720238,0.21349081,0.37930681
432.000,0.19718968,0.06039001,0.38432611,0.35809419,0.47774294,0.26254503,0.25971202
433.000,0.23905329,0.02698148,0.37434977,0.35961545,0.42493699,0.15561821,0.41944480
434.000,0.42249543,0.03018616,0.31619199,0.23112642,0.46919398,0.24830571,0.28250031
435.000,0.27628976,0.02338484,0.41874691,0.28157849,0.45676913,0.16043577,0.38279510
436.000,0.14581459,0.05504071,0.42729097,0.37185373,0.39401661,0.26812674,0.33785665
437.000,0.18757401,0.03307252,0.38607980,0.39327367,0.40428864,0.18132057,0.41439079
438.000,0.30747357,0.02244989,0.36737610,0.30270044,0.35282364,0.22569166,0.42148470
439.000,0.20011002,0.05314330,0.37044852,0.37629816,0.45888840,0.18888728,0.35222432
440.000,0.25093001,0.02878774,0.38306954,0.33721271,0.37107523,0.26135844,0.36756634
441.000,0.19128982,0.05232338,0.39350574,0.36288106,0.36958661,0.19583306,0.43458033
442.000,0.29840215,0.02783927,0.38621057,0.28754801,0.45756270,0.23856382,0.30387348
443.000,0.28141149,0.06319281,0.37106189,0.28433381,0.44769997,0.31035036,0.24194967
444.000,0.18660518,0.05372517,0.34434254,0.41532711,0.40739494,0.15712695,0.43547811
445.000,0.20576212,0.06389996,0.33263888,0.39769903,0.46142579,0.31856496,0.22000925
446.000,0.13309830,0.04279152,0.39563534,0.42847483,0.32850669,0.16746161,0.50403170
447.000,0.20073339,0.02260871,0.39157381,0.38508409,0.27862972,0.14705645,0.57431384
448.000,0.23072602,0.09369369,0.38170324,0.29387705,0.41708687,0.26266607,0.32024705
449.000,0.20739322,0.10673940,0.38059613,0.30527125,0.42663576,0.24322588,0.33013836
450.000,0.21291118,0.12814714,0.37186722,0.28707446,0.41029208,0.27243158,0.31727633
451.000,0.20916272,0.15044380,0.35731850,0.28307498,0.39388833,0.28712362,0.31898805
452.000,0.19868298,0.13059760,0.36723188,0.30348754,0.42554730,0.27024079,0.30421190
453.000,0.17233036,0.14572728,0.36982499,0.31211736,0.41228463,0.26110239,0.32661298
454.000,0.22732298,0.09205270,0.39339877,0.28722554,0.44814428,0.25620866,0.29564706
455.000,0.23074733,0.12155004,0.35332653,0.29437610,0.42803558,0.27139358,0.30057084
456.000,0.24316775,0.14017770,0.33524211,0.28141244,0.39528361,0.31393670,0.29077969
457.000,0.23201530,0.10974248,0.37721844,0.28102377,0.37197243,0.25736035,0.37066722
458.000,0.25088095,0.11869380,0.34140951,0.28901574,0.42394550,0.28150166,0.29455284
459.000,0.24524349,0.09894273,0.36054732,0.29526646,0.40226663,0.27067960,0.32705377
460.000,0.19253506,0.13508230,0.36556057,0.30682207,0.42349952,0.26956769,0.30693279
461.000,0.18705988,0.13209538,0.37718876,0.30365598,0.40579758,0.24317845,0.35102396
462.000,0.23427752,0.10254104,0.39148488,0.27169656,0.41551006,0.25357856,0.33091137
463.000,0.18095459,0.13250042,0.37550634,0.31103865,0.41427834,0.26882520,0.31689646
464.000,0.20842907,0.11279101,0.37492266,0.30385727,0.44610314,0.27780704,0.27608982
465.000,0.22424670,0.09152410,0.40052569,0.28370352,0.43350765,0.28615957,0.28033278
466.000,0.19479094,0.11192293,0.38457702,0.30870911,0.42238464,0.23616814,0.34144721
467.000,0.22560379,0.12030455,0.34712384,0.30696782,0.41669327,0.29297657,0.29033017
468.000,0.20782215,0.10244219,0.38400016,0.30573549,0.45298793,0.27723168,0.26978039
469.000,0.22719828,0.09769231,0.37520668,0.29990273,0.42356443,0.27378220,0.30265337
470.000,0.21647695,0.10523925,0.37406405,0.30421975,0.43882041,0.26094320,0.30023639
471.000,0.22938104,0.09745866,0.38167124,0.29148907,0.44633489,0.27246879,0.28119632
472.000,0.20543622,0.14732134,0.35070224,0.29654020,0.40587357,0.31681205,0.27731438
473.000,0.20786702,0.13491760,0.36478774,0.29242764,0.42036245,0.25630232,0.32333523
474.000,0.18091662,0.15382048,0.34897780,0.31628511,0.42218109,0.26163407,0.31618485
475.000,0.19627579,0.17447227,0.32866062,0.30059132,0.40933949,0.30732250,0.28333801
476.000,0.18742132,0.13937642,0.37655145,0.29665081,0.42460722,0.25056217,0.32483061
477.000,0.17455780,0.14834105,0.36198865,0.31511251,0.41755286,0.26503032,0.31741681
478.000,0.23641575,0.11816617,0.35517652,0.29024156,0.40068911,0.27840985,0.32090104
479.000,0.24814555,0.10234557,0.37495607,0.27455281,0.41957312,0.28112523,0.29930164
480.000,0.21503700,0.13977755,0.35251046,0.29267499,0.44069531,0.29890918,0.26039551
481.000,0.20244615,0.12380209,0.35470764,0.31904411,0.41793400,0.31291916,0.26914684
482.000,0.18862704,0.13498443,0.37068933,0.30569920,0.41510576,0.28200246,0.30289178
483.000,0.17515936,0.16462602,0.35808323,0.30213140,0.42600966,0.29005833,0.28393200
484.000,0.21828920,0.09648479,0.37254205,0.31268397,0.43144775,0.25353822,0.31501403
485.000,0.24786578,0.10892109,0.37136605,0.27184708,0.42225568,0.26160966,0.31613466
486.000,0.23648968,0.09693110,0.38325059,0.28332863,0.43271746,0.24486876,0.32241378
487.000,0.21467651,0.10329603,0.36552770,0.31649976,0.45229247,0.27005437,0.27765316
488.000,0.18444884,0.14018255,0.37147581,0.30389280,0.42946218,0.27832749,0.29221033
489.000,0.23581660,0.08304503,0.38776006,0.29337832,0.43616355,0.24084050,0.32299595
490.000,0.24730330,0.09194636,0.36912281,0.29162753,0.42475077,0.25147546,0.32377377
491.000,0.16598514,0.16043206,0.38133633,0.29224646,0.40974400,0.27779405,0.31246194
492.000,0.26387706,0.09264001,0.38712558,0.25635734,0.40667527,0.27647150,0.31685323
493.000,0.19257483,0.10226314,0.39305737,0.31210466,0.40817539,0.23397971,0.35784490
494.000,0.22553045,0.12644795,0.36191510,0.28610649,0.41981534,0.30439019,0.27579448
495.000,0.20648409,0.11544497,0.37083952,0.30723141,0.42743733,0.26267474,0.30988793
496.000,0.21589140,0.12923243,0.35691291,0.29796326,0.42935420,0.31908793,0.25155787
497.000,0.17249894,0.14568670,0.35233508,0.32947929,0.43469236,0.29098062,0.27432701
498.000,0.24857953,0.09479467,0.34936873,0.30725707,0.41481441,0.27996294,0.30522265
499.000,0.21245445,0.09478833,0.39015326,0.30260396,0.43629248,0.24985711,0.31385040
500.000,0.18609381,0.13673222,0.37861499,0.29855898,0.43718246,0.29897765,0.26383988
501.000,0.18377769,0.16723853,0.36331159,0.28567219,0.40930766,0.27889565,0.31179669
502.000,0.21997308,0.14215596,0.37161844,0.26625252,0.42218456,0.32400871,0.25380673
503.000,0.17816003,0.12087209,0.38347373,0.31749415,0.43224159,0.28815017,0.27960824
504.000,0.20094732,0.09513685,0.42134365,0.28257217,0.42764467,0.25421451,0.31814082
505.000,0.24231347,0.11151856,0.36725346,0.27891451,0.40680833,0.28079111,0.31240056
506.000,0.16324582,0.17559015,0.36110865,0.30005538,0.42767453,0.28432464,0.28800083
507.000,0.18616633,0.13993555,0.37125482,0.30264330,0.41427215,0.27507400,0.31065385
508.000,0.24429642,0.11459582,0.34279537,0.29831239,0.41422986,0.29129102,0.29447912
509.000,0.19760096,0.13641226,0.35360784,0.31237894,0.43485099,0.27143077,0.29371823
510.000,0.21512979,0.12884016,0.36745102,0.28857903,0.40886832,0.29129297,0.29983871
511.000,0.21957071,0.13615106,0.34635375,0.29792448,0.39735779,0.28031617,0.32232603
512.000,0.11364640,0.62489518,0.13053593,0.13092249,0.21820443,0.44663040,0.33516517
513.000,0.10029039,0.65730040,0.11248660,0.12992261,0.21070964,0.44607154,0.34321882
514.000,0.12206690,0.61655888,0.13104998,0.13032425,0.22516551,0.44907727,0.32575721
515.000,0.13035420,0.62568629,0.11772202,0.12623749,0.22880659,0.44900370,0.32218972
516.000,0.11747891,0.62824586,0.12472493,0.12955029,0.20459242,0.42939595,0.36601163
517.000,0.16815857,0.58928114,0.12831258,0.11424770,0.20284792,0.48434316,0.31280891
518.000,0.13512295,0.58426785,0.13900630,0.14160289,0.23381512,0.41859572,0.34758916
519.000,0.14510791,0.57734053,0.14328839,0.13426316,0.22989946,0.44044733,0.32965321
520.000,0.12692593,0.57557984,0.15094560,0.14654863,0.26062078,0.39097955,0.34839967
521.000,0.12369364,0.59136657,0.13627744,0.14866235,0.22004856,0.44856199,0.33138946
522.000,0.11157637,0.63068066,0.12848201,0.12926097,0.21252903,0.45011271,0.33735825
523.000,0.12101045,0.58085571,0.15089918,0.14723465,0.22114275,0.43094634,0.34791091
524.000,0.13832540,0.59014027,0.12813468,0.14339965,0.21305367,0.43300435,0.35394198
525.000,0.12015118,0.62503779,0.12729457,0.12751647,0.23057579,0.45311980,0.31630441
526.000,0.10792459,0.62672258,0.12924581,0.13610702,0.22161291,0.42698275,0.35140434
527.000,0.11986643,0.63583667,0.12436618,0.11993072,0.20992787,0.47077640,0.31929573
528.000,0.13638027,0.60158324,0.12961943,0.13241706,0.22710957,0.45623476,0.31665567
529.000,0.10445288,0.64278262,0.12563159,0.12713291,0.21365319,0.47591750,0.31042931
530.000,0.16202976,0.55100798,0.14339120,0.14357106,0.22473946,0.48540548,0.28985506
531.000,0.11521713,0.62454109,0.12956676,0.13067502,0.23250608,0.44632705,0.32116687
532.000,0.14000874,0.56625095,0.14846011,0.14528020,0.23445691,0.42442292,0.34112017
533.000,0.14900398,0.57157888,0.14336942,0.13604772,0.23609955,0.47226450,0.29163596
534.000,0.11821332,0.61814232,0.13024488,0.13339947,0.21605125,0.42786291,0.35608584
535.000,0.09780653,0.65852525,0.12172174,0.12194648,0.22233860,0.43926175,0.33839965
536.000,0.10470475,0.64950809,0.12516154,0.12062562,0.22038824,0.45023615,0.32937561
537.000,0.11995183,0.58507146,0.14964563,0.14533108,0.24164667,0.40140990,0.35694343
538.000,0.10402545,0.65644753,0.11525677,0.12427025,0.21460824,0.46222539,0.32316637
539.000,0.12156419,0.61791345,0.12712527,0.13339709,0.21204867,0.45410468,0.33384665
540.000,0.13357893,0.57772032,0.13791880,0.15078194,0.21589146,0.41494521,0.36916332
541.000,0.10702745,0.64118616,0.12154237,0.13024403,0.23328047,0.44922351,0.31749601
542.000,0.12220646,0.60138068,0.13626750,0.14014536,0.21031025,0.41739157,0.37229818
543.000,0.15886794,0.54012189,0.15382579,0.14718438,0.22674969,0.41384772,0.35940259
544.000,0.09728518,0.65494977,0.12249602,0.12526903,0.21646591,0.48295258,0.30058151
545.000,0.13712954,0.59198872,0.13367220,0.13720954,0.20583347,0.49084663,0.30331989
546.000,0.10722056,0.65409899,0.11953480,0.11914565,0.20878927,0.46409294,0.32711779
547.000,0.09759131,0.64331767,0.12204982,0.13704120,0.22009598,0.41247477,0.36742925
548.000,0.12741082,0.59852822,0.13298514,0.14107583,0.22373602,0.44130182,0.33496216
549.000,0.14324274,0.57559643,0.13940902,0.14175180,0.26187810,0.43546402,0.30265788
550.000,0.13694187,0.59141029,0.13766748,0.13398036,0.22152027,0.45069123,0.32778850
551.000,0.11823241,0.61641829,0.13539079,0.12995851,0.22462840,0.44266188,0.33270972
552.000,0.10467995,0.66681981,0.11107619,0.11742405,0.21021149,0.47773880,0.31204971
553.000,0.10464408,0.58979361,0.16025695,0.14530537,0.23484745,0.41520393,0.34994863
554.000,0.15263743,0.53296221,0.16166944,0.15273091,0.23802386,0.41710361,0.34487253
555.000,0.14444843,0.59795909,0.13360635,0.12398613,0.22615429,0.44137827,0.33246743
556.000,0.10876511,0.64509956,0.12505822,0.12107712,0.22543787,0.43399062,0.34057151
557.000,0.13353807,0.61026035,0.13013429,0.12606729,0.20202450,0.48780672,0.31016878
558.000,0.08351815,0.68453103,0.11149713,0.12045369,0.21376185,0.42733180,0.35890634
559.000,0.10319906,0.61247793,0.13679316,0.14752985,0.22482283,0.40844876,0.36672841
560.000,0.11960330,0.58035973,0.15257825,0.14745873,0.24115386,0.40701856,0.35182758
561.000,0.12517409,0.59700148,0.14052213,0.13730230,0.21205961,0.43987381,0.34806658
562.000,0.12460501,0.59134930,0.14933073,0.13471496,0.22323537,0.41378600,0.36297863
563.000,0.16256610,0.58256125,0.13206277,0.12280989,0.23074108,0.48182443,0.28743449
564.000,0.12499299,0.61279037,0.12681093,0.13540571,0.21948515,0.46059706,0.31991779
565.000,0.11202590,0.62549215,0.12578182,0.13670013,0.25009472,0.42517818,0.32472710
566.000,0.16382337,0.54057487,0.15067712,0.14492464,0.23061428,0.46080483,0.30858089
567.000,0.12117241,0.60843256,0.12942339,0.14097164,0.21204392,0.46206471,0.32589137
568.000,0.14472968,0.57190897,0.13539771,0.14796365,0.22652879,0.45314123,0.32032998
569.000,0.11371677,0.60891345,0.13896807,0.13840172,0.23126770,0.41678454,0.35194777
570.000,0.11374771,0.63661525,0.12426135,0.12537569,0.22674723,0.43197694,0.34127583
571.000,0.11020530,0.61059495,0.14662602,0.13257373,0.23831604,0.40603184,0.35565212
572.000,0.07891077,0.67387186,0.12228178,0.12493559,0.22796689,0.45360181,0.31843130
573.000,0.12887158,0.60025675,0.12804920,0.14282247,0.21607322,0.45340033,0.33052645
574.000,0.12207239,0.63241026,0.11755366,0.12796370,0.20854093,0.48386048,0.30759860
575.000,0.11905896,0.63193954,0.12433102,0.12467048,0.22433866,0.46767168,0.30798966
576.000,0.10320974,0.45600755,0.19704920,0.24373352,0.26478679,0.41656018,0.31865303
577.000,0.10578237,0.47764351,0.19618416,0.22038996,0.27634372,0.42751759,0.29613869
578.000,0.12038131,0.44769466,0.20560367,0.22632036,0.27792789,0.39513458,0.32693754
579.000,0.11114413,0.47916782,0.18270606,0.22698199,0.25770012,0.45687790,0.28542198
580.000,0.11119374,0.48194924,0.19178296,0.21507406,0.24332724,0.48762974,0.26904302
581.000,0.13296780,0.46801165,0.20077321,0.19824734,0.25950873,0.47931556,0.26117571
582.000,0.10260793,0.49874922,0.19450159,0.20414127,0.25533647,0.47255081,0.27211272
583.000,0.12171209,0.46143646,0.19249792,0.22435353,0.25649163,0.45579448,0.28771388
584.000,0.13476781,0.42983033,0.19886848,0.23653338,0.25778846,0.45105795,0.29115359
585.000,0.12050449,0.43434285,0.19872563,0.24642703,0.27819992,0.42941776,0.29238232
586.000,0.15231355,0.39998725,0.20460176,0.24309743,0.26500663,0.41709144,0.31790193
587.000,0.14390339,0.40783149,0.18954228,0.25872284,0.26939817,0.45488465,0.27571718
588.000,0.12881319,0.42203265,0.19416478,0.25498938,0.25544908,0.47791320,0.26663772
589.000,0.12279914,0.45631178,0.19393474,0.22695434,0.24717966,0.48564622,0.26717411
590.000,0.15089457,0.40204238,0.21604025,0.23102280,0.26277674,0.45021266,0.28701060
591.000,0.11489401,0.45702111,0.20515366,0.22293122,0.25622353,0.46233454,0.28144194
592.000,0.14380212,0.40691345,0.22584771,0.22343672,0.27343780,0.42896821,0.29759399
593.000,0.11114189,0.45904165,0.20772339,0.22209308,0.25364675,0.44671814,0.29963511
594.000,0.11710872,0.45110346,0.21247633,0.21931150,0.25178260,0.46159670,0.28662070
595.000,0.14371679,0.40178119,0.21901044,0.23549159,0.26323247,0.44851748,0.28825005
596.000,0.11354999,0.43497758,0.22100223,0.23047020,0.28889502,0.40205874,0.30904623
597.000,0.10079419,0.49422155,0.19313032,0.21185395,0.26255237,0.48381180,0.25363583
598.000,0.10209988,0.51908040,0.18583298,0.19298674,0.23990650,0.45895071,0.30114279
599.000,0.13187725,0.45942008,0.19455048,0.21415220,0.24536151,0.46177159,0.29286690
600.000,0.10614361,0.47729677,0.20120441,0.21535520,0.27136121,0.38950175,0.33913704
601.000,0.11471559,0.44967980,0.20573006,0.22987455,0.24880574,0.45965088,0.29154338
602.000,0.09768496,0.46812341,0.19284409,0.24134754,0.24212787,0.42147299,0.33639914
603.000,0.11357277,0.45458783,0.20063765,0.23120175,0.27000987,0.43362804,0.29636209
604.000,0.12302394,0.44869937,0.19766154,0.23061515,0.25390323,0.47264456,0.27345221
605.000,0.14491469,0.41956439,0.21069800,0.22482292,0.25974450,0.46355790,0.27669760
606.000,0.11444886,0.46696536,0.19253608,0.22604970,0.26099458,0.47847216,0.26053326
607.000,0.14516767,0.41753669,0.20095741,0.23633824,0.27717729,0.41954118,0.30328153
608.000,0.09768594,0.49497093,0.18622450,0.22111862,0.25284622,0.45638272,0.29077106
609.000,0.14237993,0.43828363,0.19982317,0.21951327,0.26556348,0.46377536,0.27066116
610.000,0.13854037,0.39214642,0.21495004,0.25436317,0.26339273,0.44542364,0.29118363
611.000,0.16824899,0.36301571,0.22022978,0.24850551,0.25421861,0.43698709,0.30879430
612.000,0.08754160,0.49527369,0.19084045,0.22634426,0.28760647,0.39900807,0.31338546
613.000,0.10709760,0.49613021,0.19017251,0.20659969,0.25203793,0.46723987,0.28072220
614.000,0.11937982,0.44691988,0.20989592,0.22380438,0.26690133,0.45159163,0.28150703
615.000,0.12099046,0.50243428,0.17899622,0.19757904,0.25372003,0.49731766,0.24896232
616.000,0.11111216,0.48629947,0.20328080,0.19930758,0.28227799,0.43906602,0.27865599
617.000,0.10648150,0.50100201,0.19307687,0.19943963,0.26467393,0.44247899,0.29284708
618.000,0.09931428,0.50960707,0.18394282,0.20713584,0.26439401,0.45216841,0.28343757
619.000,0.10549860,0.48579533,0.18009231,0.22861376,0.26594160,0.47123529,0.26282311
620.000,0.11327149,0.46100437,0.21210838,0.21361577,0.27488829,0.43529701,0.28981470
621.000,0.11976211,0.47175547,0.19892856,0.20955385,0.24375695,0.45666427,0.29957878
622.000,0.08966578,0.50165053,0.19324842,0.21543526,0.24877793,0.46140801,0.28981406
623.000,0.13098916,0.40517632,0.21623171,0.24760281,0.25615086,0.42835074,0.31549840
624.000,0.11309259,0.47224680,0.19207181,0.22258879,0.25284373,0.45243079,0.29472548
625.000,0.11158778,0.47656981,0.19583225,0.21601016,0.27927188,0.43771661,0.28301151
626.000,0.10071492,0.47954681,0.19901687,0.22072141,0.26421082,0.43031780,0.30547138
627.000,0.12486015,0.44260050,0.20082714,0.23171222,0.26115577,0.42375977,0.31508446
628.000,0.13055916,0.43737708,0.20217259,0.22989116,0.24198876,0.48427861,0.27373263
629.000,0.10658687,0.48062860,0.19621753,0.21656700,0.24925911,0.44459310,0.30614779
630.000,0.11031245,0.47836005,0.18546902,0.22585849,0.26112400,0.46910496,0.26977105
631.000,0.11375238,0.48726677,0.19551558,0.20346527,0.26622258,0.45169054,0.28208688
632.000,0.13308199,0.43932102,0.21324004,0.21435695,0.25491126,0.45920955,0.28587919
633.000,0.11869939,0.46887846,0.18734908,0.22507307,0.24805128,0.48708853,0.26486019
634.000,0.16200315,0.38227040,0.22458343,0.23114301,0.23599624,0.47882652,0.28517724
635.000,0.12607712,0.44953883,0.19770348,0.22668057,0.25880176,0.43266341,0.30853484
636.000,0.09687864,0.48132182,0.19059556,0.23120398,0.24746292,0.39106569,0.36147139
637.000,0.08515579,0.54019558,0.18263401,0.19201463,0.27792133,0.43531762,0.28676105
638.000,0.11995754,0.47412800,0.19638161,0.20953285,0.25902937,0.45253802,0.28843261
639.000,0.14167007,0.45625381,0.19505919,0.20701692,0.25367320,0.48771019,0.25861661
640.000,0.14452446,0.41909920,0.20793643,0.22843991,0.26706544,0.44481019,0.28812437
641.000,0.16105047,0.43015708,0.19451654,0.21427592,0.23033250,0.51554682,0.25412067
642.000,0.16429694,0.41983852,0.20784264,0.20802190,0.23072622,0.50196054,0.26731324
643.000,0.16375231,0.42577270,0.19881924,0.21165575,0.24687624,0.45587623,0.29724753
644.000,0.19087890,0.34674979,0.23221376,0.23015755,0.24557398,0.43135300,0.32307302
645.000,0.13699210,0.40479695,0.20498061,0.25323034,0.26558809,0.45607317,0.27833874
646.000,0.16039478,0.41724923,0.19812592,0.22423007,0.25189417,0.46728824,0.28081759
647.000,0.19046812,0.34292819,0.21203199,0.25457170,0.24484251,0.47253264,0.28262485
648.000,0.19111616,0.36467334,0.21761371,0.22659680,0.24997072,0.42238462,0.32764466
649.000,0.14949714,0.39981605,0.21135667,0.23933014,0.26270779,0.43595340,0.30133882
650.000,0.10996465,0.49173911,0.18606787,0.21222838,0.23777841,0.50553231,0.25668929
651.000,0.14652743,0.44740502,0.19424516,0.21182239,0.23248351,0.49427534,0.27324116
652.000,0.12213644,0.46696957,0.19107610,0.21981790,0.25953364,0.42847643,0.31198993
653.000,0.14690321,0.42064256,0.19957525,0.23287897,0.23086901,0.48574406,0.28338693
654.000,0.13967380,0.45453814,0.18724510,0.21854296,0.23459200,0.50410545,0.26130255
655.000,0.14614038,0.41503846,0.21542778,0.22339338,0.24040609,0.47637663,0.28321727
656.000,0.14704441,0.43151906,0.19727681,0.22415971,0.22354172,0.52866948,0.24778880
657.000,0.17256019,0.37858931,0.21790817,0.23094234,0.24378766,0.44601596,0.31019637
658.000,0.16395172,0.41352247,0.20412175,0.21840405,0.22359139,0.49547011,0.28093850
659.000,0.13378514,0.46746620,0.18700235,0.21174631,0.23754523,0.48625886,0.27619591
660.000,0.13880012,0.43921377,0.19900127,0.22298484,0.24238535,0.46759175,0.29002290
661.000,0.14982488,0.43583463,0.19896271,0.21537778,0.22655754,0.51116087,0.26228159
662.000,0.12227859,0.45439728,0.20142883,0.22189531,0.25705881,0.43834663,0.30459456
663.000,0.16063425,0.41911957,0.19695795,0.22328823,0.26050977,0.47195214,0.26753810
664.000,0.12403357,0.46644438,0.19349202,0.21603003,0.24048121,0.47438441,0.28513438
665.000,0.14479523,0.41380110,0.20921584,0.23218784,0.23389931,0.47612342,0.28997726
666.000,0.12334051,0.42886681,0.19037625,0.25741643,0.23571606,0.45195966,0.31232428
667.000,0.15963934,0.42772173,0.18870651,0.22393243,0.24162373,0.50676252,0.25161375
668.000,0.12844661,0.46632145,0.17142016,0.23381178,0.24030733,0.48331931,0.27637336
669.000,0.13196034,0.46182898,0.17980960,0.22640107,0.25360842,0.50501035,0.24138123
670.000,0.11534466,0.49057661,0.17031770,0.22376103,0.24274418,0.46942204,0.28783378
671.000,0.14698151,0.41424692,0.19915054,0.23962104,0.23816833,0.48883001,0.27300166
672.000,0.15318479,0.43640114,0.20068043,0.20973364,0.23120586,0.48619902,0.28259512
673.000,0.16368324,0.42216372,0.20535907,0.20879397,0.24930218,0.49519099,0.25550683
674.000,0.17114826,0.38945638,0.20297979,0.23641556,0.23977910,0.46687776,0.29334315
675.000,0.15049318,0.43521324,0.19749507,0.21679852,0.23454883,0.46761197,0.29783920
676.000,0.15510642,0.38770239,0.21800380,0.23918739,0.25763783,0.46638195,0.27598022
677.000,0.12473924,0.44864510,0.19549661,0.23111904,0.25536635,0.44901922,0.29561444
678.000,0.14998757,0.41669905,0.21037316,0.22294022,0.23967572,0.48086456,0.27945972
679.000,0.13553958,0.42696108,0.21155918,0.22594016,0.24676960,0.47372993,0.27950047
680.000,0.15469071,0.41201386,0.19411553,0.23917990,0.22818520,0.50983739,0.26197741
681.000,0.18145933,0.38698536,0.20056221,0.23099310,0.23260673,0.51147190,0.25592137
682.000,0.16665221,0.41784297,0.18987032,0.22563450,0.23128433,0.51147863,0.25723704
683.000,0.18020548,0.37721725,0.20388501,0.23869226,0.23451999,0.48582054,0.27965947
684.000,0.16279714,0.40461726,0.19216259,0.24042301,0.23470476,0.48039736,0.28489788
685.000,0.17302605,0.36040008,0.21386216,0.25271171,0.23596931,0.45328367,0.31074702
686.000,0.17459801,0.39549415,0.20752535,0.22238250,0.22737515,0.49802532,0.27459953
687.000,0.19039611,0.35607004,0.21163515,0.24189871,0.25511070,0.47560944,0.26927986
688.000,0.14923444,0.44723195,0.19233479,0.21119883,0.22664924,0.49675190,0.27659886
689.000,0.12140616,0.46299711,0.18505712,0.23053961,0.24355013,0.49598188,0.26046799
690.000,0.17375185,0.38292477,0.20275245,0.24057093,0.23873420,0.49601272,0.26525308
691.000,0.13825824,0.47232489,0.16437458,0.22504228,0.22198665,0.50175523,0.27625812
692.000,0.14825327,0.43910020,0.19903292,0.21361361,0.24708693,0.48352337,0.26938970
693.000,0.12471432,0.44396873,0.18431950,0.24699745,0.24949762,0.47858596,0.27191642
694.000,0.14665422,0.43327847,0.19498842,0.22507889,0.23355058,0.43214571,0.33430372
695.000,0.15547836,0.41804020,0.20277431,0.22370713,0.23132238,0.50161244,0.26706518
696.000,0.17983954,0.38675719,0.20354869,0.22985459,0.23353685,0.47954793,0.28691521
697.000,0.10709338,0.53007194,0.17567539,0.18715928,0.26575261,0.46264255,0.27160484
698.000,0.14303355,0.43909607,0.19406789,0.22380248,0.24340914,0.48092484,0.27566602
699.000,0.14169346,0.43142501,0.20992446,0.21695707,0.25900267,0.43717715,0.30382018
700.000,0.11556144,0.46596215,0.18498835,0.23348806,0.25749381,0.46252416,0.27998203
701.000,0.11922219,0.46983382,0.17781346,0.23313054,0.23278927,0.48720944,0.28000128
702.000,0.15838823,0.37809946,0.21178108,0.25173122,0.26397497,0.46651207,0.26951296
703.000,0.14784369,0.44692669,0.18583885,0.21939077,0.25291417,0.44536715,0.30171868
704.000,0.21728976,0.28173266,0.24964334,0.25133424,0.28138440,0.54086129,0.17775431
705.000,0.16161564,0.37317857,0.22946367,0.23574212,0.25659962,0.55841134,0.18498905
706.000,0.19740202,0.31576734,0.23538126,0.25144938,0.28091021,0.52965250,0.18943730
707.000,0.21764666,0.29119201,0.23732318,0.25383816,0.27498842,0.54587934,0.17913224
708.000,0.19374846,0.32195437,0.24524113,0.23905604,0.26414558,0.56111229,0.17474213
709.000,0.22644997,0.25017017,0.24620846,0.27717140,0.31951594,0.45617648,0.22430758
710.000,0.19111422,0.30814241,0.25014637,0.25059699,0.27884556,0.54764159,0.17351285
711.000,0.18440871,0.34817115,0.22686950,0.24055065,0.25497375,0.60307214,0.14195410
712.000,0.16324759,0.33939631,0.22185736,0.27549874,0.29328527,0.48076252,0.22595221
713.000,0.17819171,0.33959145,0.23422448,0.24799236,0.27638609,0.55972664,0.16388727
714.000,0.17778621,0.34027058,0.22231927,0.25962394,0.29012498,0.49438887,0.21548616
715.000,0.18218942,0.33815244,0.23093559,0.24872255,0.27907633,0.53229936,0.18862430
716.000,0.16082528,0.36201609,0.23140581,0.24575282,0.27120026,0.53968812,0.18911162
717.000,0.16905260,0.35208290,0.23098466,0.24787984,0.28914180,0.48413154,0.22672666
718.000,0.19753091,0.30073175,0.25194476,0.24979258,0.28329495,0.52258253,0.19412251
719.000,0.19384023,0.32101228,0.23008471,0.25506278,0.26790897,0.55795760,0.17413343
720.000,0.18066198,0.35458679,0.22915067,0.23560056,0.26490221,0.56887723,0.16622056
721.000,0.17960198,0.35506845,0.22649609,0.23883348,0.23725685,0.61921086,0.14353229
722.000,0.18566351,0.33045272,0.23331680,0.25056697,0.27629445,0.53054420,0.19316135
723.000,0.19852673,0.32059127,0.23258446,0.24829755,0.27183239,0.55995815,0.16820946
724.000,0.19109989,0.31686814,0.24360610,0.24842586,0.29314643,0.53179597,0.17505760
725.000,0.14014829,0.41122241,0.21738645,0.23124286,0.25841929,0.53496116,0.20661955
726.000,0.19443437,0.33003968,0.22743798,0.24808797,0.27195190,0.55429669,0.17375141
727.000,0.16103556,0.36060989,0.22783845,0.25051610,0.27929566,0.50065402,0.22005032
728.000,0.17638993,0.35155128,0.22465375,0.24740505,0.27231108,0.55515545,0.17253348
729.000,0.18112721,0.32284496,0.24187186,0.25415596,0.27140893,0.53675561,0.19183546
730.000,0.19142090,0.32374187,0.22308218,0.26175504,0.27611782,0.53036321,0.19351896
731.000,0.18310264,0.31811217,0.23056051,0.26822467,0.29612545,0.52802811,0.17584644
732.000,0.17126382,0.36645827,0.21793201,0.24434590,0.25769146,0.55898218,0.18332636
733.000,0.17572386,0.34429534,0.23187281,0.24810799,0.27153577,0.55705480,0.17140942
734.000,0.17399644,0.32453860,0.23044767,0.27101730,0.28978295,0.51354933,0.19666772
735.000,0.21267494,0.30018862,0.22098027,0.26615617,0.29656478,0.52797146,0.17546376
736.000,0.16912925,0.33797228,0.23740524,0.25549324,0.28323932,0.51167398,0.20508670
737.000,0.22624453,0.27498282,0.23048080,0.26829185,0.29851855,0.52406619,0.17741527
738.000,0.17919419,0.31690445,0.23061225,0.27328911,0.29201141,0.50569573,0.20229286
739.000,0.20874748,0.28461869,0.24485019,0.26178364,0.30034354,0.49895413,0.20070233
740.000,0.16530426,0.37667596,0.23504601,0.22297377,0.26000303,0.55166160,0.18833537
741.000,0.20969517,0.28327709,0.24936081,0.25766693,0.28627612,0.52945165,0.18427222
742.000,0.15776165,0.37668259,0.22088306,0.24467270,0.26238419,0.54715713,0.19045868
743.000,0.18842722,0.33997767,0.22920041,0.24239471,0.26412306,0.55997428,0.17590265
744.000,0.15331355,0.37902681,0.23084287,0.23681676,0.26657401,0.53851078,0.19491521
745.000,0.14617446,0.39702613,0.21997712,0.23682228,0.25685981,0.55226673,0.19087346
746.000,0.18575032,0.32195355,0.24242446,0.24987167,0.30002867,0.50156683,0.19840450
747.000,0.19745503,0.31000443,0.22930039,0.26324016,0.28580397,0.55627374,0.15792229
748.000,0.18264283,0.35545721,0.22246956,0.23943040,0.26137564,0.57211182,0.16651254
749.000,0.17630117,0.35801236,0.23179687,0.23388961,0.26671986,0.57219533,0.16108481
750.000,0.17815340,0.33163982,0.22190206,0.26830471,0.28808784,0.51544909,0.19646306
751.000,0.15641477,0.39636434,0.21947528,0.22774561,0.24728616,0.57879172,0.17392211
752.000,0.16609348,0.36309209,0.22766213,0.24315230,0.27044462,0.53535651,0.19419887
753.000,0.19894077,0.28585266,0.24760295,0.26760362,0.30380151,0.48668934,0.20950915
754.000,0.20289407,0.30305428,0.24336192,0.25068973,0.28748025,0.54658418,0.16593558
755.000,0.17403012,0.33805834,0.23871915,0.24919239,0.29354808,0.49539914,0.21105278
756.000,0.16451538,0.37309088,0.22038655,0.24200719,0.26934104,0.55242975,0.17822921
757.000,0.18182210,0.32991657,0.22981732,0.25844401,0.26787487,0.54741010,0.18471503
758.000,0.21059285,0.29366147,0.24147382,0.25427186,0.27636312,0.54246249,0.18117438
759.000,0.19643831,0.31633001,0.23608966,0.25114202,0.27922976,0.53380281,0.18696743
760.000,0.20174772,0.32114128,0.23966325,0.23744775,0.26895925,0.56059171,0.17044904
761.000,0.15984381,0.36534911,0.24437190,0.23043518,0.27149975,0.55279588,0.17570437
762.000,0.17810575,0.35493578,0.23236338,0.23459509,0.26574910,0.55186978,0.18238112
763.000,0.20661846,0.30384220,0.23393354,0.25560580,0.28183943,0.51012702,0.20803355
764.000,0.17570125,0.34745696,0.23128111,0.24556068,0.27165209,0.54593074,0.18241717
765.000,0.17850117,0.33064558,0.23014047,0.26071278,0.30594768,0.49043823,0.20361409
766.000,0.18597826,0.33706764,0.22654888,0.25040522,0.26217390,0.56651242,0.17131368
767.000,0.15047778,0.40909905,0.21458467,0.22583850,0.25607755,0.55027961,0.19364283
768.000,0.17426151,0.30272637,0.24638006,0.27663207,0.31437038,0.48758347,0.19804614
769.000,0.18243995,0.30228871,0.24235835,0.27291299,0.28761742,0.51350725,0.19887532
770.000,0.17248198,0.29126734,0.24394275,0.29230794,0.31620568,0.45376677,0.23002755
771.000,0.17679546,0.28364322,0.25135545,0.28820588,0.31682123,0.46736964,0.21580913
772.000,0.20027430,0.26924073,0.25585784,0.27462714,0.33771703,0.43732229,0.22496068
773.000,0.16782433,0.33458168,0.23532364,0.26227034,0.29688742,0.49871822,0.20439436
774.000,0.16669560,0.35751362,0.20969071,0.26610008,0.28470368,0.52040284,0.19489348
775.000,0.18347215,0.29400119,0.24151431,0.28101234,0.30570666,0.48050765,0.21378568
776.000,0.18337631,0.28670514,0.24435446,0.28556409,0.31137036,0.45886015,0.22976949
777.000,0.16650356,0.31703302,0.24375697,0.27270645,0.30028648,0.49278069,0.20693282
778.000,0.18586170,0.32004591,0.23066360,0.26342879,0.29013689,0.51975528,0.19010783
779.000,0.17450568,0.30291762,0.24363965,0.27893705,0.30687723,0.47586974,0.21725303
780.000,0.18880852,0.28417980,0.25533713,0.27167455,0.30488048,0.49645772,0.19866181
781.000,0.15999725,0.35917503,0.22364069,0.25718703,0.27885715,0.52268112,0.19846173
782.000,0.15829682,0.37411870,0.23285173,0.23473275,0.26861190,0.56890902,0.16247908
783.000,0.16127797,0.34505791,0.24482600,0.24883812,0.29033795,0.49039789,0.21926415
784.000,0.19760710,0.23864959,0.25609404,0.30764928,0.32654947,0.45294180,0.22050873
785.000,0.17149511,0.32113356,0.24334286,0.26402847,0.28574021,0.52437739,0.18988240
786.000,0.15466919,0.33988537,0.24460571,0.26083972,0.29950779,0.47388138,0.22661083
787.000,0.20738483,0.25270028,0.25549835,0.28441654,0.32091312,0.46753727,0.21154961
788.000,0.19487013,0.27878836,0.24778568,0.27855583,0.30547697,0.48158160,0.21294142
789.000,0.19266826,0.25498464,0.24880119,0.30354591,0.32573027,0.43260697,0.24166275
790.000,0.20240323,0.28371635,0.24342714,0.27045329,0.32131544,0.47011718,0.20856738
791.000,0.19444140,0.27840622,0.24945031,0.27770208,0.32253447,0.43540982,0.24205571
792.000,0.16395104,0.31400701,0.23831254,0.28372941,0.30372599,0.48555273,0.21072128
793.000,0.19041842,0.27736148,0.24938914,0.28283095,0.31049058,0.47909830,0.21041112
794.000,0.15694045,0.34054566,0.23380564,0.26870825,0.29001553,0.49610146,0.21388301
795.000,0.16130839,0.32079322,0.24826293,0.26963547,0.30184612,0.49768577,0.20046812
796.000,0.15047155,0.35174630,0.23602751,0.26175464,0.28384285,0.53139643,0.18476072
797.000,0.17950843,0.31838051,0.23035379,0.27175727,0.29479420,0.48778800,0.21741781
798.000,0.18116651,0.28724633,0.24807279,0.28351438,0.30521773,0.50048526,0.19429701
799.000,0.16259796,0.32804082,0.24396433,0.26539689,0.28047581,0.54088427,0.17863992
800.000,0.17291798,0.32447986,0.23245994,0.27014222,0.29262417,0.51363711,0.19373872
801.000,0.16951458,0.30620534,0.23537624,0.28890384,0.30915227,0.47746953,0.21337821
802.000,0.13832391,0.38377346,0.23359672,0.24430591,0.27609520,0.51527810,0.20862670
803.000,0.17007958,0.34351366,0.23171406,0.25469270,0.28485540,0.53330620,0.18183840
804.000,0.15925917,0.32200856,0.24128879,0.27744348,0.28909951,0.49010157,0.22079892
805.000,0.15559916,0.35025569,0.24263199,0.25151316,0.27937798,0.50049075,0.22013126
806.000,0.20267586,0.25278373,0.25420852,0.29033189,0.32009685,0.46912443,0.21077872
807.000,0.19773954,0.25304240,0.23689604,0.31232202,0.33781878,0.44650275,0.21567847
808.000,0.17002844,0.31569560,0.24064947,0.27362650,0.30241058,0.47428905,0.22330038
809.000,0.16065317,0.31641692,0.24130393,0.28162598,0.29770768,0.48754851,0.21474381
810.000,0.17922653,0.29839558,0.24239013,0.27998777,0.30116148,0.48170874,0.21712978
811.000,0.18438432,0.30046467,0.23967037,0.27548063,0.29928996,0.50692792,0.19378212
812.000,0.15783770,0.34321467,0.24178442,0.25716321,0.29629648,0.50634804,0.19735548
813.000,0.18215159,0.29025807,0.23571978,0.29187057,0.30099511,0.48881895,0.21018593
814.000,0.17864356,0.30654338,0.23755335,0.27725971,0.30834495,0.47393264,0.21772241
815.000,0.19396888,0.25918791,0.24505982,0.30178339,0.32409575,0.48181416,0.19409009
816.000,0.17940069,0.31825036,0.23487991,0.26746904,0.28930909,0.52698711,0.18370380
817.000,0.16950272,0.33072510,0.25171704,0.24805514,0.27421801,0.54585121,0.17993079
818.000,0.17370888,0.30068895,0.24401868,0.28158348,0.29981517,0.49401835,0.20616648
819.000,0.16515058,0.32056059,0.23699564,0.27729318,0.30522606,0.47297979,0.22179415
820.000,0.19357958,0.28278886,0.23664338,0.28698818,0.31867931,0.46254537,0.21877532
821.000,0.18602883,0.28660972,0.25415993,0.27320152,0.29941153,0.49374204,0.20684643
822.000,0.17260865,0.33329670,0.23856664,0.25552801,0.27272957,0.54494334,0.18232709
823.000,0.16186351,0.34010543,0.24013531,0.25789575,0.27655055,0.55325846,0.17019099
824.000,0.19352569,0.26475218,0.25682732,0.28489481,0.32053954,0.46866348,0.21079698
825.000,0.19904213,0.25411533,0.25279589,0.29404665,0.33020581,0.45742648,0.21236771
826.000,0.16144521,0.32770178,0.25216423,0.25868878,0.28558870,0.52685613,0.18755517
827.000,0.17185712,0.30961405,0.24075625,0.27777258,0.30010459,0.48784761,0.21204780
828.000,0.18435821,0.28744203,0.24808519,0.28011456,0.31300759,0.48010782,0.20688459
829.000,0.18948294,0.29598916,0.24739426,0.26713364,0.30183948,0.50929518,0.18886534
830.000,0.14818788,0.33466236,0.22907402,0.28807574,0.30394084,0.47496728,0.22109188
831.000,0.16402774,0.33653749,0.23784909,0.26158568,0.29190358,0.51124200,0.19685442
832.000,0.18655151,0.23772496,0.29454332,0.28118021,0.32318603,0.46753042,0.20928355
833.000,0.18348167,0.23973014,0.27357899,0.30320921,0.32150276,0.46576137,0.21273587
834.000,0.20715359,0.19742005,0.29008653,0.30533983,0.33785002,0.46838044,0.19376954
835.000,0.20643179,0.20665847,0.29081709,0.29609266,0.34148678,0.45525585,0.20325737
836.000,0.16388205,0.25591102,0.28638720,0.29381973,0.31631958,0.48348989,0.20019053
837.000,0.18600618,0.22770869,0.28065163,0.30563350,0.32853617,0.44926127,0.22220257
838.000,0.20274791,0.20131279,0.28584664,0.31009266,0.33766283,0.44384037,0.21849680
839.000,0.19508316,0.22169827,0.28079126,0.30242731,0.32707499,0.47385941,0.19906561
840.000,0.18970197,0.20880497,0.28599576,0.31549731,0.35031224,0.39746529,0.25222247
841.000,0.22425799,0.18911274,0.28983917,0.29679010,0.33469426,0.45481758,0.21048816
842.000,0.17842332,0.23069966,0.29168044,0.29919658,0.32651474,0.45422273,0.21926253
843.000,0.18409596,0.23935193,0.27801531,0.29853679,0.32359009,0.47686515,0.19954476
844.000,0.18772442,0.21984226,0.28986733,0.30256600,0.33254356,0.43003551,0.23742093
845.000,0.19042317,0.21749344,0.28570207,0.30638132,0.33161365,0.47363585,0.19475050
846.000,0.17056462,0.26542151,0.27099249,0.29302137,0.30742358,0.50346934,0.18910708
847.000,0.19434031,0.22726185,0.27738021,0.30101762,0.30793878,0.50818239,0.18387883
848.000,0.18040901,0.25309614,0.28210629,0.28438856,0.31506528,0.50420198,0.18073275
849.000,0.18902967,0.21713327,0.28727852,0.30655853,0.33087793,0.45581477,0.21330729
850.000,0.19211429,0.20782607,0.29967595,0.30038369,0.35237023,0.43779299,0.20983677
851.000,0.19057423,0.24580156,0.28154184,0.28208237,0.32208998,0.48171055,0.19619947
852.000,0.19851390,0.22130329,0.28348323,0.29669958,0.31786049,0.46826982,0.21386969
853.000,0.17504924,0.25173559,0.27060891,0.30260626,0.31354213,0.47379028,0.21266758
854.000,0.18870645,0.24854880,0.27716895,0.28557581,0.30916074,0.50067705,0.19016222
855.000,0.17162652,0.24735741,0.28077319,0.30024288,0.33029551,0.46227123,0.20743326
856.000,0.21000771,0.21274308,0.27048780,0.30676140,0.31659699,0.48695055,0.19645247
857.000,0.21468742,0.19138367,0.28088954,0.31303937,0.34486563,0.43406432,0.22107005
858.000,0.19545736,0.22425962,0.27917053,0.30111249,0.31260843,0.50874116,0.17865042
859.000,0.20904298,0.22707287,0.27674048,0.28714367,0.30887683,0.50642763,0.18469554
860.000,0.18677607,0.20965585,0.28469561,0.31887246,0.34835161,0.40656084,0.24508755
861.000,0.22859067,0.17764041,0.28618731,0.30758161,0.31716402,0.47284453,0.20999145
862.000,0.19118853,0.22402963,0.28777658,0.29700525,0.34402437,0.45099960,0.20497603
863.000,0.19540532,0.20015185,0.27853141,0.32591141,0.33335872,0.42701255,0.23962873
864.000,0.20702238,0.21153007,0.28232269,0.29912486,0.34040352,0.45056681,0.20902967
865.000,0.20419560,0.22743519,0.26653590,0.30183331,0.32031515,0.47604780,0.20363705
866.000,0.19814303,0.19799858,0.30342771,0.30043069,0.33941486,0.46384380,0.19674133
867.000,0.18838890,0.21629202,0.28396529,0.31135379,0.33602525,0.46491294,0.19906181
868.000,0.19513683,0.20861298,0.29159349,0.30465669,0.33813123,0.45683689,0.20503187
869.000,0.18607904,0.20179534,0.28609391,0.32603171,0.35644488,0.40786916,0.23568596
870.000,0.20064787,0.19795716,0.29444044,0.30695454,0.34694429,0.44261460,0.21044110
871.000,0.20620694,0.20471465,0.27796978,0.31110863,0.32492528,0.46175190,0.21332282
872.000,0.19943119,0.20031819,0.29258632,0.30766430,0.35009173,0.42836363,0.22154464
873.000,0.19810006,0.21952971,0.27762487,0.30474535,0.33198650,0.47656662,0.19144689
874.000,0.20193315,0.19481011,0.29084345,0.31241329,0.35494113,0.41530549,0.22975338
875.000,0.19423275,0.21616013,0.30466112,0.28494600,0.32777476,0.45424348,0.21798176
876.000,0.20686089,0.19391787,0.29146031,0.30776093,0.36317983,0.41968145,0.21713872
877.000,0.20913307,0.19989321,0.27672006,0.31425365,0.34646082,0.44603113,0.20750805
878.000,0.18283308,0.24363962,0.27886161,0.29466569,0.32483057,0.47395334,0.20121609
879.000,0.19680949,0.20208364,0.29703441,0.30407246,0.34320371,0.46959728,0.18719901
880.000,0.19829771,0.21318019,0.28424273,0.30427938,0.33555338,0.46243947,0.20200715
881.000,0.18341085,0.23365784,0.27798713,0.30494418,0.34667756,0.43333977,0.21998268
882.000,0.19709848,0.20895444,0.29840810,0.29553899,0.33591752,0.42489127,0.23919121
883.000,0.19917636,0.21449884,0.29594103,0.29038378,0.32083873,0.49457273,0.18458853
884.000,0.17798554,0.24431273,0.28719823,0.29050349,0.30622905,0.49366281,0.20010814
885.000,0.18769667,0.24842268,0.26635637,0.29752427,0.32649998,0.46331595,0.21018406
886.000,0.18762436,0.24068539,0.26226694,0.30942331,0.33359610,0.47830999,0.18809391
887.000,0.18764409,0.21348304,0.31541792,0.28345495,0.36513268,0.39910780,0.23575952
888.000,0.19900088,0.22122945,0.27650197,0.30326770,0.32478887,0.50511250,0.17009862
889.000,0.19816372,0.19812408,0.29441144,0.30930076,0.34866660,0.43341933,0.21791407
890.000,0.19468873,0.21759500,0.29216207,0.29555420,0.33557179,0.44851582,0.21591239
891.000,0.18532526,0.23075953,0.28350752,0.30040769,0.33864134,0.45635559,0.20500307
892.000,0.19493736,0.23150085,0.27781932,0.29574247,0.32112448,0.45549075,0.22338477
893.000,0.21771039,0.20366059,0.28265517,0.29597385,0.34408025,0.44773334,0.20818641
894.000,0.16364380,0.27475479,0.25526100,0.30634041,0.29387475,0.51864452,0.18748073
895.000,0.18012983,0.23454602,0.28741992,0.29790423,0.33274127,0.45913471,0.20812401
896.000,0.30019947,0.12691000,0.22099484,0.35189569,0.59434696,0.22752095,0.17813209
897.000,0.31432316,0.12508452,0.20735916,0.35323315,0.60425835,0.22414033,0.17160132
898.000,0.29506361,0.12050670,0.22960532,0.35482437,0.58823449,0.20974529,0.20202022
899.000,0.30126453,0.11448851,0.23243884,0.35180811,0.61220615,0.18892661,0.19886724
900.000,0.30763283,0.13346028,0.20930747,0.34959942,0.57055424,0.26548681,0.16395895
901.000,0.31224592,0.11441719,0.22055207,0.35278482,0.61744440,0.20291116,0.17964443
902.000,0.29940825,0.12142956,0.22309520,0.35606700,0.60456549,0.20426354,0.19117097
903.000,0.32197470,0.11136696,0.22239116,0.34426718,0.62791084,0.20692886,0.16516030
904.000,0.29327969,0.14033934,0.21400324,0.35237773,0.56872344,0.24928198,0.18199458
905.000,0.28034478,0.13403940,0.22770021,0.35791562,0.61208813,0.20081284,0.18709903
906.000,0.31341064,0.12313181,0.21069510,0.35276245,0.59288982,0.23813588,0.16897430
907.000,0.27490692,0.13764496,0.22613764,0.36131047,0.57944529,0.20391538,0.21663933
908.000,0.34326666,0.10319579,0.21647202,0.33706553,0.63369592,0.20122576,0.16507832
909.000,0.28580733,0.12912535,0.23142693,0.35364039,0.61026798,0.19772045,0.19201157
910.000,0.32202181,0.10146202,0.23870531,0.33781085,0.63766450,0.18707683,0.17525867
911.000,0.26887932,0.15472547,0.21033366,0.36606155,0.59487126,0.21929711,0.18583164
912.000,0.29737248,0.12951580,0.21217574,0.36093598,0.58914012,0.22937092,0.18148896
913.000,0.28986467,0.12879426,0.22420564,0.35713542,0.62644980,0.18898965,0.18456055
914.000,0.29963120,0.13195755,0.21643502,0.35197623,0.62373805,0.21305381,0.16320814
915.000,0.30143805,0.12892181,0.22047152,0.34916862,0.61810081,0.20473167,0.17716752
916.000,0.28887494,0.14115662,0.21282833,0.35714011,0.60370591,0.22142567,0.17486841
917.000,0.30474489,0.12318870,0.22200008,0.35006633,0.59414786,0.20688715,0.19896499
918.000,0.28637837,0.13819033,0.21663422,0.35879707,0.58173508,0.22906455,0.18920038
919.000,0.30539282,0.12363656,0.22575099,0.34521963,0.59308641,0.21146188,0.19545171
920.000,0.31197708,0.13233747,0.20818689,0.34749856,0.59528719,0.24968506,0.15502775
921.000,0.31408664,0.12160092,0.22005560,0.34425684,0.63024403,0.20849807,0.16125791
922.000,0.31464383,0.12496061,0.21910025,0.34129530,0.63779763,0.19598921,0.16621316
923.000,0.27605001,0.15050286,0.21697395,0.35647318,0.61209020,0.21911097,0.16879884
924.000,0.30058942,0.13701363,0.21054498,0.35185197,0.58241366,0.23709661,0.18048973
925.000,0.29908836,0.14084452,0.20742737,0.35263975,0.58921003,0.23209583,0.17869414
926.000,0.32476417,0.11040536,0.21702343,0.34780705,0.62022682,0.19529970,0.18447347
927.000,0.28788589,0.13242122,0.22547013,0.35422276,0.60252180,0.19706450,0.20041370
928.000,0.29078107,0.13436522,0.21473599,0.36011772,0.58901409,0.21506094,0.19592498
929.000,0.34304991,0.10075259,0.21126498,0.34493251,0.64734079,0.19436847,0.15829074
930.000,0.31662349,0.11303050,0.21849312,0.35185290,0.64822885,0.18978116,0.16198998
931.000,0.29397724,0.12925626,0.21974492,0.35702158,0.60760842,0.20205807,0.19033351
932.000,0.33565024,0.10392257,0.21819745,0.34222974,0.61527169,0.20280664,0.18192167
933.000,0.27810727,0.13711159,0.23086967,0.35391146,0.63268765,0.17646062,0.19085173
934.000,0.34286243,0.09901093,0.22363504,0.33449160,0.62452854,0.21358998,0.16188148
935.000,0.30275108,0.13195089,0.21764701,0.34765101,0.63210973,0.20157554,0.16631473
936.000,0.27743157,0.14474291,0.21967578,0.35814975,0.59781033,0.20061409,0.20157557
937.000,0.30759316,0.11868060,0.22494814,0.34877810,0.58988090,0.21886690,0.19125221
938.000,0.30470048,0.12218728,0.21477041,0.35834183,0.59187203,0.21475988,0.19336809
939.000,0.33249358,0.10960675,0.20983246,0.34806722,0.61849470,0.20594908,0.17555622
940.000,0.31670033,0.12249852,0.21615802,0.34464313,0.61444909,0.21694160,0.16860931
941.000,0.29550612,0.12867324,0.21827745,0.35754319,0.60664877,0.20279024,0.19056099
942.000,0.29532122,0.12737973,0.22142912,0.35586992,0.60973497,0.20526637,0.18499866
943.000,0.30104431,0.12080879,0.22584577,0.35230112,0.62442818,0.19733053,0.17824129
944.000,0.33209722,0.10189572,0.21833955,0.34766751,0.64383720,0.18796198,0.16820082
945.000,0.29771224,0.13719313,0.21644289,0.34865174,0.61487609,0.21709831,0.16802560
946.000,0.28464618,0.13918226,0.22571370,0.35045786,0.61091234,0.20772364,0.18136401
947.000,0.29949120,0.13636437,0.20667773,0.35746671,0.59432545,0.23319577,0.17247877
948.000,0.28223157,0.14362482,0.21066427,0.36347934,0.59541762,0.22470706,0.17987532
949.000,0.32136307,0.10945597,0.22093302,0.34824795,0.62747661,0.19156075,0.18096265
950.000,0.31551636,0.11716183,0.21361672,0.35370509,0.62875034,0.20679273,0.16445693
951.000,0.30518454,0.11466501,0.23498590,0.34516455,0.60978979,0.19641084,0.19379937
952.000,0.34096325,0.11460938,0.20797895,0.33644842,0.59615599,0.25077566,0.15306835
953.000,0.30085854,0.14116377,0.20052597,0.35745172,0.60897658,0.21864178,0.17238165
954.000,0.28911261,0.15440930,0.21052072,0.34595737,0.59945689,0.22857712,0.17196599
955.000,0.29654061,0.12735077,0.22037630,0.35573231,0.60412271,0.21025850,0.18561879
956.000,0.29915938,0.13139818,0.21784399,0.35159845,0.60623218,0.22457895,0.16918887
957.000,0.28996411,0.13696782,0.21838547,0.35468261,0.60018106,0.22527764,0.17454130
958.000,0.32641975,0.11092748,0.21828367,0.34436911,0.60125529,0.21953495,0.17920976
959.000,0.29953063,0.12250712,0.22350173,0.35446052,0.58334478,0.20602514,0.21063008
960.000,0.21389670,0.27865197,0.14295182,0.36449951,0.49210886,0.25965872,0.24823242
961.000,0.19133477,0.26497860,0.15376022,0.38992640,0.51483143,0.21513757,0.27003100
962.000,0.20615552,0.25717235,0.15238608,0.38428605,0.51006500,0.24601254,0.24392247
963.000,0.21134154,0.24718226,0.15374442,0.38773178,0.49477111,0.22264015,0.28258874
964.000,0.18066025,0.27469839,0.15295143,0.39168993,0.50820751,0.23420371,0.25758878
965.000,0.21700721,0.25348591,0.14814174,0.38136514,0.50574343,0.22314851,0.27110806
966.000,0.23770925,0.23491716,0.15578273,0.37159085,0.50865413,0.23766273,0.25368314
967.000,0.20035300,0.25666109,0.15147030,0.39151561,0.50173363,0.24266804,0.25559833
968.000,0.19547548,0.25585241,0.15792871,0.39074340,0.52569608,0.21734299,0.25696093
969.000,0.20897517,0.26181752,0.14773447,0.38147284,0.50627712,0.24863062,0.24509227
970.000,0.20805696,0.28477057,0.14532212,0.36185034,0.50393034,0.25343290,0.24263676
971.000,0.20237031,0.26184387,0.15095540,0.38483042,0.50902962,0.22981374,0.26115664
972.000,0.20416875,0.26867572,0.14463657,0.38251895,0.49385880,0.24757238,0.25856882
973.000,0.19392691,0.24957981,0.15741418,0.39907910,0.50426471,0.23982314,0.25591215
974.000,0.20812545,0.25822418,0.15487950,0.37877088,0.51922300,0.23526926,0.24550774
975.000,0.23027002,0.24643869,0.15153465,0.37175664,0.49451505,0.26289523,0.24258971
976.000,0.21052939,0.28404749,0.14114570,0.36427743,0.49548000,0.23034302,0.27417698
977.000,0.21234993,0.25899182,0.14862315,0.38003510,0.49297127,0.26432918,0.24269955
978.000,0.20912896,0.24435610,0.15680414,0.38971080,0.49982386,0.24696620,0.25320994
979.000,0.22105672,0.25057441,0.14819784,0.38017102,0.48981845,0.22870500,0.28147655
980.000,0.18529421,0.26579155,0.15001245,0.39890180,0.50319989,0.22820578,0.26859433
981.000,0.19493467,0.26679675,0.14406834,0.39420024,0.48236151,0.25400997,0.26362852
982.000,0.20019482,0.26909474,0.15025847,0.38045196,0.49650311,0.26110794,0.24238895
983.000,0.19067746,0.26522965,0.15232278,0.39177011,0.51538498,0.24110035,0.24351467
984.000,0.17739024,0.27371877,0.15268452,0.39620647,0.50150043,0.22114787,0.27735170
985.000,0.20166389,0.24790256,0.15702437,0.39340918,0.49974742,0.22636810,0.27388448
986.000,0.20342009,0.26441680,0.15118911,0.38097400,0.51824048,0.21617988,0.26557964
987.000,0.20932673,0.25812904,0.15463942,0.37790481,0.51135155,0.21967618,0.26897227
988.000,0.21517276,0.24853817,0.15393716,0.38235191,0.50029863,0.27060389,0.22909747
989.000,0.21513981,0.23802479,0.15718442,0.38965098,0.50143207,0.22592959,0.27263834
990.000,0.19891829,0.26665566,0.14784434,0.38658171,0.49929406,0.22959169,0.27111424
991.000,0.23229297,0.25012548,0.14846249,0.36911906,0.51099344,0.24739415,0.24161241
992.000,0.21816950,0.25754120,0.15089021,0.37339909,0.51686869,0.23322585,0.24990546
993.000,0.23069063,0.23083862,0.15753022,0.38094053,0.50707252,0.24516767,0.24775981
994.000,0.20628534,0.24965442,0.15364659,0.39041364,0.49967646,0.24251552,0.25780802
995.000,0.23263970,0.24856847,0.15113533,0.36765650,0.51467579,0.24274923,0.24257498
996.000,0.21402493,0.25780787,0.14967858,0.37848861,0.50417597,0.24545385,0.25037018
997.000,0.20850683,0.24447938,0.15658219,0.39043161,0.50989473,0.23696277,0.25314250
998.000,0.20142354,0.29893591,0.13812601,0.36151454,0.49954655,0.27176648,0.22868697
999.000,0.19386714,0.27138112,0.14917852,0.38557322,0.51081844,0.23813803,0.25104353
1000.000,0.21096886,0.25311408,0.15194031,0.38397674,0.49464089,0.22221728,0.28314182
1001.000,0.20358161,0.25927503,0.15342536,0.38371799,0.51000528,0.22724225,0.26275246
1002.000,0.21110752,0.25634677,0.14727855,0.38526717,0.49528862,0.23281379,0.27189759
1003.000,0.21962821,0.25778106,0.15427866,0.36831208,0.51818807,0.26380623,0.21800569
1004.000,0.20212030,0.26545655,0.14997723,0.38244592,0.49572307,0.24592681,0.25835012
1005.000,0.20272588,0.26330250,0.14577951,0.38819211,0.49377994,0.24569042,0.26052964
1006.000,0.23269104,0.23530985,0.15388791,0.37811120,0.50046329,0.23224661,0.26729010
1007.000,0.20137442,0.28043184,0.14255222,0.37564153,0.49186359,0.24969100,0.25844541
1008.000,0.16939658,0.27746101,0.15576935,0.39737306,0.51127574,0.20192305,0.28680121
1009.000,0.22376246,0.28467170,0.14699233,0.34457351,0.51896777,0.23453240,0.24649982
1010.000,0.20134100,0.26949634,0.14468885,0.38447380,0.49573826,0.24272745,0.26153428
1011.000,0.20068606,0.24960683,0.15132616,0.39838095,0.50929711,0.22195690,0.26874599
1012.000,0.21574794,0.26519145,0.15289034,0.36617027,0.51667960,0.24591933,0.23740107
1013.000,0.19748975,0.24191725,0.15359497,0.40699803,0.49583968,0.23548273,0.26867759
1014.000,0.19574816,0.26198908,0.15086334,0.39139943,0.50177527,0.22368645,0.27453829
1015.000,0.20171580,0.25169282,0.15597032,0.39062105,0.51091768,0.22726223,0.26182009
1016.000,0.20445336,0.26791138,0.15159115,0.37604412,0.52536319,0.24701377,0.22762304
1017.000,0.20383506,0.26257163,0.14830667,0.38528665,0.50338507,0.23610498,0.26050995
1018.000,0.19598043,0.28324398,0.14444800,0.37632760,0.49616254,0.25860131,0.24523615
1019.000,0.21449849,0.23904674,0.15625727,0.39019749,0.49837720,0.24144291,0.26017990
1020.000,0.21977605,0.24312678,0.14944502,0.38765216,0.49258615,0.25722359,0.25019026
1021.000,0.21134786,0.24344629,0.15081860,0.39438725,0.48160799,0.23327043,0.28512157
1022.000,0.20619269,0.25340092,0.14572917,0.39467722,0.48204895,0.24158840,0.27636265
1023.000,0.22129132,0.25021352,0.15518830,0.37330686,0.51869714,0.24734690,0.23395596
1024.000,0.22129132,0.25021352,0.15518830,0.37330686,0.51869714,0.24734690,0.23395596
1025.000,0.22129132,0.25021352,0.15518830,0.37330686,0.51869714,0.24734690,0.23395596
1026.000,0.22129132,0.25021352,0.15518830,0.37330686,0.51869714,0.24734690,0.23395596
1027.000,0.22129132,0.25021352,0.15518830,0.37330686,0.51869714,0.24734690,0.23395596
1028.000,0.22129132,0.25021352,0.15518830,0.37330686,0.51869714,0.24734690,0.23395596
1029.000,0.22129132,0.25021352,0.15518830,0.37330686,0.51869714,0.24734690,0.23395596
1030.000,0.22129132,0.25021352,0.15518830,0.37330686,0.51869714,0.24734690,0.23395596
1031.000,0.22129132,0.25021352,0.15518830,0.37330686,0.51869714,0.24734690,0.23395596
1032.000,0.22129132,0.25021352,0.15518830,0.37330686,0.51869714,0.24734690,0.23395596
1033.000,0.22129132,0.25021352,0.15518830,0.37330686,0.51869714,0.24734690,0.23395596
1034.000,0.22129132,0.25021352,0.15518830,0.37330686,0.51869714,0.24734690,0.23395596
1035.000,0.22129132,0.25021352,0.15518830,0.37330686,0.51869714,0.24734690,0.23395596
1036.000,0.22129132,0.25021352,0.15518830,0.37330686,0.51869714,0.24734690,0.23395596
1037.000,0.22129132,0.25021352,0.15518830,0.37330686,0.51869714,0.24734690,0.23395596
1038.000,0.22129132,0.25021352,0.15518830,0.37330686,0.51869714,0.24734690,0.23395596
1039.000,0.22129132,0.25021352,0.15518830,0.37330686,0.51869714,0.24734690,0.23395596
1040.000,0.22129132,0.25021352,0.15518830,0.37330686,0.51869714,0.24734690,0.23395596
1041.000,0.22129132,0.25021352,0.15518830,0.37330686,0.51869714,0.24734690,0.23395596
1042.000,0.22129132,0.25021352,0.15518830,0.37330686,0.51869714,0.24734690,0.23395596
1043.000,0.22129132,0.25021352,0.15518830,0.37330686,0.51869714,0.24734690,0.23395596
1044.000,0.22129132,0.25021352,0.15518830,0.37330686,0.51869714,0.24734690,0.23395596
1045.000,0.22129132,0.25021352,0.15518830,0.37330686,0.51869714,0.24734690,0.23395596
1046.000,0.22129132,0.25021352,0.15518830,0.37330686,0.51869714,0.24734690,0.23395596
1047.000,0.22129132,0.25021352,0.15518830,0.37330686,0.51869714,0.24734690,0.23395596
1048.000,0.22129132,0.25021352,0.15518830,0.37330686,0.51869714,0.24734690,0.23395596
1049.000,0.22129132,0.25021352,0.15518830,0.37330686,0.51869714,0.24734690,0.23395596
1050.000,0.22129132,0.25021352,0.15518830,0.37330686,0.51869714,0.24734690,0.23395596
1051.000,0.22129132,0.25021352,0.15518830,0.37330686,0.51869714,0.24734690,0.23395596
1052.000,0.22129132,0.25021352,0.15518830,0.37330686,0.51869714,0.24734690,0.23395596
1053.000,0.22129132,0.25021352,0.15518830,0.37330686,0.51869714,0.24734690,0.23395596
1054.000,0.22129132,0.25021352,0.15518830,0.37330686,0.51869714,0.24734690,0.23395596
1055.000,0.22129132,0.25021352,0.15518830,0.37330686,0.51869714,0.24734690,0.23395596
1056.000,0.22129132,0.25021352,0.15518830,0.37330686,0.51869714,0.24734690,0.23395596
1057.000,0.22129132,0.25021352,0.15518830,0.37330686,0.51869714,0.24734690,0.23395596
1058.000,0.22129132,0.25021352,0.15518830,0.37330686,0.51869714,0.24734690,0.23395596
1059.000,0.22129132,0.25021352,0.15518830,0.37330686,0.51869714,0.24734690,0.23395596
1060.000,0.22129132,0.25021352,0.15518830,0.37330686,0.51869714,0.24734690,0.23395596
1061.000,0.22129132,0.25021352,0.15518830,0.37330686,0.51869714,0.24734690,0.23395596
1062.000,0.22129132,0.25021352,0.15518830,0.37330686,0.51869714,0.24734690,0.23395596
1063.000,0.22129132,0.25021352,0.15518830,0.37330686,0.51869714,0.24734690,0.23395596
1064.000,0.22129132,0.25021352,0.15518830,0.37330686,0.51869714,0.24734690,0.23395596
1065.000,0.22129132,0.25021352,0.15518830,0.37330686,0.51869714,0.24734690,0.23395596
1066.000,0.22129132,0.25021352,0.15518830,0.37330686,0.51869714,0.24734690,0.23395596
1067.000,0.22129132,0.25021352,0.15518830,0.37330686,0.51869714,0.24734690,0.23395596
1068.000,0.22129132,0.25021352,0.15518830,0.37330686,0.51869714,0.24734690,0.23395596
1069.000,0.22129132,0.25021352,0.15518830,0.37330686,0.51869714,0.24734690,0.23395596
1070.000,0.22129132,0.25021352,0.15518830,0.37330686,0.51869714,0.24734690,0.23395596
1071.000,0.22129132,0.25021352,0.15518830,0.37330686,0.51869714,0.24734690,0.23395596
1072.000,0.22129132,0.25021352,0.15518830,0.37330686,0.51869714,0.24734690,0.23395596
1073.000,0.22129132,0.25021352,0.15518830,0.37330686,0.51869714,0.24734690,0.23395596
1074.000,0.22129132,0.25021352,0.15518830,0.37330686,0.51869714,0.24734690,0.23395596
1075.000,0.22129132,0.25021352,0.15518830,0.37330686,0.51869714,0.24734690,0.23395596
1076.000,0.22129132,0.25021352,0.15518830,0.37330686,0.51869714,0.24734690,0.23395596
1077.000,0.22129132,0.25021352,0.15518830,0.37330686,0.51869714,0.24734690,0.23395596
1078.000,0.22129132,0.25021352,0.15518830,0.37330686,0.51869714,0.24734690,0.23395596
1079.000,0.22129132,0.25021352,0.15518830,0.37330686,0.51869714,0.24734690,0.23395596
1080.000,0.22129132,0.25021352,0.15518830,0.37330686,0.51869714,0.24734690,0.23395596
1081.000,0.22129132,0.25021352,0.15518830,0.37330686,0.51869714,0.24734690,0.23395596
1082.000,0.22129132,0.25021352,0.15518830,0.37330686,0.51869714,0.24734690,0.23395596
1083.000,0.22129132,0.25021352,0.15518830,0.37330686,0.51869714,0.24734690,0.23395596
1084.000,0.22129132,0.25021352,0.15518830,0.37330686,0.51869714,0.24734690,0.23395596
1085.000,0.22129132,0.25021352,0.15518830,0.37330686,0.51869714,0.24734690,0.23395596
1086.000,0.22129132,0.25021352,0.15518830,0.37330686,0.51869714,0.24734690,0.23395596
1087.000,0.22129132,0.25021352,0.15518830,0.37330686,0.51869714,0.24734690,0.23395596
1088.000,0.22129132,0.25021352,0.15518830,0.37330686,0.51869714,0.24734690,0.23395596
1089.000,0.22129132,0.25021352,0.15518830,0.37330686,0.51869714,0.24734690,0.23395596
1090.000,0.22129132,0.25021352,0.15518830,0.37330686,0.51869714,0.24734690,0.23395596
1091.000,0.22129132,0.25021352,0.15518830,0.37330686,0.51869714,0.24734690,0.23395596
1092.000,0.22129132,0.25021352,0.15518830,0.37330686,0.51869714,0.24734690,0.23395596
1093.000,0.22129132,0.25021352,0.15518830,0.37330686,0.51869714,0.24734690,0.23395596
1094.000,0.22129132,0.25021352,0.15518830,0.37330686,0.51869714,0.24734690,0.23395596
1095.000,0.22129132,0.25021352,0.15518830,0.37330686,0.51869714,0.24734690,0.23395596
1096.000,0.22129132,0.25021352,0.15518830,0.37330686,0.51869714,0.24734690,0.23395596
1097.000,0.22129132,0.25021352,0.15518830,0.37330686,0.51869714,0.24734690,0.23395596
1098.000,0.22129132,0.25021352,0.15518830,0.37330686,0.51869714,0.24734690,0.23395596
1099.000,0.22129132,0.25021352,0.15518830,0.37330686,0.51869714,0.24734690,0.23395596
1100.000,0.22129132,0.25021352,0.15518830,0.37330686,0.51869714,0.24734690,0.23395596
1101.000,0.22129132,0.25021352,0.15518830,0.37330686,0.51869714,0.24734690,0.23395596
1102.000,0.22129132,0.25021352,0.15518830,0.37330686,0.51869714,0.24734690,0.23395596
1103.000,0.22129132,0.25021352,0.15518830,0.37330686,0.51869714,0.24734690,0.23395596
1104.000,0.22129132,0.25021352,0.15518830,0.37330686,0.51869714,0.24734690,0.23395596
1105.000,0.22129132,0.25021352,0.15518830,0.37330686,0.51869714,0.24734690,0.23395596
1106.000,0.22129132,0.25021352,0.15518830,0.37330686,0.51869714,0.24734690,0.23395596
1107.000,0.22129132,0.25021352,0.15518830,0.37330686,0.51869714,0.24734690,0.23395596
1108.000,0.22129132,0.25021352,0.15518830,0.37330686,0.51869714,0.24734690,0.23395596
1109.000,0.22129132,0.25021352,0.15518830,0.37330686,0.51869714,0.24734690,0.23395596
1110.000,0.22129132,0.25021352,0.15518830,0.37330686,0.51869714,0.24734690,0.23395596
1111.000,0.22129132,0.25021352,0.15518830,0.37330686,0.51869714,0.24734690,0.23395596
1112.000,0.22129132,0.25021352,0.15518830,0.37330686,0.51869714,0.24734690,0.23395596
1113.000,0.22129132,0.25021352,0.15518830,0.37330686,0.51869714,0.24734690,0.23395596
1114.000,0.22129132,0.25021352,0.15518830,0.37330686,0.51869714,0.24734690,0.23395596
1115.000,0.22129132,0.25021352,0.15518830,0.37330686,0.51869714,0.24734690,0.23395596
1116.000,0.22129132,0.25021352,0.15518830,0.37330686,0.51869714,0.24734690,0.23395596
1117.000,0.22129132,0.25021352,0.15518830,0.37330686,0.51869714,0.24734690,0.23395596
1118.000,0.22129132,0.25021352,0.15518830,0.37330686,0.51869714,0.24734690,0.23395596
1119.000,0.22129132,0.25021352,0.15518830,0.37330686,0.51869714,0.24734690,0.23395596
1120.000,0.22129132,0.25021352,0.15518830,0.37330686,0.51869714,0.24734690,0.23395596
1121.000,0.22129132,0.25021352,0.15518830,0.37330686,0.51869714,0.24734690,0.23395596
1122.000,0.22129132,0.25021352,0.15518830,0.37330686,0.51869714,0.24734690,0.23395596
1123.000,0.22129132,0.25021352,0.15518830,0.37330686,0.51869714,0.24734690,0.23395596
1124.000,0.22129132,0.25021352,0.15518830,0.37330686,0.51869714,0.24734690,0.23395596
1125.000,0.22129132,0.25021352,0.15518830,0.37330686,0.51869714,0.24734690,0.23395596
1126.000,0.22129132,0.25021352,0.15518830,0.37330686,0.51869714,0.24734690,0.23395596
1127.000,0.22129132,0.25021352,0.15518830,0.37330686,0.51869714,0.24734690,0.23395596
1128.000,0.22129132,0.25021352,0.15518830,0.37330686,0.51869714,0.24734690,0.23395596
1129.000,0.22129132,0.25021352,0.15518830,0.37330686,0.51869714,0.24734690,0.23395596
1130.000,0.22129132,0.25021352,0.15518830,0.37330686,0.51869714,0.24734690,0.23395596
1131.000,0.22129132,0.25021352,0.15518830,0.37330686,0.51869714,0.24734690,0.23395596
1132.000,0.22129132,0.25021352,0.15518830,0.37330686,0.51869714,0.24734690,0.23395596
1133.000,0.22129132,0.25021352,0.15518830,0.37330686,0.51869714,0.24734690,0.23395596
1134.000,0.22129132,0.25021352,0.15518830,0.37330686,0.51869714,0.24734690,0.23395596
1135.000,0.22129132,0.25021352,0.15518830,0.37330686,0.51869714,0.24734690,0.23395596
1136.000,0.22129132,0.25021352,0.15518830,0.37330686,0.51869714,0.24734690,0.23395596
1137.000,0.22129132,0.25021352,0.15518830,0.37330686,0.51869714,0.24734690,0.23395596
1138.000,0.22129132,0.25021352,0.15518830,0.37330686,0.51869714,0.24734690,0.23395596
1139.000,0.22129132,0.25021352,0.15518830,0.37330686,0.51869714,0.24734690,0.23395596
1140.000,0.22129132,0.25021352,0.15518830,0.37330686,0.51869714,0.24734690,0.23395596
1141.000,0.22129132,0.25021352,0.15518830,0.37330686,0.51869714,0.24734690,0.23395596
1142.000,0.22129132,0.25021352,0.15518830,0.37330686,0.51869714,0.24734690,0.23395596
1143.000,0.22129132,0.25021352,0.15518830,0.37330686,0.51869714,0.24734690,0.23395596
1144.000,0.22129132,0.25021352,0.15518830,0.37330686,0.51869714,0.24734690,0.23395596
1145.000,0.22129132,0.25021352,0.15518830,0.37330686,0.51869714,0.24734690,0.23395596
1146.000,0.22129132,0.25021352,0.15518830,0.37330686,0.51869714,0.24734690,0.23395596
1147.000,0.22129132,0.25021352,0.15518830,0.37330686,0.51869714,0.24734690,0.23395596
1148.000,0.22129132,0.25021352,0.15518830,0.37330686,0.51869714,0.24734690,0.23395596
1149.000,0.22129132,0.25021352,0.15518830,0.37330686,0.51869714,0.24734690,0.23395596
1150.000,0.22129132,0.25021352,0.15518830,0.37330686,0.51869714,0.24734690,0.23395596
1151.000,0.22129132,0.25021352,0.15518830,0.37330686,0.51869714,0.24734690,0.23395596
1152.000,0.18815884,0.17756710,0.33240942,0.30186464,0.29194162,0.56693588,0.14112250
1153.000,0.20411387,0.17300712,0.33049782,0.29238118,0.32421515,0.51259266,0.16319220
1154.000,0.18249666,0.16653853,0.35265871,0.29830610,0.33614390,0.47820580,0.18565030
1155.000,0.20163016,0.17111974,0.31631211,0.31093800,0.32408589,0.50168615,0.17422796
1156.000,0.16935826,0.18152672,0.35283944,0.29627558,0.31871815,0.52692457,0.15435728
1157.000,0.18753605,0.15145488,0.34047853,0.32053054,0.34597848,0.48138184,0.17263968
1158.000,0.18335291,0.17852369,0.31604552,0.32207787,0.33552226,0.48427685,0.18020089
1159.000,0.17640742,0.16547757,0.35387126,0.30424375,0.32898439,0.50029450,0.17072111
1160.000,0.17304328,0.16894033,0.34944403,0.30857236,0.34712762,0.48513867,0.16773371
1161.000,0.17826628,0.19328908,0.33155101,0.29689363,0.30320537,0.53395981,0.16283482
1162.000,0.20281944,0.16250981,0.32151201,0.31315874,0.33231695,0.50052235,0.16716071
1163.000,0.17523045,0.16849704,0.35772241,0.29855009,0.32760379,0.50821540,0.16418081
1164.000,0.20428507,0.15654464,0.33710708,0.30206320,0.31606449,0.51052501,0.17341051
1165.000,0.20108042,0.16009467,0.33241469,0.30641023,0.31038134,0.52929949,0.16031917
1166.000,0.18821582,0.16816037,0.35022339,0.29340042,0.32911882,0.50370203,0.16717915
1167.000,0.20472508,0.16697619,0.32694087,0.30135786,0.32583151,0.51438729,0.15978120
1168.000,0.17889554,0.17711272,0.32762106,0.31637068,0.30816901,0.52471123,0.16711976
1169.000,0.17351120,0.17980551,0.35499005,0.29169323,0.29960312,0.54622623,0.15417065
1170.000,0.18674875,0.17363261,0.32840508,0.31121356,0.32029572,0.51829888,0.16140540
1171.000,0.18615052,0.17458620,0.31848669,0.32077659,0.33650906,0.50937066,0.15412028
1172.000,0.16910898,0.17333577,0.34343153,0.31412372,0.32890459,0.49064697,0.18044844
1173.000,0.18155937,0.16618651,0.33617199,0.31608214,0.33625141,0.50086240,0.16288619
1174.000,0.18775403,0.16165959,0.35156801,0.29901838,0.33270850,0.48660569,0.18068581
1175.000,0.21232628,0.16928655,0.32328144,0.29510573,0.31652417,0.52436355,0.15911229
1176.000,0.19599335,0.16617953,0.35128667,0.28654045,0.30431689,0.52430355,0.17137956
1177.000,0.20034594,0.16961655,0.33775533,0.29228217,0.29468284,0.54221224,0.16310492
1178.000,0.22288788,0.15622397,0.32125098,0.29963717,0.33622956,0.49931533,0.16445512
1179.000,0.16041031,0.19129911,0.33247087,0.31581971,0.34201119,0.48364271,0.17434610
1180.000,0.18848756,0.16362428,0.34844648,0.29944167,0.32291349,0.50380150,0.17328501
1181.000,0.17312582,0.14363502,0.36247680,0.32076236,0.35380521,0.46311363,0.18308116
1182.000,0.18949103,0.15433602,0.35695712,0.29921583,0.30645244,0.52711776,0.16642980
1183.000,0.19964176,0.16200871,0.31942466,0.31892486,0.31041124,0.52680647,0.16278229
1184.000,0.19261487,0.15818602,0.33857070,0.31062842,0.32904473,0.47781242,0.19314286
1185.000,0.19226963,0.15207994,0.35764473,0.29800570,0.32972523,0.49370064,0.17657413
1186.000,0.17206493,0.17063456,0.33287567,0.32442483,0.34243472,0.48412900,0.17343628
1187.000,0.19329494,0.17641009,0.33597421,0.29432076,0.31945933,0.51729079,0.16324988
1188.000,0.17053477,0.17092765,0.35131762,0.30721996,0.31430465,0.52158811,0.16410724
1189.000,0.20193761,0.17371420,0.34439655,0.27995164,0.31557680,0.52455343,0.15986977
1190.000,0.17998870,0.16264873,0.34299011,0.31437245,0.33363736,0.49284084,0.17352180
1191.000,0.18130099,0.16935059,0.34369472,0.30565370,0.30456627,0.52700559,0.16842814
1192.000,0.21929910,0.16440352,0.31551960,0.30077777,0.33222140,0.49846145,0.16931714
1193.000,0.20355637,0.15557868,0.33242076,0.30844419,0.34859748,0.47200399,0.17939853
1194.000,0.22128656,0.14448595,0.32590909,0.30831841,0.34424580,0.48047190,0.17528229
1195.000,0.19128043,0.16538148,0.33886773,0.30447036,0.32378556,0.50824172,0.16797272
1196.000,0.19008056,0.17184169,0.32558425,0.31249351,0.33310096,0.50838435,0.15851469
1197.000,0.17764190,0.15575059,0.34549599,0.32111152,0.33990791,0.47416824,0.18592385
1198.000,0.19029451,0.15165681,0.34079849,0.31725019,0.33430395,0.50412202,0.16157403
1199.000,0.19403028,0.17848658,0.33145371,0.29602942,0.32012857,0.51272013,0.16715130
1200.000,0.20515923,0.15929666,0.33069974,0.30484437,0.33490646,0.49537844,0.16971510
1201.000,0.18286073,0.15403474,0.34768811,0.31541642,0.32651927,0.50332726,0.17015347
1202.000,0.18264405,0.17189656,0.33129188,0.31416751,0.30194454,0.53745271,0.16060275
1203.000,0.21228363,0.14741640,0.33960750,0.30069246,0.31535451,0.52653525,0.15811025
1204.000,0.18785544,0.17949287,0.32543304,0.30721864,0.31024012,0.53072764,0.15903224
1205.000,0.20202436,0.14735718,0.34504198,0.30557648,0.32315598,0.50418983,0.17265420
1206.000,0.18434642,0.15484072,0.34937769,0.31143517,0.31711720,0.50971250,0.17317030
1207.000,0.18135626,0.17402896,0.35341873,0.29119605,0.32204201,0.50369152,0.17426647
1208.000,0.19905236,0.15028559,0.34109624,0.30956580,0.32478734,0.51605754,0.15915513
1209.000,0.20861301,0.15878738,0.34813197,0.28446764,0.31914032,0.51254259,0.16831710
1210.000,0.17128571,0.17920666,0.33771280,0.31179483,0.34141385,0.47143165,0.18715450
1211.000,0.19181959,0.16713655,0.33964304,0.30140081,0.30931404,0.51926711,0.17141885
1212.000,0.19044031,0.18768495,0.30669358,0.31518116,0.32450287,0.51253403,0.16296310
1213.000,0.17811770,0.16685210,0.34067684,0.31435336,0.34510226,0.49603548,0.15886226
1214.000,0.17932668,0.17846130,0.33948822,0.30272380,0.32147285,0.52362154,0.15490561
1215.000,0.18315039,0.17045276,0.35496538,0.29143148,0.32250452,0.50333344,0.17416204
1216.000,0.20200954,0.12024551,0.34417801,0.33356694,0.42856526,0.40545105,0.16598369
1217.000,0.19372056,0.13574556,0.35500144,0.31553243,0.41040050,0.41175778,0.17784173
1218.000,0.21754970,0.11307462,0.34852975,0.32084593,0.42163456,0.40085139,0.17751405
1219.000,0.20383823,0.13819314,0.34237571,0.31559291,0.40878487,0.40663021,0.18458492
1220.000,0.19953172,0.11792355,0.35015827,0.33238645,0.44856873,0.38403913,0.16739213
1221.000,0.20437578,0.12358384,0.33985755,0.33218283,0.44363044,0.38823396,0.16813560
1222.000,0.20071532,0.13837557,0.35090137,0.31000773,0.40425975,0.41897917,0.17676108
1223.000,0.22619987,0.12366467,0.34043330,0.30970216,0.42841067,0.39570209,0.17588723
1224.000,0.18316491,0.14656598,0.37180426,0.29846484,0.41049913,0.42592044,0.16358043
1225.000,0.18981913,0.12854381,0.35532053,0.32631654,0.41944086,0.39995082,0.18060832
1226.000,0.18078275,0.13073567,0.35792859,0.33055299,0.43721368,0.39301064,0.16977568
1227.000,0.19865820,0.12542331,0.36203438,0.31388411,0.42334889,0.39873358,0.17791754
1228.000,0.18917730,0.14436555,0.35240655,0.31405061,0.42018195,0.41008394,0.16973412
1229.000,0.21103747,0.12976426,0.35528804,0.30391023,0.39904425,0.41705541,0.18390034
1230.000,0.19713216,0.11276653,0.34963001,0.34047131,0.45655760,0.38085493,0.16258747
1231.000,0.19842445,0.11582097,0.37215281,0.31360177,0.44640840,0.37374625,0.17984535
1232.000,0.21610119,0.12727543,0.33163681,0.32498656,0.42866964,0.39348755,0.17784281
1233.000,0.21172016,0.13584307,0.33776065,0.31467612,0.41035946,0.42251605,0.16712449
1234.000,0.18869815,0.13632459,0.35166543,0.32331183,0.42630185,0.39682703,0.17687113
1235.000,0.20927592,0.11775701,0.31962334,0.35334373,0.46533351,0.35181560,0.18285089
1236.000,0.18556646,0.14015204,0.34793306,0.32634844,0.40753287,0.41678824,0.17567889
1237.000,0.19678281,0.12643005,0.35282408,0.32396306,0.40631224,0.42378465,0.16990311
1238.000,0.20112481,0.12381656,0.34834148,0.32671715,0.43613543,0.37811149,0.18575307
1239.000,0.20580392,0.11819038,0.36563662,0.31036908,0.43769444,0.38257774,0.17972782
1240.000,0.19546352,0.11811265,0.36737339,0.31905045,0.42510292,0.40462905,0.17026803
1241.000,0.20718546,0.11990279,0.34503359,0.32787816,0.42963400,0.40656400,0.16380200
1242.000,0.20457113,0.11214482,0.36395393,0.31933012,0.44858507,0.36633400,0.18508093
1243.000,0.19403061,0.13557679,0.33940000,0.33099260,0.42391838,0.40260432,0.17347730
1244.000,0.22116105,0.12433928,0.34696189,0.30753779,0.41935515,0.40495597,0.17568888
1245.000,0.19028687,0.14230154,0.35292016,0.31449143,0.41500258,0.41600116,0.16899625
1246.000,0.21302765,0.11993488,0.34966125,0.31737622,0.42059055,0.39355877,0.18585068
1247.000,0.20993070,0.10769071,0.36633935,0.31603924,0.45438526,0.36832894,0.17728580
1248.000,0.17772931,0.11969248,0.36813610,0.33444211,0.44431582,0.38303140,0.17265279
1249.000,0.20970949,0.14223966,0.33768511,0.31036574,0.42836696,0.39741015,0.17422290
1250.000,0.20313909,0.11181611,0.36024248,0.32480232,0.42793667,0.40355678,0.16850655
1251.000,0.19153457,0.14371770,0.34906541,0.31568232,0.39517787,0.42945616,0.17536597
1252.000,0.20849838,0.13212552,0.34727888,0.31209722,0.38176951,0.44578696,0.17244353
1253.000,0.23885253,0.12709484,0.32616680,0.30788584,0.41961773,0.41717945,0.16320282
1254.000,0.18888807,0.13971835,0.36139428,0.30999930,0.40753146,0.42516244,0.16730609
1255.000,0.20549183,0.13385552,0.35454486,0.30610779,0.40490429,0.41522176,0.17987396
1256.000,0.19694263,0.12367652,0.35814441,0.32123644,0.41573725,0.40382831,0.18043445
1257.000,0.19421660,0.14697022,0.37425224,0.28456095,0.39724355,0.43126092,0.17149553
1258.000,0.21589922,0.12660531,0.32574688,0.33174858,0.43033964,0.38532592,0.18433444
1259.000,0.19691957,0.10415101,0.37485561,0.32407381,0.44462826,0.37392954,0.18144220
1260.000,0.21572117,0.13269061,0.33869911,0.31288911,0.41139764,0.41478136,0.17382100
1261.000,0.20359117,0.12565326,0.35215967,0.31859590,0.42698147,0.40498105,0.16803748
1262.000,0.21828345,0.13792539,0.32404686,0.31974430,0.42827437,0.39350105,0.17822458
1263.000,0.20336919,0.11135969,0.34666324,0.33860788,0.42921505,0.40284513,0.16793982
1264.000,0.21634684,0.11318351,0.35673289,0.31373677,0.42150734,0.39001152,0.18848114
1265.000,0.22402345,0.14042283,0.32228301,0.31327071,0.42396905,0.39688922,0.17914173
1266.000,0.22778601,0.10901820,0.34950249,0.31369330,0.44790457,0.37736557,0.17472986
1267.000,0.19946596,0.13877955,0.33830201,0.32345247,0.41825713,0.40683494,0.17490793
1268.000,0.19462118,0.11433032,0.36566908,0.32537942,0.46160281,0.35235146,0.18604573
1269.000,0.20204617,0.13658962,0.34260415,0.31876006,0.41865351,0.40886806,0.17247843
1270.000,0.24022580,0.10017352,0.37476387,0.28483680,0.42516685,0.41834032,0.15649283
1271.000,0.22304755,0.12596541,0.34491346,0.30607358,0.43493463,0.40443623,0.16062914
1272.000,0.22701230,0.10521658,0.34962860,0.31814251,0.45592844,0.36780470,0.17626686
1273.000,0.20016026,0.10891501,0.37461144,0.31631328,0.42845539,0.39438084,0.17716377
1274.000,0.21054045,0.13513535,0.33864866,0.31567554,0.41302954,0.40882703,0.17814343
1275.000,0.20370089,0.13193699,0.34816190,0.31620021,0.40514757,0.41482774,0.18002469
1276.000,0.19295122,0.11948366,0.36931544,0.31824969,0.42717027,0.41104132,0.16178841
1277.000,0.21279614,0.13919220,0.32095390,0.32705776,0.42967728,0.40156755,0.16875517
1278.000,0.19852504,0.13861787,0.34500922,0.31784787,0.41391565,0.40410632,0.18197804
1279.000,0.20136015,0.12630589,0.35442948,0.31790448,0.41268871,0.42990383,0.15740746
1280.000,0.13408516,0.43214119,0.19926180,0.23451185,0.22500618,0.50203550,0.27295833
1281.000,0.13705356,0.46651128,0.19004351,0.20639165,0.22746275,0.52594658,0.24659067
1282.000,0.13452419,0.46634227,0.17897450,0.22015904,0.22915182,0.53586941,0.23497877
1283.000,0.13464855,0.48253804,0.17488494,0.20792847,0.21664423,0.54859339,0.23476238
1284.000,0.11648597,0.50462958,0.17535449,0.20352996,0.21272989,0.53825516,0.24901495
1285.000,0.12951358,0.50046071,0.17425377,0.19577195,0.21870513,0.53755699,0.24373788
1286.000,0.11912186,0.49113318,0.18423320,0.20551177,0.22386230,0.50553339,0.27060431
1287.000,0.12435801,0.48378025,0.18197074,0.20989100,0.21193161,0.52537060,0.26269780
1288.000,0.11664526,0.49660516,0.17623922,0.21051036,0.21088518,0.51799681,0.27111801
1289.000,0.09824570,0.51763279,0.16668555,0.21743596,0.22742946,0.49501357,0.27755696
1290.000,0.13747215,0.45360362,0.18898008,0.21994415,0.23434603,0.49191277,0.27374120
1291.000,0.12587846,0.46814062,0.19038653,0.21559439,0.22193529,0.49835802,0.27970668
1292.000,0.14376303,0.44670753,0.19497221,0.21455723,0.22747114,0.53303349,0.23949537
1293.000,0.12136582,0.48084403,0.17831750,0.21947265,0.21793090,0.55613842,0.22593067
1294.000,0.12756991,0.47693461,0.18154312,0.21395235,0.22782401,0.51780384,0.25437215
1295.000,0.10798087,0.51377298,0.17444258,0.20380357,0.21491528,0.53944672,0.24563800
1296.000,0.11554075,0.50764673,0.17065312,0.20615941,0.22208660,0.53579823,0.24211517
1297.000,0.15828842,0.43105203,0.18939900,0.22126055,0.23089678,0.52501495,0.24408827
1298.000,0.10362058,0.51271364,0.17386639,0.20979939,0.21507502,0.51725070,0.26767428
1299.000,0.11818966,0.48097744,0.17133984,0.22949306,0.21883894,0.51637237,0.26478869
1300.000,0.13800189,0.47657711,0.17546406,0.20995695,0.21932436,0.54158826,0.23908738
1301.000,0.14055165,0.48280040,0.17603202,0.20061593,0.22866178,0.53808879,0.23324944
1302.000,0.12994109,0.45974140,0.18805249,0.22226502,0.22024138,0.50818557,0.27157305
1303.000,0.13048909,0.46292741,0.19195663,0.21462687,0.23715117,0.49757267,0.26527616
1304.000,0.14039211,0.45992173,0.18533718,0.21434898,0.22458079,0.53305503,0.24236417
1305.000,0.11666521,0.52265715,0.17575606,0.18492158,0.20983513,0.59529988,0.19486498
1306.000,0.12048980,0.47556255,0.17579485,0.22815280,0.22255937,0.49517564,0.28226499
1307.000,0.16137224,0.43634418,0.19394942,0.20833417,0.20761522,0.53483051,0.25755427
1308.000,0.13551779,0.46132062,0.18923605,0.21392554,0.22659324,0.51633534,0.25707142
1309.000,0.10585577,0.49972617,0.18229772,0.21212034,0.22839701,0.46654579,0.30505720
1310.000,0.11117942,0.51940189,0.16026843,0.20915025,0.21617402,0.54329229,0.24053369
1311.000,0.14271045,0.46094782,0.18510269,0.21123905,0.21002248,0.53758825,0.25238926
1312.000,0.10478514,0.52925196,0.17054231,0.19542060,0.22791425,0.50828020,0.26380554
1313.000,0.12357598,0.49023284,0.18344331,0.20274787,0.21518989,0.56570007,0.21911004
1314.000,0.12972052,0.46421671,0.18808299,0.21797979,0.22770169,0.50231497,0.26998334
1315.000,0.11668057,0.50376019,0.17499071,0.20456853,0.21379764,0.51017305,0.27602931
1316.000,0.12722386,0.49056211,0.17668942,0.20552461,0.20984642,0.54093720,0.24921638
1317.000,0.11257105,0.51704012,0.17195260,0.19843623,0.21188426,0.54546198,0.24265376
1318.000,0.12750482,0.47550284,0.18956091,0.20743143,0.22306739,0.46387370,0.31305891
1319.000,0.13269926,0.48146172,0.18065895,0.20518007,0.21123357,0.53346317,0.25530326
1320.000,0.12251677,0.48817672,0.17780444,0.21150207,0.22606078,0.54966690,0.22427232
1321.000,0.14228850,0.46438011,0.18623997,0.20709143,0.21552833,0.52239819,0.26207348
1322.000,0.14103690,0.47710399,0.16737467,0.21448444,0.20227142,0.57872893,0.21899965
1323.000,0.14092359,0.47509469,0.18022456,0.20375716,0.19673804,0.60197332,0.20128863
1324.000,0.12902977,0.47608501,0.18600882,0.20887640,0.21742039,0.50653715,0.27604246
1325.000,0.11076852,0.50794477,0.16875401,0.21253269,0.22919331,0.53379639,0.23701030
1326.000,0.14580200,0.44484268,0.19797080,0.21138453,0.22619673,0.52517569,0.24862758
1327.000,0.15158634,0.43184192,0.20102002,0.21555172,0.23811282,0.52577124,0.23611594
1328.000,0.12790438,0.47186797,0.18375183,0.21647582,0.22556061,0.51516578,0.25927361
1329.000,0.10203238,0.51116944,0.17177380,0.21502438,0.22123174,0.50146908,0.27729917
1330.000,0.13145719,0.47576801,0.18130434,0.21147046,0.21336323,0.51116204,0.27547474
1331.000,0.13237796,0.46029539,0.18361312,0.22371353,0.22910044,0.50297273,0.26792683
1332.000,0.12328476,0.47517324,0.18637649,0.21516550,0.22077713,0.52536040,0.25386247
1333.000,0.15876352,0.46165916,0.18032777,0.19924955,0.20446434,0.56639295,0.22914271
1334.000,0.13768294,0.47988133,0.17581853,0.20661720,0.22373350,0.54890894,0.22735756
1335.000,0.13502955,0.45963035,0.18814475,0.21719535,0.21604857,0.53208632,0.25186511
1336.000,0.11497230,0.48504394,0.18031865,0.21966511,0.22313102,0.49825757,0.27861141
1337.000,0.12338623,0.49155695,0.17656150,0.20849532,0.21655186,0.54314137,0.24030677
1338.000,0.13600795,0.47155151,0.18718423,0.20525631,0.21266155,0.50195679,0.28538166
1339.000,0.12315845,0.45337051,0.19494568,0.22852536,0.23763965,0.48362877,0.27873158
1340.000,0.12357404,0.48621664,0.19066643,0.19954289,0.22156394,0.47834826,0.30008781
1341.000,0.14100949,0.46116164,0.18750021,0.21032866,0.22319018,0.53477190,0.24203792
1342.000,0.14202500,0.44642548,0.19026943,0.22128008,0.21047869,0.55626083,0.23326047
1343.000,0.12821631,0.47293489,0.17981240,0.21903639,0.21917424,0.51961012,0.26121563
1344.000,0.15836099,0.38283508,0.21397632,0.24482761,0.24642622,0.58083189,0.17274189
1345.000,0.14823301,0.39009374,0.22501739,0.23665586,0.26325162,0.51091930,0.22582908
1346.000,0.17734127,0.33270194,0.22992170,0.26003510,0.28059704,0.52092111,0.19848185
1347.000,0.12414181,0.42253516,0.20576384,0.24755919,0.25880303,0.50982358,0.23137339
1348.000,0.15198797,0.38477312,0.22734291,0.23589600,0.26082736,0.50467442,0.23449822
1349.000,0.18529035,0.32422348,0.23381594,0.25667022,0.27264557,0.55395683,0.17339760
1350.000,0.16059463,0.35894772,0.22834786,0.25210979,0.29429372,0.47123007,0.23447621
1351.000,0.15674726,0.37146534,0.22640680,0.24538060,0.26701535,0.48948862,0.24349603
1352.000,0.14935373,0.39041719,0.21213732,0.24809176,0.26493235,0.48970428,0.24536337
1353.000,0.13258261,0.40521435,0.22156653,0.24063650,0.27407688,0.49294046,0.23298265
1354.000,0.15190174,0.39023280,0.21662685,0.24123861,0.27399062,0.51567397,0.21033540
1355.000,0.17778906,0.33478742,0.23657558,0.25084794,0.27962294,0.50900258,0.21137449
1356.000,0.18485940,0.33796734,0.23142979,0.24574348,0.27014666,0.54119275,0.18866059
1357.000,0.17600174,0.34328444,0.23988165,0.24083217,0.27152453,0.50665656,0.22181891
1358.000,0.17274953,0.33928415,0.23445785,0.25350847,0.27838467,0.46689322,0.25472210
1359.000,0.15194955,0.40009449,0.21334208,0.23461388,0.26881365,0.55780219,0.17338416
1360.000,0.16452765,0.36130990,0.22655425,0.24760820,0.28087617,0.49753572,0.22158812
1361.000,0.16980196,0.33413529,0.22890023,0.26716253,0.29249803,0.45546256,0.25203942
1362.000,0.15217036,0.38005002,0.22848120,0.23929842,0.27626546,0.50026824,0.22346630
1363.000,0.14018919,0.39401991,0.21777181,0.24801909,0.26330066,0.51422132,0.22247803
1364.000,0.18499935,0.31384177,0.22813585,0.27302303,0.30310316,0.45856824,0.23832860
1365.000,0.16625218,0.33651543,0.24410761,0.25312478,0.28406079,0.46956302,0.24637619
1366.000,0.15665952,0.37273034,0.22066276,0.24994738,0.26941497,0.51457333,0.21601170
1367.000,0.15109474,0.39459834,0.21814949,0.23615742,0.26696528,0.50774556,0.22528916
1368.000,0.15231680,0.39409766,0.21330297,0.24028257,0.25084401,0.51031330,0.23884269
1369.000,0.16528329,0.34779193,0.23035848,0.25656630,0.29127946,0.47620865,0.23251189
1370.000,0.17186982,0.36258666,0.22165781,0.24388570,0.27012961,0.52051355,0.20935684
1371.000,0.14512517,0.39165567,0.21219473,0.25102443,0.27729613,0.45539280,0.26731107
1372.000,0.18063806,0.33325219,0.22764588,0.25846387,0.29448636,0.47042935,0.23508428
1373.000,0.14168485,0.39809161,0.20795913,0.25226441,0.29163915,0.45482412,0.25353672
1374.000,0.17893913,0.31737891,0.24887285,0.25480911,0.29992366,0.45039012,0.24968623
1375.000,0.15921237,0.35988492,0.22095749,0.25994522,0.28511126,0.46601863,0.24887011
1376.000,0.17685016,0.33806083,0.23192001,0.25316900,0.27567152,0.50850175,0.21582673
1377.000,0.19112381,0.28125588,0.25048407,0.27713623,0.31426991,0.44416070,0.24156939
1378.000,0.15667338,0.38592759,0.21872738,0.23867164,0.25625870,0.50848504,0.23525626
1379.000,0.15748648,0.36487577,0.23080252,0.24683522,0.26501849,0.53666832,0.19831319
1380.000,0.13960629,0.40704404,0.21402800,0.23932167,0.26975197,0.50533380,0.22491423
1381.000,0.14192319,0.38822592,0.22397136,0.24587953,0.26134360,0.51597312,0.22268328
1382.000,0.17370046,0.35363620,0.22387464,0.24878870,0.28920936,0.47463828,0.23615236
1383.000,0.15188870,0.38714664,0.21814568,0.24281897,0.28812999,0.48734786,0.22452215
1384.000,0.16095383,0.37161229,0.21660068,0.25083321,0.27887019,0.50118538,0.21994443
1385.000,0.12742296,0.42307899,0.21204525,0.23745279,0.27780882,0.49372195,0.22846922
1386.000,0.15099189,0.39484728,0.21362233,0.24053851,0.27321714,0.49835273,0.22843013
1387.000,0.18356785,0.34040418,0.21695453,0.25907345,0.27187780,0.53828519,0.18983701
1388.000,0.17317282,0.34329918,0.23064135,0.25288665,0.27312616,0.50766180,0.21921204
1389.000,0.14527982,0.39448970,0.21406265,0.24616783,0.26526170,0.49008774,0.24465055
1390.000,0.16004043,0.35659461,0.21798002,0.26538494,0.28266640,0.46734542,0.24998818
1391.000,0.14864272,0.38553377,0.21923329,0.24659022,0.27187184,0.53119223,0.19693593
1392.000,0.15913999,0.36753723,0.21336692,0.25995586,0.26659165,0.49206868,0.24133966
1393.000,0.15981216,0.32730892,0.24145688,0.27142204,0.29629723,0.44770861,0.25599416
1394.000,0.17426839,0.35197312,0.22996769,0.24379081,0.26848604,0.53236142,0.19915254
1395.000,0.17624854,0.33114343,0.22590922,0.26669881,0.29527981,0.48700675,0.21771344
1396.000,0.15794019,0.35981872,0.21928396,0.26295713,0.29237160,0.47226499,0.23536341
1397.000,0.17113788,0.32875225,0.22092043,0.27918944,0.29579483,0.45144140,0.25276378
1398.000,0.17291359,0.32370355,0.23275515,0.27062771,0.31077018,0.42859653,0.26063329
1399.000,0.18492386,0.33743993,0.23602209,0.24161412,0.27169694,0.52961930,0.19868376
1400.000,0.17409998,0.33426089,0.23457639,0.25706275,0.28358324,0.48427760,0.23213915
1401.000,0.17608904,0.35112869,0.23038792,0.24239435,0.27341252,0.52069233,0.20589515
1402.000,0.14349978,0.38248811,0.20660427,0.26740785,0.27774391,0.49397400,0.22828209
1403.000,0.16392721,0.37101359,0.22960369,0.23545551,0.26538036,0.55102335,0.18359629
1404.000,0.17132171,0.33400800,0.23421256,0.26045773,0.27752942,0.50660408,0.21586650
1405.000,0.15359037,0.37521969,0.22589142,0.24529852,0.27042979,0.50566405,0.22390616
1406.000,0.18881083,0.35473968,0.22521540,0.23123410,0.26358353,0.54799249,0.18842398
1407.000,0.18845664,0.31005172,0.24044212,0.26104952,0.28501697,0.50022922,0.21475380
1408.000,0.11325876,0.50945746,0.18813588,0.18914790,0.24641999,0.52043414,0.23314587
